gx,gy,gz,bx,by,bz,gpuId,smefficiency 
1,1,128,32,1,1,0,13.07 
1,2,64,32,1,1,0,13.48 
1,4,32,32,1,1,0,12.81 
1,8,16,32,1,1,0,13.48 
1,16,8,32,1,1,0,13.52 
1,32,4,32,1,1,0,13.71 
1,64,2,32,1,1,0,13.56 
1,128,1,32,1,1,0,13.49 
2,1,64,32,1,1,0,13.46 
2,2,32,32,1,1,0,13.14 
2,4,16,32,1,1,0,13.19 
2,8,8,32,1,1,0,13.25 
2,16,4,32,1,1,0,13.07 
2,32,2,32,1,1,0,13.2 
2,64,1,32,1,1,0,13.17 
4,1,32,32,1,1,0,13.48 
4,2,16,32,1,1,0,13.22 
4,4,8,32,1,1,0,13.2 
4,8,4,32,1,1,0,13.16 
4,16,2,32,1,1,0,13.16 
4,32,1,32,1,1,0,13.16 
8,1,16,32,1,1,0,13.46 
8,2,8,32,1,1,0,13.23 
8,4,4,32,1,1,0,13.22 
8,8,2,32,1,1,0,13.19 
8,16,1,32,1,1,0,13.13 
16,1,8,32,1,1,0,13.48 
16,2,4,32,1,1,0,13.21 
16,4,2,32,1,1,0,13.61 
16,8,1,32,1,1,0,13.16 
32,1,4,32,1,1,0,13.46 
32,2,2,32,1,1,0,13.24 
32,4,1,32,1,1,0,13.49 
64,1,2,32,1,1,0,12.83 
64,2,1,32,1,1,0,12.98 
128,1,1,32,1,1,0,12.99 
1,1,64,64,1,1,0,10.5 
1,2,32,64,1,1,0,9.39 
1,4,16,64,1,1,0,9.37 
1,8,8,64,1,1,0,9.38 
1,16,4,64,1,1,0,9.37 
1,32,2,64,1,1,0,9.39 
1,64,1,64,1,1,0,9.44 
2,1,32,64,1,1,0,9.33 
2,2,16,64,1,1,0,9.17 
2,4,8,64,1,1,0,9.11 
2,8,4,64,1,1,0,9.11 
2,16,2,64,1,1,0,9.13 
2,32,1,64,1,1,0,9.07 
4,1,16,64,1,1,0,9.3 
4,2,8,64,1,1,0,9.09 
4,4,4,64,1,1,0,9.24 
4,8,2,64,1,1,0,9.14 
4,16,1,64,1,1,0,9.17 
8,1,8,64,1,1,0,9.32 
8,2,4,64,1,1,0,9.15 
8,4,2,64,1,1,0,9.53 
8,8,1,64,1,1,0,9.01 
16,1,4,64,1,1,0,9.61 
16,2,2,64,1,1,0,8.99 
16,4,1,64,1,1,0,9.35 
32,1,2,64,1,1,0,9.52 
32,2,1,64,1,1,0,9.23 
64,1,1,64,1,1,0,8.93 
1,1,32,128,1,1,0,9.5 
1,2,16,128,1,1,0,9.57 
1,4,8,128,1,1,0,9.61 
1,8,4,128,1,1,0,9.6 
1,16,2,128,1,1,0,9.51 
1,32,1,128,1,1,0,9.45 
2,1,16,128,1,1,0,9.26 
2,2,8,128,1,1,0,9.69 
2,4,4,128,1,1,0,9.29 
2,8,2,128,1,1,0,9.31 
2,16,1,128,1,1,0,9.25 
4,1,8,128,1,1,0,10.13 
4,2,4,128,1,1,0,9.38 
4,4,2,128,1,1,0,9.28 
4,8,1,128,1,1,0,9.88 
8,1,4,128,1,1,0,9.56 
8,2,2,128,1,1,0,9.8 
8,4,1,128,1,1,0,9.06 
16,1,2,128,1,1,0,9.51 
16,2,1,128,1,1,0,9.29 
32,1,1,128,1,1,0,9.22 
1,1,16,256,1,1,0,6.74 
1,2,8,256,1,1,0,6.78 
1,4,4,256,1,1,0,6.49 
1,8,2,256,1,1,0,6.77 
1,16,1,256,1,1,0,6.83 
2,1,8,256,1,1,0,6.78 
2,2,4,256,1,1,0,6.92 
2,4,2,256,1,1,0,6.69 
2,8,1,256,1,1,0,6.53 
4,1,4,256,1,1,0,6.83 
4,2,2,256,1,1,0,6.67 
4,4,1,256,1,1,0,6.46 
8,1,2,256,1,1,0,6.77 
8,2,1,256,1,1,0,6.61 
16,1,1,256,1,1,0,6.45 
1,1,8,512,1,1,0,4.72 
1,2,4,512,1,1,0,4.78 
1,4,2,512,1,1,0,4.9 
1,8,1,512,1,1,0,4.88 
2,1,4,512,1,1,0,5.04 
2,2,2,512,1,1,0,4.85 
2,4,1,512,1,1,0,4.81 
4,1,2,512,1,1,0,4.87 
4,2,1,512,1,1,0,4.84 
8,1,1,512,1,1,0,4.81 
1,1,4,1024,1,1,0,3.16 
1,2,2,1024,1,1,0,3.94 
1,4,1,1024,1,1,0,3.92 
2,1,2,1024,1,1,0,3.91 
2,2,1,1024,1,1,0,3.83 
4,1,1,1024,1,1,0,3.8 
1,1,128,16,2,1,0,12.71 
1,2,64,16,2,1,0,12.89 
1,4,32,16,2,1,0,12.85 
1,8,16,16,2,1,0,12.87 
1,16,8,16,2,1,0,13.08 
1,32,4,16,2,1,0,13.27 
1,64,2,16,2,1,0,12.93 
1,128,1,16,2,1,0,12.85 
2,1,64,16,2,1,0,13.18 
2,2,32,16,2,1,0,13.02 
2,4,16,16,2,1,0,13.01 
2,8,8,16,2,1,0,13.0 
2,16,4,16,2,1,0,13.24 
2,32,2,16,2,1,0,12.98 
2,64,1,16,2,1,0,13.17 
4,1,32,16,2,1,0,12.91 
4,2,16,16,2,1,0,13.52 
4,4,8,16,2,1,0,13.26 
4,8,4,16,2,1,0,13.42 
4,16,2,16,2,1,0,13.47 
4,32,1,16,2,1,0,13.46 
8,1,16,16,2,1,0,13.36 
8,2,8,16,2,1,0,12.99 
8,4,4,16,2,1,0,13.07 
8,8,2,16,2,1,0,13.18 
8,16,1,16,2,1,0,13.39 
16,1,8,16,2,1,0,13.58 
16,2,4,16,2,1,0,13.52 
16,4,2,16,2,1,0,13.54 
16,8,1,16,2,1,0,13.09 
32,1,4,16,2,1,0,13.38 
32,2,2,16,2,1,0,13.29 
32,4,1,16,2,1,0,13.58 
64,1,2,16,2,1,0,13.5 
64,2,1,16,2,1,0,13.53 
128,1,1,16,2,1,0,13.38 
1,1,64,32,2,1,0,9.58 
1,2,32,32,2,1,0,9.64 
1,4,16,32,2,1,0,9.17 
1,8,8,32,2,1,0,11.1 
1,16,4,32,2,1,0,9.6 
1,32,2,32,2,1,0,9.48 
1,64,1,32,2,1,0,9.55 
2,1,32,32,2,1,0,9.57 
2,2,16,32,2,1,0,9.43 
2,4,8,32,2,1,0,9.8 
2,8,4,32,2,1,0,9.75 
2,16,2,32,2,1,0,9.77 
2,32,1,32,2,1,0,9.6 
4,1,16,32,2,1,0,9.25 
4,2,8,32,2,1,0,9.71 
4,4,4,32,2,1,0,9.61 
4,8,2,32,2,1,0,9.71 
4,16,1,32,2,1,0,9.55 
8,1,8,32,2,1,0,9.43 
8,2,4,32,2,1,0,9.73 
8,4,2,32,2,1,0,9.71 
8,8,1,32,2,1,0,9.56 
16,1,4,32,2,1,0,9.51 
16,2,2,32,2,1,0,9.7 
16,4,1,32,2,1,0,9.59 
32,1,2,32,2,1,0,9.49 
32,2,1,32,2,1,0,9.47 
64,1,1,32,2,1,0,9.44 
1,1,32,64,2,1,0,10.88 
1,2,16,64,2,1,0,10.57 
1,4,8,64,2,1,0,9.43 
1,8,4,64,2,1,0,9.69 
1,16,2,64,2,1,0,9.39 
1,32,1,64,2,1,0,9.15 
2,1,16,64,2,1,0,9.5 
2,2,8,64,2,1,0,9.71 
2,4,4,64,2,1,0,9.7 
2,8,2,64,2,1,0,9.87 
2,16,1,64,2,1,0,10.22 
4,1,8,64,2,1,0,9.57 
4,2,4,64,2,1,0,9.8 
4,4,2,64,2,1,0,9.82 
4,8,1,64,2,1,0,9.36 
8,1,4,64,2,1,0,9.52 
8,2,2,64,2,1,0,9.76 
8,4,1,64,2,1,0,9.82 
16,1,2,64,2,1,0,9.48 
16,2,1,64,2,1,0,9.57 
32,1,1,64,2,1,0,9.44 
1,1,16,128,2,1,0,6.8 
1,2,8,128,2,1,0,6.58 
1,4,4,128,2,1,0,6.75 
1,8,2,128,2,1,0,6.75 
1,16,1,128,2,1,0,6.74 
2,1,8,128,2,1,0,6.74 
2,2,4,128,2,1,0,6.88 
2,4,2,128,2,1,0,6.66 
2,8,1,128,2,1,0,6.8 
4,1,4,128,2,1,0,6.76 
4,2,2,128,2,1,0,7.26 
4,4,1,128,2,1,0,6.8 
8,1,2,128,2,1,0,6.77 
8,2,1,128,2,1,0,6.77 
16,1,1,128,2,1,0,6.74 
1,1,8,256,2,1,0,4.74 
1,2,4,256,2,1,0,4.79 
1,4,2,256,2,1,0,4.94 
1,8,1,256,2,1,0,4.88 
2,1,4,256,2,1,0,4.89 
2,2,2,256,2,1,0,4.9 
2,4,1,256,2,1,0,4.91 
4,1,2,256,2,1,0,4.9 
4,2,1,256,2,1,0,4.91 
8,1,1,256,2,1,0,4.86 
1,1,4,512,2,1,0,3.94 
1,2,2,512,2,1,0,3.9 
1,4,1,512,2,1,0,3.93 
2,1,2,512,2,1,0,3.93 
2,2,1,512,2,1,0,3.94 
4,1,1,512,2,1,0,3.89 
1,1,128,8,4,1,0,13.14 
1,2,64,8,4,1,0,13.37 
1,4,32,8,4,1,0,13.43 
1,8,16,8,4,1,0,13.4 
1,16,8,8,4,1,0,13.5 
1,32,4,8,4,1,0,13.49 
1,64,2,8,4,1,0,13.44 
1,128,1,8,4,1,0,13.35 
2,1,64,8,4,1,0,13.43 
2,2,32,8,4,1,0,13.64 
2,4,16,8,4,1,0,13.71 
2,8,8,8,4,1,0,13.63 
2,16,4,8,4,1,0,13.99 
2,32,2,8,4,1,0,13.69 
2,64,1,8,4,1,0,13.54 
4,1,32,8,4,1,0,13.48 
4,2,16,8,4,1,0,14.15 
4,4,8,8,4,1,0,13.75 
4,8,4,8,4,1,0,13.65 
4,16,2,8,4,1,0,13.66 
4,32,1,8,4,1,0,13.54 
8,1,16,8,4,1,0,13.47 
8,2,8,8,4,1,0,13.7 
8,4,4,8,4,1,0,13.61 
8,8,2,8,4,1,0,13.66 
8,16,1,8,4,1,0,13.55 
16,1,8,8,4,1,0,13.46 
16,2,4,8,4,1,0,13.67 
16,4,2,8,4,1,0,13.67 
16,8,1,8,4,1,0,13.56 
32,1,4,8,4,1,0,13.49 
32,2,2,8,4,1,0,13.71 
32,4,1,8,4,1,0,13.59 
64,1,2,8,4,1,0,13.5 
64,2,1,8,4,1,0,13.5 
128,1,1,8,4,1,0,13.78 
1,1,64,16,4,1,0,10.3 
1,2,32,16,4,1,0,9.5 
1,4,16,16,4,1,0,9.49 
1,8,8,16,4,1,0,9.48 
1,16,4,16,4,1,0,9.43 
1,32,2,16,4,1,0,9.43 
1,64,1,16,4,1,0,9.46 
2,1,32,16,4,1,0,9.6 
2,2,16,16,4,1,0,9.72 
2,4,8,16,4,1,0,9.7 
2,8,4,16,4,1,0,9.7 
2,16,2,16,4,1,0,9.65 
2,32,1,16,4,1,0,9.56 
4,1,16,16,4,1,0,9.44 
4,2,8,16,4,1,0,9.7 
4,4,4,16,4,1,0,9.68 
4,8,2,16,4,1,0,9.71 
4,16,1,16,4,1,0,9.6 
8,1,8,16,4,1,0,9.5 
8,2,4,16,4,1,0,9.67 
8,4,2,16,4,1,0,9.66 
8,8,1,16,4,1,0,9.59 
16,1,4,16,4,1,0,9.5 
16,2,2,16,4,1,0,9.72 
16,4,1,16,4,1,0,10.44 
32,1,2,16,4,1,0,9.93 
32,2,1,16,4,1,0,9.57 
64,1,1,16,4,1,0,9.46 
1,1,32,32,4,1,0,9.53 
1,2,16,32,4,1,0,9.54 
1,4,8,32,4,1,0,9.43 
1,8,4,32,4,1,0,9.46 
1,16,2,32,4,1,0,9.49 
1,32,1,32,4,1,0,9.42 
2,1,16,32,4,1,0,9.48 
2,2,8,32,4,1,0,9.72 
2,4,4,32,4,1,0,9.71 
2,8,2,32,4,1,0,10.07 
2,16,1,32,4,1,0,9.56 
4,1,8,32,4,1,0,9.56 
4,2,4,32,4,1,0,9.7 
4,4,2,32,4,1,0,9.72 
4,8,1,32,4,1,0,9.54 
8,1,4,32,4,1,0,9.49 
8,2,2,32,4,1,0,9.67 
8,4,1,32,4,1,0,9.6 
16,1,2,32,4,1,0,9.5 
16,2,1,32,4,1,0,9.56 
32,1,1,32,4,1,0,9.4 
1,1,16,64,4,1,0,6.8 
1,2,8,64,4,1,0,6.73 
1,4,4,64,4,1,0,6.73 
1,8,2,64,4,1,0,6.71 
1,16,1,64,4,1,0,6.76 
2,1,8,64,4,1,0,6.76 
2,2,4,64,4,1,0,6.83 
2,4,2,64,4,1,0,6.86 
2,8,1,64,4,1,0,6.81 
4,1,4,64,4,1,0,6.77 
4,2,2,64,4,1,0,6.83 
4,4,1,64,4,1,0,6.81 
8,1,2,64,4,1,0,6.77 
8,2,1,64,4,1,0,6.75 
16,1,1,64,4,1,0,6.75 
1,1,8,128,4,1,0,4.9 
1,2,4,128,4,1,0,4.86 
1,4,2,128,4,1,0,4.86 
1,8,1,128,4,1,0,4.88 
2,1,4,128,4,1,0,5.0 
2,2,2,128,4,1,0,4.93 
2,4,1,128,4,1,0,4.88 
4,1,2,128,4,1,0,4.89 
4,2,1,128,4,1,0,4.91 
8,1,1,128,4,1,0,4.85 
1,1,4,256,4,1,0,3.92 
1,2,2,256,4,1,0,3.9 
1,4,1,256,4,1,0,3.92 
2,1,2,256,4,1,0,3.93 
2,2,1,256,4,1,0,3.94 
4,1,1,256,4,1,0,3.89 
1,1,128,4,8,1,0,13.54 
1,2,64,4,8,1,0,13.44 
1,4,32,4,8,1,0,13.43 
1,8,16,4,8,1,0,13.47 
1,16,8,4,8,1,0,13.56 
1,32,4,4,8,1,0,13.46 
1,64,2,4,8,1,0,13.45 
1,128,1,4,8,1,0,13.42 
2,1,64,4,8,1,0,13.92 
2,2,32,4,8,1,0,13.7 
2,4,16,4,8,1,0,13.66 
2,8,8,4,8,1,0,13.7 
2,16,4,4,8,1,0,13.56 
2,32,2,4,8,1,0,13.66 
2,64,1,4,8,1,0,13.49 
4,1,32,4,8,1,0,13.48 
4,2,16,4,8,1,0,13.5 
4,4,8,4,8,1,0,13.23 
4,8,4,4,8,1,0,13.21 
4,16,2,4,8,1,0,13.19 
4,32,1,4,8,1,0,13.11 
8,1,16,4,8,1,0,13.48 
8,2,8,4,8,1,0,13.48 
8,4,4,4,8,1,0,13.68 
8,8,2,4,8,1,0,13.55 
8,16,1,4,8,1,0,13.46 
16,1,8,4,8,1,0,13.52 
16,2,4,4,8,1,0,13.7 
16,4,2,4,8,1,0,13.72 
16,8,1,4,8,1,0,13.49 
32,1,4,4,8,1,0,13.5 
32,2,2,4,8,1,0,13.65 
32,4,1,4,8,1,0,13.15 
64,1,2,4,8,1,0,13.01 
64,2,1,4,8,1,0,13.54 
128,1,1,4,8,1,0,13.36 
1,1,64,8,8,1,0,9.64 
1,2,32,8,8,1,0,9.32 
1,4,16,8,8,1,0,9.43 
1,8,8,8,8,1,0,9.41 
1,16,4,8,8,1,0,9.43 
1,32,2,8,8,1,0,9.43 
1,64,1,8,8,1,0,9.38 
2,1,32,8,8,1,0,9.52 
2,2,16,8,8,1,0,9.7 
2,4,8,8,8,1,0,9.65 
2,8,4,8,8,1,0,9.69 
2,16,2,8,8,1,0,9.71 
2,32,1,8,8,1,0,9.58 
4,1,16,8,8,1,0,9.5 
4,2,8,8,8,1,0,9.41 
4,4,4,8,8,1,0,9.5 
4,8,2,8,8,1,0,9.44 
4,16,1,8,8,1,0,9.44 
8,1,8,8,8,1,0,10.19 
8,2,4,8,8,1,0,9.49 
8,4,2,8,8,1,0,9.52 
8,8,1,8,8,1,0,10.33 
16,1,4,8,8,1,0,9.26 
16,2,2,8,8,1,0,9.72 
16,4,1,8,8,1,0,9.38 
32,1,2,8,8,1,0,9.57 
32,2,1,8,8,1,0,9.57 
64,1,1,8,8,1,0,9.41 
1,1,32,16,8,1,0,11.25 
1,2,16,16,8,1,0,9.47 
1,4,8,16,8,1,0,10.16 
1,8,4,16,8,1,0,10.26 
1,16,2,16,8,1,0,9.23 
1,32,1,16,8,1,0,9.48 
2,1,16,16,8,1,0,9.29 
2,2,8,16,8,1,0,9.35 
2,4,4,16,8,1,0,9.68 
2,8,2,16,8,1,0,9.97 
2,16,1,16,8,1,0,9.77 
4,1,8,16,8,1,0,9.51 
4,2,4,16,8,1,0,10.48 
4,4,2,16,8,1,0,9.71 
4,8,1,16,8,1,0,9.26 
8,1,4,16,8,1,0,9.53 
8,2,2,16,8,1,0,9.36 
8,4,1,16,8,1,0,9.51 
16,1,2,16,8,1,0,9.52 
16,2,1,16,8,1,0,9.54 
32,1,1,16,8,1,0,9.47 
1,1,16,32,8,1,0,7.27 
1,2,8,32,8,1,0,6.56 
1,4,4,32,8,1,0,6.73 
1,8,2,32,8,1,0,7.37 
1,16,1,32,8,1,0,7.4 
2,1,8,32,8,1,0,6.78 
2,2,4,32,8,1,0,7.24 
2,4,2,32,8,1,0,6.68 
2,8,1,32,8,1,0,7.3 
4,1,4,32,8,1,0,6.78 
4,2,2,32,8,1,0,6.86 
4,4,1,32,8,1,0,6.81 
8,1,2,32,8,1,0,7.14 
8,2,1,32,8,1,0,6.81 
16,1,1,32,8,1,0,6.74 
1,1,8,64,8,1,0,4.89 
1,2,4,64,8,1,0,4.86 
1,4,2,64,8,1,0,4.86 
1,8,1,64,8,1,0,4.88 
2,1,4,64,8,1,0,4.88 
2,2,2,64,8,1,0,5.09 
2,4,1,64,8,1,0,4.79 
4,1,2,64,8,1,0,4.78 
4,2,1,64,8,1,0,4.79 
8,1,1,64,8,1,0,4.74 
1,1,4,128,8,1,0,3.81 
1,2,2,128,8,1,0,3.9 
1,4,1,128,8,1,0,3.92 
2,1,2,128,8,1,0,3.93 
2,2,1,128,8,1,0,3.95 
4,1,1,128,8,1,0,3.89 
1,1,128,2,16,1,0,13.07 
1,2,64,2,16,1,0,13.46 
1,4,32,2,16,1,0,13.03 
1,8,16,2,16,1,0,13.01 
1,16,8,2,16,1,0,13.45 
1,32,4,2,16,1,0,13.41 
1,64,2,2,16,1,0,13.46 
1,128,1,2,16,1,0,13.36 
2,1,64,2,16,1,0,13.11 
2,2,32,2,16,1,0,13.24 
2,4,16,2,16,1,0,13.67 
2,8,8,2,16,1,0,13.75 
2,16,4,2,16,1,0,13.69 
2,32,2,2,16,1,0,13.69 
2,64,1,2,16,1,0,13.62 
4,1,32,2,16,1,0,13.48 
4,2,16,2,16,1,0,13.73 
4,4,8,2,16,1,0,13.68 
4,8,4,2,16,1,0,13.64 
4,16,2,2,16,1,0,13.6 
4,32,1,2,16,1,0,13.55 
8,1,16,2,16,1,0,13.48 
8,2,8,2,16,1,0,13.7 
8,4,4,2,16,1,0,14.13 
8,8,2,2,16,1,0,13.72 
8,16,1,2,16,1,0,13.55 
16,1,8,2,16,1,0,13.48 
16,2,4,2,16,1,0,13.7 
16,4,2,2,16,1,0,13.69 
16,8,1,2,16,1,0,13.08 
32,1,4,2,16,1,0,13.03 
32,2,2,2,16,1,0,14.93 
32,4,1,2,16,1,0,13.54 
64,1,2,2,16,1,0,13.42 
64,2,1,2,16,1,0,13.57 
128,1,1,2,16,1,0,13.44 
1,1,64,4,16,1,0,9.5 
1,2,32,4,16,1,0,9.19 
1,4,16,4,16,1,0,10.01 
1,8,8,4,16,1,0,10.36 
1,16,4,4,16,1,0,9.33 
1,32,2,4,16,1,0,9.65 
1,64,1,4,16,1,0,9.57 
2,1,32,4,16,1,0,9.72 
2,2,16,4,16,1,0,9.79 
2,4,8,4,16,1,0,9.69 
2,8,4,4,16,1,0,9.77 
2,16,2,4,16,1,0,9.72 
2,32,1,4,16,1,0,9.72 
4,1,16,4,16,1,0,9.67 
4,2,8,4,16,1,0,9.72 
4,4,4,4,16,1,0,9.76 
4,8,2,4,16,1,0,9.73 
4,16,1,4,16,1,0,10.93 
8,1,8,4,16,1,0,9.67 
8,2,4,4,16,1,0,9.75 
8,4,2,4,16,1,0,9.8 
8,8,1,4,16,1,0,9.68 
16,1,4,4,16,1,0,9.69 
16,2,2,4,16,1,0,9.78 
16,4,1,4,16,1,0,9.7 
32,1,2,4,16,1,0,9.69 
32,2,1,4,16,1,0,9.74 
64,1,1,4,16,1,0,9.56 
1,1,32,8,16,1,0,9.69 
1,2,16,8,16,1,0,9.62 
1,4,8,8,16,1,0,9.66 
1,8,4,8,16,1,0,9.63 
1,16,2,8,16,1,0,10.44 
1,32,1,8,16,1,0,9.61 
2,1,16,8,16,1,0,9.66 
2,2,8,8,16,1,0,9.75 
2,4,4,8,16,1,0,9.79 
2,8,2,8,16,1,0,9.8 
2,16,1,8,16,1,0,10.93 
4,1,8,8,16,1,0,9.69 
4,2,4,8,16,1,0,9.73 
4,4,2,8,16,1,0,10.9 
4,8,1,8,16,1,0,9.6 
8,1,4,8,16,1,0,9.67 
8,2,2,8,16,1,0,9.71 
8,4,1,8,16,1,0,9.66 
16,1,2,8,16,1,0,9.66 
16,2,1,8,16,1,0,9.69 
32,1,1,8,16,1,0,9.63 
1,1,16,16,16,1,0,6.81 
1,2,8,16,16,1,0,6.84 
1,4,4,16,16,1,0,6.85 
1,8,2,16,16,1,0,6.82 
1,16,1,16,16,1,0,6.89 
2,1,8,16,16,1,0,7.49 
2,2,4,16,16,1,0,6.89 
2,4,2,16,16,1,0,6.88 
2,8,1,16,16,1,0,6.86 
4,1,4,16,16,1,0,6.86 
4,2,2,16,16,1,0,6.91 
4,4,1,16,16,1,0,6.91 
8,1,2,16,16,1,0,6.86 
8,2,1,16,16,1,0,7.02 
16,1,1,16,16,1,0,6.92 
1,1,8,32,16,1,0,4.93 
1,2,4,32,16,1,0,4.96 
1,4,2,32,16,1,0,4.9 
1,8,1,32,16,1,0,4.91 
2,1,4,32,16,1,0,4.94 
2,2,2,32,16,1,0,4.95 
2,4,1,32,16,1,0,4.94 
4,1,2,32,16,1,0,5.16 
4,2,1,32,16,1,0,4.95 
8,1,1,32,16,1,0,4.88 
1,1,4,64,16,1,0,3.95 
1,2,2,64,16,1,0,3.93 
1,4,1,64,16,1,0,3.94 
2,1,2,64,16,1,0,3.95 
2,2,1,64,16,1,0,3.96 
4,1,1,64,16,1,0,3.91 
1,1,128,1,32,1,0,13.29 
1,2,64,1,32,1,0,13.01 
1,4,32,1,32,1,0,13.13 
1,8,16,1,32,1,0,13.07 
1,16,8,1,32,1,0,13.34 
1,32,4,1,32,1,0,13.09 
1,64,2,1,32,1,0,13.11 
1,128,1,1,32,1,0,13.03 
2,1,64,1,32,1,0,13.44 
2,2,32,1,32,1,0,13.43 
2,4,16,1,32,1,0,15.16 
2,8,8,1,32,1,0,13.3 
2,16,4,1,32,1,0,13.42 
2,32,2,1,32,1,0,13.53 
2,64,1,1,32,1,0,13.21 
4,1,32,1,32,1,0,13.48 
4,2,16,1,32,1,0,13.48 
4,4,8,1,32,1,0,13.43 
4,8,4,1,32,1,0,13.43 
4,16,2,1,32,1,0,13.45 
4,32,1,1,32,1,0,13.35 
8,1,16,1,32,1,0,13.49 
8,2,8,1,32,1,0,13.45 
8,4,4,1,32,1,0,13.87 
8,8,2,1,32,1,0,13.46 
8,16,1,1,32,1,0,13.77 
16,1,8,1,32,1,0,13.43 
16,2,4,1,32,1,0,13.45 
16,4,2,1,32,1,0,13.44 
16,8,1,1,32,1,0,13.36 
32,1,4,1,32,1,0,13.45 
32,2,2,1,32,1,0,13.42 
32,4,1,1,32,1,0,13.34 
64,1,2,1,32,1,0,13.87 
64,2,1,1,32,1,0,13.35 
128,1,1,1,32,1,0,12.95 
1,1,64,2,32,1,0,9.66 
1,2,32,2,32,1,0,9.56 
1,4,16,2,32,1,0,10.46 
1,8,8,2,32,1,0,9.54 
1,16,4,2,32,1,0,9.67 
1,32,2,2,32,1,0,9.63 
1,64,1,2,32,1,0,9.57 
2,1,32,2,32,1,0,9.67 
2,2,16,2,32,1,0,9.74 
2,4,8,2,32,1,0,9.8 
2,8,4,2,32,1,0,10.02 
2,16,2,2,32,1,0,9.77 
2,32,1,2,32,1,0,9.7 
4,1,16,2,32,1,0,9.64 
4,2,8,2,32,1,0,9.72 
4,4,4,2,32,1,0,9.8 
4,8,2,2,32,1,0,9.75 
4,16,1,2,32,1,0,9.68 
8,1,8,2,32,1,0,9.68 
8,2,4,2,32,1,0,9.81 
8,4,2,2,32,1,0,9.77 
8,8,1,2,32,1,0,9.74 
16,1,4,2,32,1,0,9.7 
16,2,2,2,32,1,0,9.8 
16,4,1,2,32,1,0,9.72 
32,1,2,2,32,1,0,9.69 
32,2,1,2,32,1,0,9.71 
64,1,1,2,32,1,0,9.6 
1,1,32,4,32,1,0,9.41 
1,2,16,4,32,1,0,9.78 
1,4,8,4,32,1,0,9.57 
1,8,4,4,32,1,0,9.61 
1,16,2,4,32,1,0,9.56 
1,32,1,4,32,1,0,9.56 
2,1,16,4,32,1,0,9.61 
2,2,8,4,32,1,0,9.98 
2,4,4,4,32,1,0,9.73 
2,8,2,4,32,1,0,9.64 
2,16,1,4,32,1,0,9.69 
4,1,8,4,32,1,0,9.54 
4,2,4,4,32,1,0,9.8 
4,4,2,4,32,1,0,9.7 
4,8,1,4,32,1,0,9.67 
8,1,4,4,32,1,0,9.61 
8,2,2,4,32,1,0,9.8 
8,4,1,4,32,1,0,9.68 
16,1,2,4,32,1,0,9.56 
16,2,1,4,32,1,0,9.69 
32,1,1,4,32,1,0,9.55 
1,1,16,8,32,1,0,6.85 
1,2,8,8,32,1,0,6.77 
1,4,4,8,32,1,0,6.75 
1,8,2,8,32,1,0,6.81 
1,16,1,8,32,1,0,6.81 
2,1,8,8,32,1,0,7.72 
2,2,4,8,32,1,0,6.89 
2,4,2,8,32,1,0,6.91 
2,8,1,8,32,1,0,6.8 
4,1,4,8,32,1,0,6.83 
4,2,2,8,32,1,0,6.9 
4,4,1,8,32,1,0,6.88 
8,1,2,8,32,1,0,6.83 
8,2,1,8,32,1,0,6.87 
16,1,1,8,32,1,0,6.64 
1,1,8,16,32,1,0,4.83 
1,2,4,16,32,1,0,4.78 
1,4,2,16,32,1,0,4.9 
1,8,1,16,32,1,0,4.73 
2,1,4,16,32,1,0,4.89 
2,2,2,16,32,1,0,4.91 
2,4,1,16,32,1,0,4.9 
4,1,2,16,32,1,0,4.88 
4,2,1,16,32,1,0,5.03 
8,1,1,16,32,1,0,4.85 
1,1,4,32,32,1,0,3.93 
1,2,2,32,32,1,0,3.9 
1,4,1,32,32,1,0,3.93 
2,1,2,32,32,1,0,3.93 
2,2,1,32,32,1,0,3.94 
4,1,1,32,32,1,0,3.9 
1,1,64,1,64,1,0,9.19 
1,2,32,1,64,1,0,9.13 
1,4,16,1,64,1,0,9.15 
1,8,8,1,64,1,0,9.22 
1,16,4,1,64,1,0,9.13 
1,32,2,1,64,1,0,9.13 
1,64,1,1,64,1,0,9.12 
2,1,32,1,64,1,0,9.55 
2,2,16,1,64,1,0,9.56 
2,4,8,1,64,1,0,9.55 
2,8,4,1,64,1,0,9.54 
2,16,2,1,64,1,0,9.55 
2,32,1,1,64,1,0,9.83 
4,1,16,1,64,1,0,9.5 
4,2,8,1,64,1,0,9.51 
4,4,4,1,64,1,0,9.56 
4,8,2,1,64,1,0,9.55 
4,16,1,1,64,1,0,9.37 
8,1,8,1,64,1,0,9.56 
8,2,4,1,64,1,0,9.82 
8,4,2,1,64,1,0,9.54 
8,8,1,1,64,1,0,9.42 
16,1,4,1,64,1,0,9.56 
16,2,2,1,64,1,0,9.52 
16,4,1,1,64,1,0,9.47 
32,1,2,1,64,1,0,9.55 
32,2,1,1,64,1,0,9.47 
64,1,1,1,64,1,0,9.12 
1,1,32,2,64,1,0,9.58 
1,2,16,2,64,1,0,9.47 
1,4,8,2,64,1,0,9.5 
1,8,4,2,64,1,0,9.47 
1,16,2,2,64,1,0,9.44 
1,32,1,2,64,1,0,9.45 
2,1,16,2,64,1,0,9.52 
2,2,8,2,64,1,0,9.68 
2,4,4,2,64,1,0,9.66 
2,8,2,2,64,1,0,10.54 
2,16,1,2,64,1,0,9.57 
4,1,8,2,64,1,0,9.5 
4,2,4,2,64,1,0,9.69 
4,4,2,2,64,1,0,9.7 
4,8,1,2,64,1,0,9.56 
8,1,4,2,64,1,0,9.5 
8,2,2,2,64,1,0,9.66 
8,4,1,2,64,1,0,9.56 
16,1,2,2,64,1,0,9.51 
16,2,1,2,64,1,0,9.57 
32,1,1,2,64,1,0,9.46 
1,1,16,4,64,1,0,6.8 
1,2,8,4,64,1,0,7.33 
1,4,4,4,64,1,0,6.72 
1,8,2,4,64,1,0,6.73 
1,16,1,4,64,1,0,6.74 
2,1,8,4,64,1,0,6.77 
2,2,4,4,64,1,0,6.86 
2,4,2,4,64,1,0,6.79 
2,8,1,4,64,1,0,6.83 
4,1,4,4,64,1,0,6.77 
4,2,2,4,64,1,0,6.85 
4,4,1,4,64,1,0,6.81 
8,1,2,4,64,1,0,6.78 
8,2,1,4,64,1,0,6.81 
16,1,1,4,64,1,0,6.74 
1,1,8,8,64,1,0,4.88 
1,2,4,8,64,1,0,4.86 
1,4,2,8,64,1,0,4.86 
1,8,1,8,64,1,0,4.89 
2,1,4,8,64,1,0,4.89 
2,2,2,8,64,1,0,4.91 
2,4,1,8,64,1,0,5.05 
4,1,2,8,64,1,0,4.89 
4,2,1,8,64,1,0,4.89 
8,1,1,8,64,1,0,4.85 
1,1,4,16,64,1,0,3.93 
1,2,2,16,64,1,0,3.93 
1,4,1,16,64,1,0,3.93 
2,1,2,16,64,1,0,3.93 
2,2,1,16,64,1,0,3.94 
4,1,1,16,64,1,0,3.9 
1,1,32,1,128,1,0,9.5 
1,2,16,1,128,1,0,9.13 
1,4,8,1,128,1,0,9.14 
1,8,4,1,128,1,0,9.13 
1,16,2,1,128,1,0,9.11 
1,32,1,1,128,1,0,9.57 
2,1,16,1,128,1,0,9.56 
2,2,8,1,128,1,0,9.52 
2,4,4,1,128,1,0,9.82 
2,8,2,1,128,1,0,9.52 
2,16,1,1,128,1,0,9.46 
4,1,8,1,128,1,0,9.53 
4,2,4,1,128,1,0,9.53 
4,4,2,1,128,1,0,9.52 
4,8,1,1,128,1,0,9.47 
8,1,4,1,128,1,0,9.55 
8,2,2,1,128,1,0,9.53 
8,4,1,1,128,1,0,9.47 
16,1,2,1,128,1,0,9.55 
16,2,1,1,128,1,0,9.44 
32,1,1,1,128,1,0,9.24 
1,1,16,2,128,1,0,6.78 
1,2,8,2,128,1,0,7.39 
1,4,4,2,128,1,0,6.71 
1,8,2,2,128,1,0,6.75 
1,16,1,2,128,1,0,6.69 
2,1,8,2,128,1,0,6.78 
2,2,4,2,128,1,0,6.86 
2,4,2,2,128,1,0,6.85 
2,8,1,2,128,1,0,7.33 
4,1,4,2,128,1,0,6.77 
4,2,2,2,128,1,0,6.85 
4,4,1,2,128,1,0,6.8 
8,1,2,2,128,1,0,6.75 
8,2,1,2,128,1,0,6.76 
16,1,1,2,128,1,0,6.76 
1,1,8,4,128,1,0,4.9 
1,2,4,4,128,1,0,4.85 
1,4,2,4,128,1,0,4.85 
1,8,1,4,128,1,0,4.87 
2,1,4,4,128,1,0,4.88 
2,2,2,4,128,1,0,4.92 
2,4,1,4,128,1,0,4.91 
4,1,2,4,128,1,0,4.89 
4,2,1,4,128,1,0,4.9 
8,1,1,4,128,1,0,4.85 
1,1,4,8,128,1,0,3.95 
1,2,2,8,128,1,0,3.91 
1,4,1,8,128,1,0,3.93 
2,1,2,8,128,1,0,3.93 
2,2,1,8,128,1,0,3.94 
4,1,1,8,128,1,0,3.88 
1,1,16,1,256,1,0,6.76 
1,2,8,1,256,1,0,6.54 
1,4,4,1,256,1,0,6.55 
1,8,2,1,256,1,0,6.55 
1,16,1,1,256,1,0,6.55 
2,1,8,1,256,1,0,6.76 
2,2,4,1,256,1,0,6.79 
2,4,2,1,256,1,0,6.79 
2,8,1,1,256,1,0,6.75 
4,1,4,1,256,1,0,6.72 
4,2,2,1,256,1,0,6.78 
4,4,1,1,256,1,0,6.7 
8,1,2,1,256,1,0,6.77 
8,2,1,1,256,1,0,6.74 
16,1,1,1,256,1,0,6.55 
1,1,8,2,256,1,0,4.9 
1,2,4,2,256,1,0,4.82 
1,4,2,2,256,1,0,4.85 
1,8,1,2,256,1,0,4.88 
2,1,4,2,256,1,0,4.89 
2,2,2,2,256,1,0,4.93 
2,4,1,2,256,1,0,4.91 
4,1,2,2,256,1,0,4.89 
4,2,1,2,256,1,0,4.9 
8,1,1,2,256,1,0,4.86 
1,1,4,4,256,1,0,4.11 
1,2,2,4,256,1,0,3.9 
1,4,1,4,256,1,0,3.92 
2,1,2,4,256,1,0,3.93 
2,2,1,4,256,1,0,3.96 
4,1,1,4,256,1,0,3.89 
1,1,8,1,512,1,0,4.86 
1,2,4,1,512,1,0,4.78 
1,4,2,1,512,1,0,4.78 
1,8,1,1,512,1,0,4.78 
2,1,4,1,512,1,0,4.88 
2,2,2,1,512,1,0,4.87 
2,4,1,1,512,1,0,4.88 
4,1,2,1,512,1,0,4.88 
4,2,1,1,512,1,0,4.87 
8,1,1,1,512,1,0,4.78 
1,1,4,2,512,1,0,3.93 
1,2,2,2,512,1,0,3.9 
1,4,1,2,512,1,0,3.93 
2,1,2,2,512,1,0,3.93 
2,2,1,2,512,1,0,3.92 
4,1,1,2,512,1,0,3.89 
1,1,4,1,1024,1,0,3.9 
1,2,2,1,1024,1,0,3.88 
1,4,1,1,1024,1,0,4.0 
2,1,2,1,1024,1,0,3.92 
2,2,1,1,1024,1,0,3.89 
4,1,1,1,1024,1,0,3.88 
1,1,128,16,1,2,0,13.12 
1,2,64,16,1,2,0,13.58 
1,4,32,16,1,2,0,13.6 
1,8,16,16,1,2,0,13.68 
1,16,8,16,1,2,0,13.59 
1,32,4,16,1,2,0,14.1 
1,64,2,16,1,2,0,13.65 
1,128,1,16,1,2,0,13.1 
2,1,64,16,1,2,0,13.2 
2,2,32,16,1,2,0,13.55 
2,4,16,16,1,2,0,13.6 
2,8,8,16,1,2,0,13.55 
2,16,4,16,1,2,0,13.65 
2,32,2,16,1,2,0,13.58 
2,64,1,16,1,2,0,13.62 
4,1,32,16,1,2,0,13.36 
4,2,16,16,1,2,0,13.55 
4,4,8,16,1,2,0,13.48 
4,8,4,16,1,2,0,13.55 
4,16,2,16,1,2,0,13.54 
4,32,1,16,1,2,0,13.51 
8,1,16,16,1,2,0,13.24 
8,2,8,16,1,2,0,13.58 
8,4,4,16,1,2,0,13.59 
8,8,2,16,1,2,0,13.56 
8,16,1,16,1,2,0,13.51 
16,1,8,16,1,2,0,13.21 
16,2,4,16,1,2,0,13.59 
16,4,2,16,1,2,0,13.55 
16,8,1,16,1,2,0,13.96 
32,1,4,16,1,2,0,13.36 
32,2,2,16,1,2,0,13.55 
32,4,1,16,1,2,0,13.52 
64,1,2,16,1,2,0,13.25 
64,2,1,16,1,2,0,13.53 
128,1,1,16,1,2,0,13.55 
1,1,64,32,1,2,0,9.18 
1,2,32,32,1,2,0,9.6 
1,4,16,32,1,2,0,9.64 
1,8,8,32,1,2,0,9.58 
1,16,4,32,1,2,0,9.59 
1,32,2,32,1,2,0,9.62 
1,64,1,32,1,2,0,9.21 
2,1,32,32,1,2,0,9.29 
2,2,16,32,1,2,0,9.74 
2,4,8,32,1,2,0,9.57 
2,8,4,32,1,2,0,9.57 
2,16,2,32,1,2,0,9.58 
2,32,1,32,1,2,0,9.47 
4,1,16,32,1,2,0,9.28 
4,2,8,32,1,2,0,9.61 
4,4,4,32,1,2,0,9.57 
4,8,2,32,1,2,0,9.58 
4,16,1,32,1,2,0,9.52 
8,1,8,32,1,2,0,9.28 
8,2,4,32,1,2,0,9.59 
8,4,2,32,1,2,0,9.59 
8,8,1,32,1,2,0,9.49 
16,1,4,32,1,2,0,9.27 
16,2,2,32,1,2,0,9.58 
16,4,1,32,1,2,0,9.49 
32,1,2,32,1,2,0,9.27 
32,2,1,32,1,2,0,9.51 
64,1,1,32,1,2,0,9.55 
1,1,32,64,1,2,0,9.18 
1,2,16,64,1,2,0,9.63 
1,4,8,64,1,2,0,9.63 
1,8,4,64,1,2,0,9.59 
1,16,2,64,1,2,0,9.61 
1,32,1,64,1,2,0,9.2 
2,1,16,64,1,2,0,9.27 
2,2,8,64,1,2,0,9.59 
2,4,4,64,1,2,0,9.6 
2,8,2,64,1,2,0,9.55 
2,16,1,64,1,2,0,9.45 
4,1,8,64,1,2,0,9.29 
4,2,4,64,1,2,0,9.5 
4,4,2,64,1,2,0,9.56 
4,8,1,64,1,2,0,9.51 
8,1,4,64,1,2,0,9.3 
8,2,2,64,1,2,0,9.51 
8,4,1,64,1,2,0,9.55 
16,1,2,64,1,2,0,9.27 
16,2,1,64,1,2,0,9.52 
32,1,1,64,1,2,0,9.48 
1,1,16,128,1,2,0,6.62 
1,2,8,128,1,2,0,6.83 
1,4,4,128,1,2,0,6.84 
1,8,2,128,1,2,0,6.83 
1,16,1,128,1,2,0,6.59 
2,1,8,128,1,2,0,6.61 
2,2,4,128,1,2,0,6.86 
2,4,2,128,1,2,0,7.51 
2,8,1,128,1,2,0,6.75 
4,1,4,128,1,2,0,6.64 
4,2,2,128,1,2,0,6.78 
4,4,1,128,1,2,0,6.77 
8,1,2,128,1,2,0,6.64 
8,2,1,128,1,2,0,6.77 
16,1,1,128,1,2,0,6.98 
1,1,8,256,1,2,0,4.79 
1,2,4,256,1,2,0,4.91 
1,4,2,256,1,2,0,4.91 
1,8,1,256,1,2,0,4.89 
2,1,4,256,1,2,0,4.81 
2,2,2,256,1,2,0,4.9 
2,4,1,256,1,2,0,4.89 
4,1,2,256,1,2,0,4.83 
4,2,1,256,1,2,0,4.89 
8,1,1,256,1,2,0,4.88 
1,1,4,512,1,2,0,3.88 
1,2,2,512,1,2,0,3.9 
1,4,1,512,1,2,0,3.84 
2,1,2,512,1,2,0,3.91 
2,2,1,512,1,2,0,3.9 
4,1,1,512,1,2,0,3.92 
1,1,128,8,2,2,0,13.17 
1,2,64,8,2,2,0,13.57 
1,4,32,8,2,2,0,13.63 
1,8,16,8,2,2,0,13.62 
1,16,8,8,2,2,0,13.63 
1,32,4,8,2,2,0,13.64 
1,64,2,8,2,2,0,13.62 
1,128,1,8,2,2,0,13.42 
2,1,64,8,2,2,0,13.64 
2,2,32,8,2,2,0,14.28 
2,4,16,8,2,2,0,14.26 
2,8,8,8,2,2,0,14.26 
2,16,4,8,2,2,0,14.32 
2,32,2,8,2,2,0,14.26 
2,64,1,8,2,2,0,13.65 
4,1,32,8,2,2,0,13.63 
4,2,16,8,2,2,0,14.28 
4,4,8,8,2,2,0,14.33 
4,8,4,8,2,2,0,14.29 
4,16,2,8,2,2,0,14.27 
4,32,1,8,2,2,0,13.61 
8,1,16,8,2,2,0,13.64 
8,2,8,8,2,2,0,14.31 
8,4,4,8,2,2,0,14.29 
8,8,2,8,2,2,0,14.73 
8,16,1,8,2,2,0,13.64 
16,1,8,8,2,2,0,13.67 
16,2,4,8,2,2,0,14.3 
16,4,2,8,2,2,0,14.27 
16,8,1,8,2,2,0,13.66 
32,1,4,8,2,2,0,13.58 
32,2,2,8,2,2,0,14.48 
32,4,1,8,2,2,0,13.66 
64,1,2,8,2,2,0,13.67 
64,2,1,8,2,2,0,13.7 
128,1,1,8,2,2,0,13.63 
1,1,64,16,2,2,0,9.21 
1,2,32,16,2,2,0,9.65 
1,4,16,16,2,2,0,10.03 
1,8,8,16,2,2,0,9.63 
1,16,4,16,2,2,0,9.62 
1,32,2,16,2,2,0,9.66 
1,64,1,16,2,2,0,9.5 
2,1,32,16,2,2,0,9.65 
2,2,16,16,2,2,0,10.21 
2,4,8,16,2,2,0,10.22 
2,8,4,16,2,2,0,10.22 
2,16,2,16,2,2,0,10.51 
2,32,1,16,2,2,0,10.79 
4,1,16,16,2,2,0,9.65 
4,2,8,16,2,2,0,10.16 
4,4,4,16,2,2,0,10.21 
4,8,2,16,2,2,0,10.21 
4,16,1,16,2,2,0,9.63 
8,1,8,16,2,2,0,9.64 
8,2,4,16,2,2,0,10.5 
8,4,2,16,2,2,0,10.16 
8,8,1,16,2,2,0,9.64 
16,1,4,16,2,2,0,9.64 
16,2,2,16,2,2,0,10.2 
16,4,1,16,2,2,0,9.66 
32,1,2,16,2,2,0,9.54 
32,2,1,16,2,2,0,9.58 
64,1,1,16,2,2,0,9.65 
1,1,32,32,2,2,0,9.17 
1,2,16,32,2,2,0,9.63 
1,4,8,32,2,2,0,9.61 
1,8,4,32,2,2,0,9.65 
1,16,2,32,2,2,0,9.61 
1,32,1,32,2,2,0,9.52 
2,1,16,32,2,2,0,9.63 
2,2,8,32,2,2,0,10.2 
2,4,4,32,2,2,0,10.86 
2,8,2,32,2,2,0,10.1 
2,16,1,32,2,2,0,9.58 
4,1,8,32,2,2,0,9.61 
4,2,4,32,2,2,0,10.19 
4,4,2,32,2,2,0,10.18 
4,8,1,32,2,2,0,9.58 
8,1,4,32,2,2,0,9.58 
8,2,2,32,2,2,0,10.19 
8,4,1,32,2,2,0,9.61 
16,1,2,32,2,2,0,9.6 
16,2,1,32,2,2,0,9.61 
32,1,1,32,2,2,0,9.61 
1,1,16,64,2,2,0,6.61 
1,2,8,64,2,2,0,6.86 
1,4,4,64,2,2,0,6.85 
1,8,2,64,2,2,0,6.83 
1,16,1,64,2,2,0,6.76 
2,1,8,64,2,2,0,6.85 
2,2,4,64,2,2,0,7.15 
2,4,2,64,2,2,0,7.12 
2,8,1,64,2,2,0,6.85 
4,1,4,64,2,2,0,6.84 
4,2,2,64,2,2,0,7.15 
4,4,1,64,2,2,0,7.46 
8,1,2,64,2,2,0,6.82 
8,2,1,64,2,2,0,6.85 
16,1,1,64,2,2,0,6.76 
1,1,8,128,2,2,0,4.8 
1,2,4,128,2,2,0,4.94 
1,4,2,128,2,2,0,4.94 
1,8,1,128,2,2,0,4.88 
2,1,4,128,2,2,0,4.93 
2,2,2,128,2,2,0,5.06 
2,4,1,128,2,2,0,4.93 
4,1,2,128,2,2,0,4.93 
4,2,1,128,2,2,0,4.94 
8,1,1,128,2,2,0,4.9 
1,1,4,256,2,2,0,3.89 
1,2,2,256,2,2,0,3.97 
1,4,1,256,2,2,0,3.94 
2,1,2,256,2,2,0,3.97 
2,2,1,256,2,2,0,3.97 
4,1,1,256,2,2,0,3.94 
1,1,128,4,4,2,0,13.16 
1,2,64,4,4,2,0,13.6 
1,4,32,4,4,2,0,13.64 
1,8,16,4,4,2,0,13.61 
1,16,8,4,4,2,0,13.64 
1,32,4,4,4,2,0,13.63 
1,64,2,4,4,2,0,13.59 
1,128,1,4,4,2,0,13.43 
2,1,64,4,4,2,0,13.66 
2,2,32,4,4,2,0,14.31 
2,4,16,4,4,2,0,14.26 
2,8,8,4,4,2,0,14.3 
2,16,4,4,4,2,0,14.26 
2,32,2,4,4,2,0,14.28 
2,64,1,4,4,2,0,13.65 
4,1,32,4,4,2,0,13.64 
4,2,16,4,4,2,0,14.31 
4,4,8,4,4,2,0,13.58 
4,8,4,4,4,2,0,14.4 
4,16,2,4,4,2,0,14.83 
4,32,1,4,4,2,0,13.69 
8,1,16,4,4,2,0,13.69 
8,2,8,4,4,2,0,14.26 
8,4,4,4,4,2,0,14.28 
8,8,2,4,4,2,0,14.26 
8,16,1,4,4,2,0,13.63 
16,1,8,4,4,2,0,13.62 
16,2,4,4,4,2,0,14.28 
16,4,2,4,4,2,0,14.33 
16,8,1,4,4,2,0,13.72 
32,1,4,4,4,2,0,13.65 
32,2,2,4,4,2,0,14.31 
32,4,1,4,4,2,0,13.64 
64,1,2,4,4,2,0,13.67 
64,2,1,4,4,2,0,13.67 
128,1,1,4,4,2,0,13.59 
1,1,64,8,4,2,0,9.22 
1,2,32,8,4,2,0,9.61 
1,4,16,8,4,2,0,9.62 
1,8,8,8,4,2,0,9.56 
1,16,4,8,4,2,0,9.64 
1,32,2,8,4,2,0,9.64 
1,64,1,8,4,2,0,9.5 
2,1,32,8,4,2,0,9.66 
2,2,16,8,4,2,0,10.2 
2,4,8,8,4,2,0,10.18 
2,8,4,8,4,2,0,10.14 
2,16,2,8,4,2,0,10.2 
2,32,1,8,4,2,0,9.63 
4,1,16,8,4,2,0,9.61 
4,2,8,8,4,2,0,10.15 
4,4,4,8,4,2,0,10.2 
4,8,2,8,4,2,0,10.48 
4,16,1,8,4,2,0,9.58 
8,1,8,8,4,2,0,9.65 
8,2,4,8,4,2,0,10.19 
8,4,2,8,4,2,0,10.98 
8,8,1,8,4,2,0,9.64 
16,1,4,8,4,2,0,9.6 
16,2,2,8,4,2,0,10.3 
16,4,1,8,4,2,0,9.64 
32,1,2,8,4,2,0,9.64 
32,2,1,8,4,2,0,9.65 
64,1,1,8,4,2,0,9.66 
1,1,32,16,4,2,0,9.19 
1,2,16,16,4,2,0,9.55 
1,4,8,16,4,2,0,9.61 
1,8,4,16,4,2,0,9.62 
1,16,2,16,4,2,0,9.57 
1,32,1,16,4,2,0,9.48 
2,1,16,16,4,2,0,9.6 
2,2,8,16,4,2,0,10.14 
2,4,4,16,4,2,0,10.19 
2,8,2,16,4,2,0,10.18 
2,16,1,16,4,2,0,9.62 
4,1,8,16,4,2,0,9.6 
4,2,4,16,4,2,0,10.56 
4,4,2,16,4,2,0,10.17 
4,8,1,16,4,2,0,9.62 
8,1,4,16,4,2,0,9.55 
8,2,2,16,4,2,0,10.2 
8,4,1,16,4,2,0,9.57 
16,1,2,16,4,2,0,9.63 
16,2,1,16,4,2,0,9.54 
32,1,1,16,4,2,0,9.64 
1,1,16,32,4,2,0,6.58 
1,2,8,32,4,2,0,6.84 
1,4,4,32,4,2,0,6.85 
1,8,2,32,4,2,0,6.84 
1,16,1,32,4,2,0,6.72 
2,1,8,32,4,2,0,6.84 
2,2,4,32,4,2,0,7.16 
2,4,2,32,4,2,0,7.13 
2,8,1,32,4,2,0,6.85 
4,1,4,32,4,2,0,6.79 
4,2,2,32,4,2,0,7.15 
4,4,1,32,4,2,0,6.85 
8,1,2,32,4,2,0,6.84 
8,2,1,32,4,2,0,6.82 
16,1,1,32,4,2,0,6.83 
1,1,8,64,4,2,0,5.08 
1,2,4,64,4,2,0,4.94 
1,4,2,64,4,2,0,4.93 
1,8,1,64,4,2,0,4.89 
2,1,4,64,4,2,0,4.91 
2,2,2,64,4,2,0,5.06 
2,4,1,64,4,2,0,4.94 
4,1,2,64,4,2,0,4.93 
4,2,1,64,4,2,0,4.93 
8,1,1,64,4,2,0,4.97 
1,1,4,128,4,2,0,3.89 
1,2,2,128,4,2,0,3.97 
1,4,1,128,4,2,0,3.93 
2,1,2,128,4,2,0,3.76 
2,2,1,128,4,2,0,3.99 
4,1,1,128,4,2,0,3.95 
1,1,128,2,8,2,0,13.15 
1,2,64,2,8,2,0,13.64 
1,4,32,2,8,2,0,13.64 
1,8,16,2,8,2,0,13.61 
1,16,8,2,8,2,0,13.64 
1,32,4,2,8,2,0,13.9 
1,64,2,2,8,2,0,13.6 
1,128,1,2,8,2,0,13.51 
2,1,64,2,8,2,0,13.62 
2,2,32,2,8,2,0,14.28 
2,4,16,2,8,2,0,14.29 
2,8,8,2,8,2,0,14.3 
2,16,4,2,8,2,0,14.27 
2,32,2,2,8,2,0,14.28 
2,64,1,2,8,2,0,13.72 
4,1,32,2,8,2,0,13.54 
4,2,16,2,8,2,0,14.24 
4,4,8,2,8,2,0,14.28 
4,8,4,2,8,2,0,14.28 
4,16,2,2,8,2,0,14.24 
4,32,1,2,8,2,0,13.92 
8,1,16,2,8,2,0,13.69 
8,2,8,2,8,2,0,14.3 
8,4,4,2,8,2,0,14.3 
8,8,2,2,8,2,0,14.32 
8,16,1,2,8,2,0,13.68 
16,1,8,2,8,2,0,13.6 
16,2,4,2,8,2,0,14.29 
16,4,2,2,8,2,0,14.28 
16,8,1,2,8,2,0,13.67 
32,1,4,2,8,2,0,13.63 
32,2,2,2,8,2,0,14.29 
32,4,1,2,8,2,0,13.44 
64,1,2,2,8,2,0,13.62 
64,2,1,2,8,2,0,13.48 
128,1,1,2,8,2,0,13.6 
1,1,64,4,8,2,0,9.21 
1,2,32,4,8,2,0,9.62 
1,4,16,4,8,2,0,9.63 
1,8,8,4,8,2,0,9.65 
1,16,4,4,8,2,0,9.65 
1,32,2,4,8,2,0,9.58 
1,64,1,4,8,2,0,9.49 
2,1,32,4,8,2,0,9.63 
2,2,16,4,8,2,0,10.21 
2,4,8,4,8,2,0,10.2 
2,8,4,4,8,2,0,10.08 
2,16,2,4,8,2,0,10.19 
2,32,1,4,8,2,0,9.69 
4,1,16,4,8,2,0,9.64 
4,2,8,4,8,2,0,10.19 
4,4,4,4,8,2,0,10.23 
4,8,2,4,8,2,0,10.2 
4,16,1,4,8,2,0,9.64 
8,1,8,4,8,2,0,9.6 
8,2,4,4,8,2,0,10.19 
8,4,2,4,8,2,0,10.57 
8,8,1,4,8,2,0,10.26 
16,1,4,4,8,2,0,9.59 
16,2,2,4,8,2,0,10.2 
16,4,1,4,8,2,0,9.65 
32,1,2,4,8,2,0,9.64 
32,2,1,4,8,2,0,9.63 
64,1,1,4,8,2,0,9.63 
1,1,32,8,8,2,0,9.2 
1,2,16,8,8,2,0,9.6 
1,4,8,8,8,2,0,9.6 
1,8,4,8,8,2,0,9.61 
1,16,2,8,8,2,0,9.61 
1,32,1,8,8,2,0,9.39 
2,1,16,8,8,2,0,9.58 
2,2,8,8,8,2,0,10.19 
2,4,4,8,8,2,0,10.22 
2,8,2,8,8,2,0,10.18 
2,16,1,8,8,2,0,9.61 
4,1,8,8,8,2,0,9.59 
4,2,4,8,8,2,0,10.19 
4,4,2,8,8,2,0,10.2 
4,8,1,8,8,2,0,9.62 
8,1,4,8,8,2,0,9.62 
8,2,2,8,8,2,0,10.38 
8,4,1,8,8,2,0,9.61 
16,1,2,8,8,2,0,9.6 
16,2,1,8,8,2,0,9.62 
32,1,1,8,8,2,0,9.64 
1,1,16,16,8,2,0,6.6 
1,2,8,16,8,2,0,6.84 
1,4,4,16,8,2,0,6.83 
1,8,2,16,8,2,0,6.84 
1,16,1,16,8,2,0,6.76 
2,1,8,16,8,2,0,6.84 
2,2,4,16,8,2,0,7.21 
2,4,2,16,8,2,0,7.28 
2,8,1,16,8,2,0,6.85 
4,1,4,16,8,2,0,6.82 
4,2,2,16,8,2,0,7.15 
4,4,1,16,8,2,0,6.83 
8,1,2,16,8,2,0,6.84 
8,2,1,16,8,2,0,6.86 
16,1,1,16,8,2,0,6.84 
1,1,8,32,8,2,0,4.79 
1,2,4,32,8,2,0,4.93 
1,4,2,32,8,2,0,4.94 
1,8,1,32,8,2,0,4.89 
2,1,4,32,8,2,0,4.94 
2,2,2,32,8,2,0,5.06 
2,4,1,32,8,2,0,4.93 
4,1,2,32,8,2,0,4.93 
4,2,1,32,8,2,0,4.92 
8,1,1,32,8,2,0,4.92 
1,1,4,64,8,2,0,3.9 
1,2,2,64,8,2,0,3.97 
1,4,1,64,8,2,0,3.94 
2,1,2,64,8,2,0,3.96 
2,2,1,64,8,2,0,3.96 
4,1,1,64,8,2,0,3.94 
1,1,128,1,16,2,0,13.51 
1,2,64,1,16,2,0,13.48 
1,4,32,1,16,2,0,13.51 
1,8,16,1,16,2,0,13.45 
1,16,8,1,16,2,0,13.45 
1,32,4,1,16,2,0,13.46 
1,64,2,1,16,2,0,13.5 
1,128,1,1,16,2,0,13.43 
2,1,64,1,16,2,0,13.69 
2,2,32,1,16,2,0,14.08 
2,4,16,1,16,2,0,14.06 
2,8,8,1,16,2,0,14.02 
2,16,4,1,16,2,0,14.01 
2,32,2,1,16,2,0,14.04 
2,64,1,1,16,2,0,14.03 
4,1,32,1,16,2,0,13.62 
4,2,16,1,16,2,0,14.47 
4,4,8,1,16,2,0,14.02 
4,8,4,1,16,2,0,14.04 
4,16,2,1,16,2,0,14.04 
4,32,1,1,16,2,0,13.64 
8,1,16,1,16,2,0,13.61 
8,2,8,1,16,2,0,14.07 
8,4,4,1,16,2,0,13.97 
8,8,2,1,16,2,0,14.06 
8,16,1,1,16,2,0,13.66 
16,1,8,1,16,2,0,13.67 
16,2,4,1,16,2,0,13.95 
16,4,2,1,16,2,0,13.99 
16,8,1,1,16,2,0,13.61 
32,1,4,1,16,2,0,13.6 
32,2,2,1,16,2,0,14.04 
32,4,1,1,16,2,0,13.69 
64,1,2,1,16,2,0,13.61 
64,2,1,1,16,2,0,13.46 
128,1,1,1,16,2,0,13.1 
1,1,64,2,16,2,0,9.21 
1,2,32,2,16,2,0,9.62 
1,4,16,2,16,2,0,9.6 
1,8,8,2,16,2,0,9.63 
1,16,4,2,16,2,0,9.61 
1,32,2,2,16,2,0,9.64 
1,64,1,2,16,2,0,9.51 
2,1,32,2,16,2,0,9.62 
2,2,16,2,16,2,0,10.16 
2,4,8,2,16,2,0,10.62 
2,8,4,2,16,2,0,10.19 
2,16,2,2,16,2,0,10.2 
2,32,1,2,16,2,0,9.68 
4,1,16,2,16,2,0,9.68 
4,2,8,2,16,2,0,10.53 
4,4,4,2,16,2,0,10.19 
4,8,2,2,16,2,0,10.2 
4,16,1,2,16,2,0,9.65 
8,1,8,2,16,2,0,9.62 
8,2,4,2,16,2,0,10.21 
8,4,2,2,16,2,0,10.19 
8,8,1,2,16,2,0,9.64 
16,1,4,2,16,2,0,9.63 
16,2,2,2,16,2,0,10.2 
16,4,1,2,16,2,0,10.43 
32,1,2,2,16,2,0,9.6 
32,2,1,2,16,2,0,9.64 
64,1,1,2,16,2,0,9.59 
1,1,32,4,16,2,0,9.22 
1,2,16,4,16,2,0,9.6 
1,4,8,4,16,2,0,9.62 
1,8,4,4,16,2,0,9.66 
1,16,2,4,16,2,0,9.33 
1,32,1,4,16,2,0,10.35 
2,1,16,4,16,2,0,9.63 
2,2,8,4,16,2,0,10.14 
2,4,4,4,16,2,0,10.22 
2,8,2,4,16,2,0,10.16 
2,16,1,4,16,2,0,9.64 
4,1,8,4,16,2,0,9.63 
4,2,4,4,16,2,0,10.2 
4,4,2,4,16,2,0,10.2 
4,8,1,4,16,2,0,9.6 
8,1,4,4,16,2,0,10.39 
8,2,2,4,16,2,0,10.22 
8,4,1,4,16,2,0,9.64 
16,1,2,4,16,2,0,9.59 
16,2,1,4,16,2,0,9.61 
32,1,1,4,16,2,0,9.62 
1,1,16,8,16,2,0,6.59 
1,2,8,8,16,2,0,6.81 
1,4,4,8,16,2,0,7.36 
1,8,2,8,16,2,0,6.84 
1,16,1,8,16,2,0,6.73 
2,1,8,8,16,2,0,6.82 
2,2,4,8,16,2,0,7.21 
2,4,2,8,16,2,0,7.16 
2,8,1,8,16,2,0,6.92 
4,1,4,8,16,2,0,6.81 
4,2,2,8,16,2,0,7.34 
4,4,1,8,16,2,0,6.83 
8,1,2,8,16,2,0,6.82 
8,2,1,8,16,2,0,6.83 
16,1,1,8,16,2,0,6.86 
1,1,8,16,16,2,0,4.82 
1,2,4,16,16,2,0,4.94 
1,4,2,16,16,2,0,4.93 
1,8,1,16,16,2,0,4.91 
2,1,4,16,16,2,0,4.92 
2,2,2,16,16,2,0,5.05 
2,4,1,16,16,2,0,4.93 
4,1,2,16,16,2,0,4.94 
4,2,1,16,16,2,0,4.93 
8,1,1,16,16,2,0,4.94 
1,1,4,32,16,2,0,3.96 
1,2,2,32,16,2,0,3.98 
1,4,1,32,16,2,0,3.95 
2,1,2,32,16,2,0,3.97 
2,2,1,32,16,2,0,3.97 
4,1,1,32,16,2,0,3.95 
1,1,64,1,32,2,0,9.62 
1,2,32,1,32,2,0,9.53 
1,4,16,1,32,2,0,9.54 
1,8,8,1,32,2,0,9.3 
1,16,4,1,32,2,0,9.65 
1,32,2,1,32,2,0,9.52 
1,64,1,1,32,2,0,9.78 
2,1,32,1,32,2,0,9.62 
2,2,16,1,32,2,0,9.98 
2,4,8,1,32,2,0,10.37 
2,8,4,1,32,2,0,9.98 
2,16,2,1,32,2,0,10.0 
2,32,1,1,32,2,0,9.66 
4,1,16,1,32,2,0,9.63 
4,2,8,1,32,2,0,10.01 
4,4,4,1,32,2,0,9.99 
4,8,2,1,32,2,0,10.04 
4,16,1,1,32,2,0,9.67 
8,1,8,1,32,2,0,9.65 
8,2,4,1,32,2,0,9.97 
8,4,2,1,32,2,0,10.0 
8,8,1,1,32,2,0,9.65 
16,1,4,1,32,2,0,9.63 
16,2,2,1,32,2,0,10.0 
16,4,1,1,32,2,0,10.27 
32,1,2,1,32,2,0,10.0 
32,2,1,1,32,2,0,9.67 
64,1,1,1,32,2,0,9.22 
1,1,32,2,32,2,0,9.34 
1,2,16,2,32,2,0,9.64 
1,4,8,2,32,2,0,9.64 
1,8,4,2,32,2,0,9.6 
1,16,2,2,32,2,0,9.62 
1,32,1,2,32,2,0,9.59 
2,1,16,2,32,2,0,9.51 
2,2,8,2,32,2,0,10.2 
2,4,4,2,32,2,0,10.15 
2,8,2,2,32,2,0,10.21 
2,16,1,2,32,2,0,9.55 
4,1,8,2,32,2,0,9.58 
4,2,4,2,32,2,0,10.18 
4,4,2,2,32,2,0,10.17 
4,8,1,2,32,2,0,9.57 
8,1,4,2,32,2,0,10.42 
8,2,2,2,32,2,0,10.18 
8,4,1,2,32,2,0,9.6 
16,1,2,2,32,2,0,9.58 
16,2,1,2,32,2,0,9.59 
32,1,1,2,32,2,0,9.67 
1,1,16,4,32,2,0,6.62 
1,2,8,4,32,2,0,6.85 
1,4,4,4,32,2,0,6.82 
1,8,2,4,32,2,0,6.83 
1,16,1,4,32,2,0,6.79 
2,1,8,4,32,2,0,6.81 
2,2,4,4,32,2,0,7.26 
2,4,2,4,32,2,0,7.16 
2,8,1,4,32,2,0,6.82 
4,1,4,4,32,2,0,6.82 
4,2,2,4,32,2,0,7.14 
4,4,1,4,32,2,0,6.83 
8,1,2,4,32,2,0,6.81 
8,2,1,4,32,2,0,6.84 
16,1,1,4,32,2,0,6.86 
1,1,8,8,32,2,0,4.84 
1,2,4,8,32,2,0,5.0 
1,4,2,8,32,2,0,4.95 
1,8,1,8,32,2,0,5.03 
2,1,4,8,32,2,0,4.92 
2,2,2,8,32,2,0,5.05 
2,4,1,8,32,2,0,4.94 
4,1,2,8,32,2,0,4.93 
4,2,1,8,32,2,0,4.94 
8,1,1,8,32,2,0,4.93 
1,1,4,16,32,2,0,3.91 
1,2,2,16,32,2,0,3.97 
1,4,1,16,32,2,0,3.95 
2,1,2,16,32,2,0,3.96 
2,2,1,16,32,2,0,3.97 
4,1,1,16,32,2,0,3.96 
1,1,32,1,64,2,0,9.58 
1,2,16,1,64,2,0,9.51 
1,4,8,1,64,2,0,9.49 
1,8,4,1,64,2,0,9.52 
1,16,2,1,64,2,0,9.52 
1,32,1,1,64,2,0,9.47 
2,1,16,1,64,2,0,9.64 
2,2,8,1,64,2,0,10.31 
2,4,4,1,64,2,0,10.01 
2,8,2,1,64,2,0,10.0 
2,16,1,1,64,2,0,10.17 
4,1,8,1,64,2,0,9.65 
4,2,4,1,64,2,0,10.02 
4,4,2,1,64,2,0,10.01 
4,8,1,1,64,2,0,10.18 
8,1,4,1,64,2,0,9.65 
8,2,2,1,64,2,0,10.01 
8,4,1,1,64,2,0,8.85 
16,1,2,1,64,2,0,9.65 
16,2,1,1,64,2,0,10.12 
32,1,1,1,64,2,0,9.24 
1,1,16,2,64,2,0,6.66 
1,2,8,2,64,2,0,6.86 
1,4,4,2,64,2,0,6.84 
1,8,2,2,64,2,0,6.85 
1,16,1,2,64,2,0,6.79 
2,1,8,2,64,2,0,6.8 
2,2,4,2,64,2,0,7.15 
2,4,2,2,64,2,0,7.15 
2,8,1,2,64,2,0,6.83 
4,1,4,2,64,2,0,6.8 
4,2,2,2,64,2,0,7.6 
4,4,1,2,64,2,0,7.02 
8,1,2,2,64,2,0,6.81 
8,2,1,2,64,2,0,6.83 
16,1,1,2,64,2,0,6.85 
1,1,8,4,64,2,0,4.84 
1,2,4,4,64,2,0,4.94 
1,4,2,4,64,2,0,4.93 
1,8,1,4,64,2,0,4.9 
2,1,4,4,64,2,0,4.99 
2,2,2,4,64,2,0,5.05 
2,4,1,4,64,2,0,4.97 
4,1,2,4,64,2,0,4.92 
4,2,1,4,64,2,0,4.93 
8,1,1,4,64,2,0,5.0 
1,1,4,8,64,2,0,3.91 
1,2,2,8,64,2,0,3.97 
1,4,1,8,64,2,0,3.95 
2,1,2,8,64,2,0,3.97 
2,2,1,8,64,2,0,3.97 
4,1,1,8,64,2,0,3.94 
1,1,16,1,128,2,0,7.09 
1,2,8,1,128,2,0,6.74 
1,4,4,1,128,2,0,6.85 
1,8,2,1,128,2,0,6.75 
1,16,1,1,128,2,0,6.77 
2,1,8,1,128,2,0,6.8 
2,2,4,1,128,2,0,7.07 
2,4,2,1,128,2,0,7.05 
2,8,1,1,128,2,0,6.88 
4,1,4,1,128,2,0,6.79 
4,2,2,1,128,2,0,7.05 
4,4,1,1,128,2,0,6.83 
8,1,2,1,128,2,0,6.81 
8,2,1,1,128,2,0,6.84 
16,1,1,1,128,2,0,6.61 
1,1,8,2,128,2,0,4.84 
1,2,4,2,128,2,0,4.92 
1,4,2,2,128,2,0,4.93 
1,8,1,2,128,2,0,4.91 
2,1,4,2,128,2,0,4.93 
2,2,2,2,128,2,0,5.05 
2,4,1,2,128,2,0,4.93 
4,1,2,2,128,2,0,4.93 
4,2,1,2,128,2,0,4.94 
8,1,1,2,128,2,0,4.93 
1,1,4,4,128,2,0,3.91 
1,2,2,4,128,2,0,3.97 
1,4,1,4,128,2,0,3.94 
2,1,2,4,128,2,0,3.96 
2,2,1,4,128,2,0,3.97 
4,1,1,4,128,2,0,3.95 
1,1,8,1,256,2,0,4.89 
1,2,4,1,256,2,0,4.9 
1,4,2,1,256,2,0,4.89 
1,8,1,1,256,2,0,4.89 
2,1,4,1,256,2,0,4.92 
2,2,2,1,256,2,0,5.0 
2,4,1,1,256,2,0,4.92 
4,1,2,1,256,2,0,4.91 
4,2,1,1,256,2,0,4.92 
8,1,1,1,256,2,0,4.81 
1,1,4,2,256,2,0,3.91 
1,2,2,2,256,2,0,3.98 
1,4,1,2,256,2,0,3.99 
2,1,2,2,256,2,0,3.96 
2,2,1,2,256,2,0,3.97 
4,1,1,2,256,2,0,3.95 
1,1,4,1,512,2,0,3.93 
1,2,2,1,512,2,0,3.94 
1,4,1,1,512,2,0,3.93 
2,1,2,1,512,2,0,3.94 
2,2,1,1,512,2,0,3.95 
4,1,1,1,512,2,0,3.89 
1,1,128,8,1,4,0,13.21 
1,2,64,8,1,4,0,13.67 
1,4,32,8,1,4,0,13.68 
1,8,16,8,1,4,0,13.69 
1,16,8,8,1,4,0,13.68 
1,32,4,8,1,4,0,13.69 
1,64,2,8,1,4,0,13.7 
1,128,1,8,1,4,0,13.16 
2,1,64,8,1,4,0,13.25 
2,2,32,8,1,4,0,13.57 
2,4,16,8,1,4,0,13.57 
2,8,8,8,1,4,0,13.56 
2,16,4,8,1,4,0,13.59 
2,32,2,8,1,4,0,13.54 
2,64,1,8,1,4,0,13.56 
4,1,32,8,1,4,0,13.27 
4,2,16,8,1,4,0,13.59 
4,4,8,8,1,4,0,13.58 
4,8,4,8,1,4,0,13.57 
4,16,2,8,1,4,0,13.59 
4,32,1,8,1,4,0,13.55 
8,1,16,8,1,4,0,13.27 
8,2,8,8,1,4,0,13.57 
8,4,4,8,1,4,0,13.58 
8,8,2,8,1,4,0,13.59 
8,16,1,8,1,4,0,13.48 
16,1,8,8,1,4,0,13.27 
16,2,4,8,1,4,0,13.6 
16,4,2,8,1,4,0,13.59 
16,8,1,8,1,4,0,13.52 
32,1,4,8,1,4,0,13.3 
32,2,2,8,1,4,0,13.6 
32,4,1,8,1,4,0,13.55 
64,1,2,8,1,4,0,13.26 
64,2,1,8,1,4,0,13.54 
128,1,1,8,1,4,0,13.59 
1,1,64,16,1,4,0,9.28 
1,2,32,16,1,4,0,9.68 
1,4,16,16,1,4,0,9.67 
1,8,8,16,1,4,0,9.69 
1,16,4,16,1,4,0,9.69 
1,32,2,16,1,4,0,9.97 
1,64,1,16,1,4,0,9.24 
2,1,32,16,1,4,0,9.28 
2,2,16,16,1,4,0,9.74 
2,4,8,16,1,4,0,9.6 
2,8,4,16,1,4,0,9.58 
2,16,2,16,1,4,0,9.62 
2,32,1,16,1,4,0,9.55 
4,1,16,16,1,4,0,9.19 
4,2,8,16,1,4,0,9.57 
4,4,4,16,1,4,0,9.6 
4,8,2,16,1,4,0,9.58 
4,16,1,16,1,4,0,9.55 
8,1,8,16,1,4,0,9.3 
8,2,4,16,1,4,0,9.51 
8,4,2,16,1,4,0,10.34 
8,8,1,16,1,4,0,9.58 
16,1,4,16,1,4,0,9.39 
16,2,2,16,1,4,0,9.65 
16,4,1,16,1,4,0,9.91 
32,1,2,16,1,4,0,9.36 
32,2,1,16,1,4,0,9.54 
64,1,1,16,1,4,0,9.68 
1,1,32,32,1,4,0,9.22 
1,2,16,32,1,4,0,9.68 
1,4,8,32,1,4,0,9.71 
1,8,4,32,1,4,0,9.65 
1,16,2,32,1,4,0,9.68 
1,32,1,32,1,4,0,9.23 
2,1,16,32,1,4,0,9.34 
2,2,8,32,1,4,0,9.66 
2,4,4,32,1,4,0,9.6 
2,8,2,32,1,4,0,9.6 
2,16,1,32,1,4,0,9.55 
4,1,8,32,1,4,0,9.31 
4,2,4,32,1,4,0,9.57 
4,4,2,32,1,4,0,9.57 
4,8,1,32,1,4,0,9.54 
8,1,4,32,1,4,0,9.26 
8,2,2,32,1,4,0,9.68 
8,4,1,32,1,4,0,9.71 
16,1,2,32,1,4,0,9.3 
16,2,1,32,1,4,0,9.55 
32,1,1,32,1,4,0,9.6 
1,1,16,64,1,4,0,6.61 
1,2,8,64,1,4,0,6.83 
1,4,4,64,1,4,0,6.83 
1,8,2,64,1,4,0,6.86 
1,16,1,64,1,4,0,6.6 
2,1,8,64,1,4,0,6.65 
2,2,4,64,1,4,0,6.81 
2,4,2,64,1,4,0,6.79 
2,8,1,64,1,4,0,6.79 
4,1,4,64,1,4,0,6.64 
4,2,2,64,1,4,0,6.81 
4,4,1,64,1,4,0,6.78 
8,1,2,64,1,4,0,6.62 
8,2,1,64,1,4,0,6.8 
16,1,1,64,1,4,0,6.81 
1,1,8,128,1,4,0,4.81 
1,2,4,128,1,4,0,4.92 
1,4,2,128,1,4,0,4.92 
1,8,1,128,1,4,0,4.81 
2,1,4,128,1,4,0,4.83 
2,2,2,128,1,4,0,4.9 
2,4,1,128,1,4,0,4.89 
4,1,2,128,1,4,0,4.84 
4,2,1,128,1,4,0,4.91 
8,1,1,128,1,4,0,4.85 
1,1,4,256,1,4,0,3.9 
1,2,2,256,1,4,0,3.95 
1,4,1,256,1,4,0,3.89 
2,1,2,256,1,4,0,3.91 
2,2,1,256,1,4,0,3.92 
4,1,1,256,1,4,0,3.93 
1,1,128,4,2,4,0,13.27 
1,2,64,4,2,4,0,13.62 
1,4,32,4,2,4,0,13.62 
1,8,16,4,2,4,0,13.57 
1,16,8,4,2,4,0,13.62 
1,32,4,4,2,4,0,13.71 
1,64,2,4,2,4,0,13.61 
1,128,1,4,2,4,0,13.54 
2,1,64,4,2,4,0,13.59 
2,2,32,4,2,4,0,14.26 
2,4,16,4,2,4,0,14.31 
2,8,8,4,2,4,0,14.32 
2,16,4,4,2,4,0,14.27 
2,32,2,4,2,4,0,14.31 
2,64,1,4,2,4,0,13.64 
4,1,32,4,2,4,0,13.64 
4,2,16,4,2,4,0,14.29 
4,4,8,4,2,4,0,14.3 
4,8,4,4,2,4,0,14.3 
4,16,2,4,2,4,0,14.42 
4,32,1,4,2,4,0,13.62 
8,1,16,4,2,4,0,13.58 
8,2,8,4,2,4,0,14.72 
8,4,4,4,2,4,0,14.3 
8,8,2,4,2,4,0,14.3 
8,16,1,4,2,4,0,13.64 
16,1,8,4,2,4,0,13.83 
16,2,4,4,2,4,0,14.3 
16,4,2,4,2,4,0,14.3 
16,8,1,4,2,4,0,13.65 
32,1,4,4,2,4,0,13.55 
32,2,2,4,2,4,0,14.32 
32,4,1,4,2,4,0,13.59 
64,1,2,4,2,4,0,13.63 
64,2,1,4,2,4,0,13.58 
128,1,1,4,2,4,0,13.68 
1,1,64,8,2,4,0,9.35 
1,2,32,8,2,4,0,9.63 
1,4,16,8,2,4,0,9.6 
1,8,8,8,2,4,0,9.64 
1,16,4,8,2,4,0,10.06 
1,32,2,8,2,4,0,9.61 
1,64,1,8,2,4,0,9.59 
2,1,32,8,2,4,0,9.59 
2,2,16,8,2,4,0,10.18 
2,4,8,8,2,4,0,10.2 
2,8,4,8,2,4,0,10.18 
2,16,2,8,2,4,0,10.19 
2,32,1,8,2,4,0,9.58 
4,1,16,8,2,4,0,9.54 
4,2,8,8,2,4,0,10.19 
4,4,4,8,2,4,0,10.22 
4,8,2,8,2,4,0,10.16 
4,16,1,8,2,4,0,9.6 
8,1,8,8,2,4,0,9.6 
8,2,4,8,2,4,0,10.19 
8,4,2,8,2,4,0,10.18 
8,8,1,8,2,4,0,9.62 
16,1,4,8,2,4,0,9.57 
16,2,2,8,2,4,0,10.18 
16,4,1,8,2,4,0,9.64 
32,1,2,8,2,4,0,9.61 
32,2,1,8,2,4,0,9.61 
64,1,1,8,2,4,0,9.66 
1,1,32,16,2,4,0,9.31 
1,2,16,16,2,4,0,9.63 
1,4,8,16,2,4,0,9.63 
1,8,4,16,2,4,0,9.62 
1,16,2,16,2,4,0,9.62 
1,32,1,16,2,4,0,9.58 
2,1,16,16,2,4,0,9.59 
2,2,8,16,2,4,0,10.16 
2,4,4,16,2,4,0,10.19 
2,8,2,16,2,4,0,10.2 
2,16,1,16,2,4,0,9.59 
4,1,8,16,2,4,0,9.57 
4,2,4,16,2,4,0,10.18 
4,4,2,16,2,4,0,10.18 
4,8,1,16,2,4,0,9.59 
8,1,4,16,2,4,0,9.59 
8,2,2,16,2,4,0,10.21 
8,4,1,16,2,4,0,9.59 
16,1,2,16,2,4,0,9.71 
16,2,1,16,2,4,0,9.58 
32,1,1,16,2,4,0,9.65 
1,1,16,32,2,4,0,6.65 
1,2,8,32,2,4,0,6.86 
1,4,4,32,2,4,0,6.88 
1,8,2,32,2,4,0,6.84 
1,16,1,32,2,4,0,6.78 
2,1,8,32,2,4,0,6.82 
2,2,4,32,2,4,0,7.14 
2,4,2,32,2,4,0,7.12 
2,8,1,32,2,4,0,6.85 
4,1,4,32,2,4,0,6.86 
4,2,2,32,2,4,0,7.16 
4,4,1,32,2,4,0,6.84 
8,1,2,32,2,4,0,6.83 
8,2,1,32,2,4,0,6.84 
16,1,1,32,2,4,0,6.83 
1,1,8,64,2,4,0,4.84 
1,2,4,64,2,4,0,4.94 
1,4,2,64,2,4,0,4.94 
1,8,1,64,2,4,0,4.9 
2,1,4,64,2,4,0,4.93 
2,2,2,64,2,4,0,5.06 
2,4,1,64,2,4,0,4.93 
4,1,2,64,2,4,0,4.93 
4,2,1,64,2,4,0,4.93 
8,1,1,64,2,4,0,4.93 
1,1,4,128,2,4,0,3.91 
1,2,2,128,2,4,0,3.97 
1,4,1,128,2,4,0,3.95 
2,1,2,128,2,4,0,4.01 
2,2,1,128,2,4,0,3.97 
4,1,1,128,2,4,0,3.95 
1,1,128,2,4,4,0,13.27 
1,2,64,2,4,4,0,13.64 
1,4,32,2,4,4,0,13.64 
1,8,16,2,4,4,0,13.64 
1,16,8,2,4,4,0,13.93 
1,32,4,2,4,4,0,13.64 
1,64,2,2,4,4,0,13.63 
1,128,1,2,4,4,0,13.65 
2,1,64,2,4,4,0,13.59 
2,2,32,2,4,4,0,14.29 
2,4,16,2,4,4,0,14.29 
2,8,8,2,4,4,0,14.3 
2,16,4,2,4,4,0,14.25 
2,32,2,2,4,4,0,14.33 
2,64,1,2,4,4,0,13.59 
4,1,32,2,4,4,0,13.64 
4,2,16,2,4,4,0,14.28 
4,4,8,2,4,4,0,14.74 
4,8,4,2,4,4,0,14.27 
4,16,2,2,4,4,0,14.28 
4,32,1,2,4,4,0,13.64 
8,1,16,2,4,4,0,13.58 
8,2,8,2,4,4,0,14.3 
8,4,4,2,4,4,0,14.27 
8,8,2,2,4,4,0,14.3 
8,16,1,2,4,4,0,13.59 
16,1,8,2,4,4,0,13.57 
16,2,4,2,4,4,0,14.33 
16,4,2,2,4,4,0,14.31 
16,8,1,2,4,4,0,13.65 
32,1,4,2,4,4,0,13.61 
32,2,2,2,4,4,0,14.3 
32,4,1,2,4,4,0,13.64 
64,1,2,2,4,4,0,13.75 
64,2,1,2,4,4,0,13.58 
128,1,1,2,4,4,0,13.67 
1,1,64,4,4,4,0,9.33 
1,2,32,4,4,4,0,9.64 
1,4,16,4,4,4,0,9.64 
1,8,8,4,4,4,0,9.67 
1,16,4,4,4,4,0,9.63 
1,32,2,4,4,4,0,9.64 
1,64,1,4,4,4,0,9.59 
2,1,32,4,4,4,0,9.57 
2,2,16,4,4,4,0,10.19 
2,4,8,4,4,4,0,10.19 
2,8,4,4,4,4,0,10.18 
2,16,2,4,4,4,0,10.17 
2,32,1,4,4,4,0,9.92 
4,1,16,4,4,4,0,9.59 
4,2,8,4,4,4,0,10.2 
4,4,4,4,4,4,0,10.21 
4,8,2,4,4,4,0,10.17 
4,16,1,4,4,4,0,9.59 
8,1,8,4,4,4,0,9.6 
8,2,4,4,4,4,0,10.2 
8,4,2,4,4,4,0,10.19 
8,8,1,4,4,4,0,10.0 
16,1,4,4,4,4,0,9.58 
16,2,2,4,4,4,0,10.2 
16,4,1,4,4,4,0,9.62 
32,1,2,4,4,4,0,9.59 
32,2,1,4,4,4,0,9.63 
64,1,1,4,4,4,0,9.71 
1,1,32,8,4,4,0,9.31 
1,2,16,8,4,4,0,9.63 
1,4,8,8,4,4,0,9.61 
1,8,4,8,4,4,0,9.63 
1,16,2,8,4,4,0,9.61 
1,32,1,8,4,4,0,9.57 
2,1,16,8,4,4,0,9.57 
2,2,8,8,4,4,0,10.19 
2,4,4,8,4,4,0,10.13 
2,8,2,8,4,4,0,10.16 
2,16,1,8,4,4,0,9.57 
4,1,8,8,4,4,0,9.55 
4,2,4,8,4,4,0,10.16 
4,4,2,8,4,4,0,10.18 
4,8,1,8,4,4,0,9.6 
8,1,4,8,4,4,0,9.58 
8,2,2,8,4,4,0,10.19 
8,4,1,8,4,4,0,9.59 
16,1,2,8,4,4,0,9.58 
16,2,1,8,4,4,0,9.59 
32,1,1,8,4,4,0,9.67 
1,1,16,16,4,4,0,6.75 
1,2,8,16,4,4,0,6.83 
1,4,4,16,4,4,0,6.83 
1,8,2,16,4,4,0,6.87 
1,16,1,16,4,4,0,6.8 
2,1,8,16,4,4,0,6.82 
2,2,4,16,4,4,0,7.15 
2,4,2,16,4,4,0,7.14 
2,8,1,16,4,4,0,6.8 
4,1,4,16,4,4,0,6.8 
4,2,2,16,4,4,0,7.33 
4,4,1,16,4,4,0,6.79 
8,1,2,16,4,4,0,6.81 
8,2,1,16,4,4,0,6.82 
16,1,1,16,4,4,0,6.86 
1,1,8,32,4,4,0,4.84 
1,2,4,32,4,4,0,4.93 
1,4,2,32,4,4,0,4.93 
1,8,1,32,4,4,0,4.92 
2,1,4,32,4,4,0,4.9 
2,2,2,32,4,4,0,5.05 
2,4,1,32,4,4,0,4.93 
4,1,2,32,4,4,0,4.93 
4,2,1,32,4,4,0,4.92 
8,1,1,32,4,4,0,4.96 
1,1,4,64,4,4,0,3.91 
1,2,2,64,4,4,0,3.97 
1,4,1,64,4,4,0,3.95 
2,1,2,64,4,4,0,3.96 
2,2,1,64,4,4,0,3.97 
4,1,1,64,4,4,0,3.95 
1,1,128,1,8,4,0,13.62 
1,2,64,1,8,4,0,13.44 
1,4,32,1,8,4,0,13.48 
1,8,16,1,8,4,0,13.47 
1,16,8,1,8,4,0,13.64 
1,32,4,1,8,4,0,13.47 
1,64,2,1,8,4,0,13.44 
1,128,1,1,8,4,0,13.51 
2,1,64,1,8,4,0,13.64 
2,2,32,1,8,4,0,14.14 
2,4,16,1,8,4,0,14.12 
2,8,8,1,8,4,0,14.11 
2,16,4,1,8,4,0,14.12 
2,32,2,1,8,4,0,14.11 
2,64,1,1,8,4,0,14.09 
4,1,32,1,8,4,0,13.61 
4,2,16,1,8,4,0,14.09 
4,4,8,1,8,4,0,14.07 
4,8,4,1,8,4,0,14.12 
4,16,2,1,8,4,0,14.11 
4,32,1,1,8,4,0,14.11 
8,1,16,1,8,4,0,13.64 
8,2,8,1,8,4,0,14.63 
8,4,4,1,8,4,0,14.13 
8,8,2,1,8,4,0,14.46 
8,16,1,1,8,4,0,14.1 
16,1,8,1,8,4,0,14.19 
16,2,4,1,8,4,0,14.03 
16,4,2,1,8,4,0,14.13 
16,8,1,1,8,4,0,14.09 
32,1,4,1,8,4,0,13.63 
32,2,2,1,8,4,0,14.12 
32,4,1,1,8,4,0,14.14 
64,1,2,1,8,4,0,13.67 
64,2,1,1,8,4,0,14.14 
128,1,1,1,8,4,0,13.18 
1,1,64,2,8,4,0,9.36 
1,2,32,2,8,4,0,9.64 
1,4,16,2,8,4,0,9.66 
1,8,8,2,8,4,0,9.62 
1,16,4,2,8,4,0,9.62 
1,32,2,2,8,4,0,9.64 
1,64,1,2,8,4,0,9.59 
2,1,32,2,8,4,0,9.6 
2,2,16,2,8,4,0,10.16 
2,4,8,2,8,4,0,10.17 
2,8,4,2,8,4,0,10.38 
2,16,2,2,8,4,0,10.17 
2,32,1,2,8,4,0,9.54 
4,1,16,2,8,4,0,9.62 
4,2,8,2,8,4,0,10.18 
4,4,4,2,8,4,0,10.19 
4,8,2,2,8,4,0,10.23 
4,16,1,2,8,4,0,9.6 
8,1,8,2,8,4,0,9.57 
8,2,4,2,8,4,0,10.2 
8,4,2,2,8,4,0,10.56 
8,8,1,2,8,4,0,9.6 
16,1,4,2,8,4,0,9.6 
16,2,2,2,8,4,0,8.35 
16,4,1,2,8,4,0,9.7 
32,1,2,2,8,4,0,9.58 
32,2,1,2,8,4,0,9.6 
64,1,1,2,8,4,0,9.69 
1,1,32,4,8,4,0,9.32 
1,2,16,4,8,4,0,9.62 
1,4,8,4,8,4,0,9.76 
1,8,4,4,8,4,0,9.63 
1,16,2,4,8,4,0,9.62 
1,32,1,4,8,4,0,9.58 
2,1,16,4,8,4,0,9.56 
2,2,8,4,8,4,0,10.14 
2,4,4,4,8,4,0,10.17 
2,8,2,4,8,4,0,10.14 
2,16,1,4,8,4,0,9.6 
4,1,8,4,8,4,0,9.89 
4,2,4,4,8,4,0,10.17 
4,4,2,4,8,4,0,10.18 
4,8,1,4,8,4,0,9.57 
8,1,4,4,8,4,0,9.6 
8,2,2,4,8,4,0,10.19 
8,4,1,4,8,4,0,9.56 
16,1,2,4,8,4,0,9.55 
16,2,1,4,8,4,0,9.6 
32,1,1,4,8,4,0,9.66 
1,1,16,8,8,4,0,6.66 
1,2,8,8,8,4,0,6.85 
1,4,4,8,8,4,0,6.85 
1,8,2,8,8,4,0,6.83 
1,16,1,8,8,4,0,6.79 
2,1,8,8,8,4,0,6.82 
2,2,4,8,8,4,0,7.14 
2,4,2,8,8,4,0,7.29 
2,8,1,8,8,4,0,6.79 
4,1,4,8,8,4,0,6.82 
4,2,2,8,8,4,0,7.15 
4,4,1,8,8,4,0,6.85 
8,1,2,8,8,4,0,6.81 
8,2,1,8,8,4,0,6.82 
16,1,1,8,8,4,0,6.86 
1,1,8,16,8,4,0,4.84 
1,2,4,16,8,4,0,4.94 
1,4,2,16,8,4,0,4.94 
1,8,1,16,8,4,0,4.9 
2,1,4,16,8,4,0,5.03 
2,2,2,16,8,4,0,5.06 
2,4,1,16,8,4,0,4.93 
4,1,2,16,8,4,0,4.92 
4,2,1,16,8,4,0,4.93 
8,1,1,16,8,4,0,4.94 
1,1,4,32,8,4,0,3.91 
1,2,2,32,8,4,0,3.97 
1,4,1,32,8,4,0,3.95 
2,1,2,32,8,4,0,3.96 
2,2,1,32,8,4,0,3.97 
4,1,1,32,8,4,0,3.95 
1,1,64,1,16,4,0,9.61 
1,2,32,1,16,4,0,9.53 
1,4,16,1,16,4,0,9.53 
1,8,8,1,16,4,0,9.54 
1,16,4,1,16,4,0,9.51 
1,32,2,1,16,4,0,9.52 
1,64,1,1,16,4,0,9.53 
2,1,32,1,16,4,0,9.79 
2,2,16,1,16,4,0,9.98 
2,4,8,1,16,4,0,10.0 
2,8,4,1,16,4,0,9.98 
2,16,2,1,16,4,0,10.02 
2,32,1,1,16,4,0,9.74 
4,1,16,1,16,4,0,9.66 
4,2,8,1,16,4,0,10.01 
4,4,4,1,16,4,0,10.02 
4,8,2,1,16,4,0,10.03 
4,16,1,1,16,4,0,9.78 
8,1,8,1,16,4,0,9.66 
8,2,4,1,16,4,0,9.99 
8,4,2,1,16,4,0,10.01 
8,8,1,1,16,4,0,9.75 
16,1,4,1,16,4,0,9.64 
16,2,2,1,16,4,0,9.99 
16,4,1,1,16,4,0,9.75 
32,1,2,1,16,4,0,9.65 
32,2,1,1,16,4,0,9.75 
64,1,1,1,16,4,0,9.23 
1,1,32,2,16,4,0,9.29 
1,2,16,2,16,4,0,9.67 
1,4,8,2,16,4,0,9.62 
1,8,4,2,16,4,0,9.62 
1,16,2,2,16,4,0,9.62 
1,32,1,2,16,4,0,9.58 
2,1,16,2,16,4,0,9.59 
2,2,8,2,16,4,0,10.18 
2,4,4,2,16,4,0,10.14 
2,8,2,2,16,4,0,10.18 
2,16,1,2,16,4,0,9.59 
4,1,8,2,16,4,0,9.59 
4,2,4,2,16,4,0,10.18 
4,4,2,2,16,4,0,10.18 
4,8,1,2,16,4,0,9.6 
8,1,4,2,16,4,0,9.58 
8,2,2,2,16,4,0,10.19 
8,4,1,2,16,4,0,9.59 
16,1,2,2,16,4,0,9.6 
16,2,1,2,16,4,0,9.55 
32,1,1,2,16,4,0,9.67 
1,1,16,4,16,4,0,6.65 
1,2,8,4,16,4,0,6.85 
1,4,4,4,16,4,0,6.84 
1,8,2,4,16,4,0,6.86 
1,16,1,4,16,4,0,6.79 
2,1,8,4,16,4,0,6.77 
2,2,4,4,16,4,0,7.14 
2,4,2,4,16,4,0,7.14 
2,8,1,4,16,4,0,6.82 
4,1,4,4,16,4,0,6.81 
4,2,2,4,16,4,0,7.14 
4,4,1,4,16,4,0,6.83 
8,1,2,4,16,4,0,6.81 
8,2,1,4,16,4,0,6.84 
16,1,1,4,16,4,0,6.84 
1,1,8,8,16,4,0,4.84 
1,2,4,8,16,4,0,4.93 
1,4,2,8,16,4,0,4.82 
1,8,1,8,16,4,0,4.76 
2,1,4,8,16,4,0,3.51 
2,2,2,8,16,4,0,5.05 
2,4,1,8,16,4,0,4.94 
4,1,2,8,16,4,0,4.94 
4,2,1,8,16,4,0,4.8 
8,1,1,8,16,4,0,4.91 
1,1,4,16,16,4,0,3.9 
1,2,2,16,16,4,0,3.97 
1,4,1,16,16,4,0,3.95 
2,1,2,16,16,4,0,3.96 
2,2,1,16,16,4,0,3.96 
4,1,1,16,16,4,0,3.95 
1,1,32,1,32,4,0,9.22 
1,2,16,1,32,4,0,9.52 
1,4,8,1,32,4,0,9.5 
1,8,4,1,32,4,0,9.51 
1,16,2,1,32,4,0,9.47 
1,32,1,1,32,4,0,9.91 
2,1,16,1,32,4,0,9.62 
2,2,8,1,32,4,0,10.24 
2,4,4,1,32,4,0,10.01 
2,8,2,1,32,4,0,9.99 
2,16,1,1,32,4,0,8.73 
4,1,8,1,32,4,0,9.64 
4,2,4,1,32,4,0,10.01 
4,4,2,1,32,4,0,10.39 
4,8,1,1,32,4,0,9.77 
8,1,4,1,32,4,0,9.63 
8,2,2,1,32,4,0,9.92 
8,4,1,1,32,4,0,10.08 
16,1,2,1,32,4,0,10.02 
16,2,1,1,32,4,0,9.22 
32,1,1,1,32,4,0,9.23 
1,1,16,2,32,4,0,6.6 
1,2,8,2,32,4,0,6.86 
1,4,4,2,32,4,0,6.85 
1,8,2,2,32,4,0,6.85 
1,16,1,2,32,4,0,6.77 
2,1,8,2,32,4,0,6.94 
2,2,4,2,32,4,0,7.16 
2,4,2,2,32,4,0,7.1 
2,8,1,2,32,4,0,6.85 
4,1,4,2,32,4,0,6.81 
4,2,2,2,32,4,0,7.14 
4,4,1,2,32,4,0,6.81 
8,1,2,2,32,4,0,6.77 
8,2,1,2,32,4,0,6.8 
16,1,1,2,32,4,0,6.82 
1,1,8,4,32,4,0,4.82 
1,2,4,4,32,4,0,4.94 
1,4,2,4,32,4,0,4.89 
1,8,1,4,32,4,0,4.87 
2,1,4,4,32,4,0,4.94 
2,2,2,4,32,4,0,5.03 
2,4,1,4,32,4,0,4.92 
4,1,2,4,32,4,0,4.91 
4,2,1,4,32,4,0,4.94 
8,1,1,4,32,4,0,4.92 
1,1,4,8,32,4,0,3.86 
1,2,2,8,32,4,0,3.98 
1,4,1,8,32,4,0,3.94 
2,1,2,8,32,4,0,3.96 
2,2,1,8,32,4,0,3.96 
4,1,1,8,32,4,0,3.93 
1,1,16,1,64,4,0,6.74 
1,2,8,1,64,4,0,6.75 
1,4,4,1,64,4,0,6.77 
1,8,2,1,64,4,0,6.77 
1,16,1,1,64,4,0,6.75 
2,1,8,1,64,4,0,6.8 
2,2,4,1,64,4,0,7.05 
2,4,2,1,64,4,0,7.02 
2,8,1,1,64,4,0,5.98 
4,1,4,1,64,4,0,6.74 
4,2,2,1,64,4,0,7.03 
4,4,1,1,64,4,0,5.98 
8,1,2,1,64,4,0,6.75 
8,2,1,1,64,4,0,5.99 
16,1,1,1,64,4,0,6.78 
1,1,8,2,64,4,0,4.8 
1,2,4,2,64,4,0,4.93 
1,4,2,2,64,4,0,4.92 
1,8,1,2,64,4,0,4.89 
2,1,4,2,64,4,0,4.93 
2,2,2,2,64,4,0,5.19 
2,4,1,2,64,4,0,4.94 
4,1,2,2,64,4,0,4.92 
4,2,1,2,64,4,0,4.93 
8,1,1,2,64,4,0,4.94 
1,1,4,4,64,4,0,3.79 
1,2,2,4,64,4,0,3.84 
1,4,1,4,64,4,0,3.97 
2,1,2,4,64,4,0,3.96 
2,2,1,4,64,4,0,3.96 
4,1,1,4,64,4,0,3.94 
1,1,8,1,128,4,0,4.75 
1,2,4,1,128,4,0,4.89 
1,4,2,1,128,4,0,4.88 
1,8,1,1,128,4,0,4.85 
2,1,4,1,128,4,0,4.89 
2,2,2,1,128,4,0,4.97 
2,4,1,1,128,4,0,4.4 
4,1,2,1,128,4,0,4.9 
4,2,1,1,128,4,0,4.43 
8,1,1,1,128,4,0,4.81 
1,1,4,2,128,4,0,3.9 
1,2,2,2,128,4,0,3.97 
1,4,1,2,128,4,0,3.95 
2,1,2,2,128,4,0,3.96 
2,2,1,2,128,4,0,3.96 
4,1,1,2,128,4,0,3.94 
1,1,4,1,256,4,0,3.91 
1,2,2,1,256,4,0,3.94 
1,4,1,1,256,4,0,3.89 
2,1,2,1,256,4,0,3.94 
2,2,1,1,256,4,0,3.81 
4,1,1,1,256,4,0,3.89 
1,1,128,4,1,8,0,12.73 
1,2,64,4,1,8,0,13.22 
1,4,32,4,1,8,0,13.56 
1,8,16,4,1,8,0,13.58 
1,16,8,4,1,8,0,13.78 
1,32,4,4,1,8,0,13.2 
1,64,2,4,1,8,0,14.1 
1,128,1,4,1,8,0,13.13 
2,1,64,4,1,8,0,13.26 
2,2,32,4,1,8,0,13.55 
2,4,16,4,1,8,0,13.56 
2,8,8,4,1,8,0,13.59 
2,16,4,4,1,8,0,13.84 
2,32,2,4,1,8,0,13.54 
2,64,1,4,1,8,0,13.49 
4,1,32,4,1,8,0,13.31 
4,2,16,4,1,8,0,13.57 
4,4,8,4,1,8,0,13.59 
4,8,4,4,1,8,0,13.58 
4,16,2,4,1,8,0,13.53 
4,32,1,4,1,8,0,13.52 
8,1,16,4,1,8,0,13.25 
8,2,8,4,1,8,0,13.52 
8,4,4,4,1,8,0,13.55 
8,8,2,4,1,8,0,13.52 
8,16,1,4,1,8,0,13.58 
16,1,8,4,1,8,0,13.24 
16,2,4,4,1,8,0,13.55 
16,4,2,4,1,8,0,13.54 
16,8,1,4,1,8,0,13.45 
32,1,4,4,1,8,0,13.27 
32,2,2,4,1,8,0,13.57 
32,4,1,4,1,8,0,13.51 
64,1,2,4,1,8,0,13.28 
64,2,1,4,1,8,0,13.55 
128,1,1,4,1,8,0,14.05 
1,1,64,8,1,8,0,9.88 
1,2,32,8,1,8,0,9.74 
1,4,16,8,1,8,0,9.32 
1,8,8,8,1,8,0,9.79 
1,16,4,8,1,8,0,10.54 
1,32,2,8,1,8,0,9.42 
1,64,1,8,1,8,0,9.2 
2,1,32,8,1,8,0,9.28 
2,2,16,8,1,8,0,9.6 
2,4,8,8,1,8,0,9.58 
2,8,4,8,1,8,0,9.68 
2,16,2,8,1,8,0,9.58 
2,32,1,8,1,8,0,10.39 
4,1,16,8,1,8,0,9.28 
4,2,8,8,1,8,0,9.58 
4,4,4,8,1,8,0,9.57 
4,8,2,8,1,8,0,9.58 
4,16,1,8,1,8,0,8.38 
8,1,8,8,1,8,0,9.27 
8,2,4,8,1,8,0,9.58 
8,4,2,8,1,8,0,9.32 
8,8,1,8,1,8,0,9.23 
16,1,4,8,1,8,0,9.35 
16,2,2,8,1,8,0,9.64 
16,4,1,8,1,8,0,9.67 
32,1,2,8,1,8,0,9.17 
32,2,1,8,1,8,0,9.27 
64,1,1,8,1,8,0,9.82 
1,1,32,16,1,8,0,9.2 
1,2,16,16,1,8,0,9.62 
1,4,8,16,1,8,0,9.63 
1,8,4,16,1,8,0,9.62 
1,16,2,16,1,8,0,9.55 
1,32,1,16,1,8,0,9.05 
2,1,16,16,1,8,0,9.72 
2,2,8,16,1,8,0,9.45 
2,4,4,16,1,8,0,9.59 
2,8,2,16,1,8,0,9.73 
2,16,1,16,1,8,0,9.43 
4,1,8,16,1,8,0,9.06 
4,2,4,16,1,8,0,9.91 
4,4,2,16,1,8,0,9.47 
4,8,1,16,1,8,0,10.3 
8,1,4,16,1,8,0,9.19 
8,2,2,16,1,8,0,9.5 
8,4,1,16,1,8,0,9.57 
16,1,2,16,1,8,0,9.29 
16,2,1,16,1,8,0,9.7 
32,1,1,16,1,8,0,9.77 
1,1,16,32,1,8,0,6.67 
1,2,8,32,1,8,0,6.94 
1,4,4,32,1,8,0,6.73 
1,8,2,32,1,8,0,6.75 
1,16,1,32,1,8,0,6.69 
2,1,8,32,1,8,0,6.52 
2,2,4,32,1,8,0,6.96 
2,4,2,32,1,8,0,6.69 
2,8,1,32,1,8,0,6.68 
4,1,4,32,1,8,0,6.72 
4,2,2,32,1,8,0,6.64 
4,4,1,32,1,8,0,7.3 
8,1,2,32,1,8,0,6.54 
8,2,1,32,1,8,0,6.66 
16,1,1,32,1,8,0,7.28 
1,1,8,64,1,8,0,4.69 
1,2,4,64,1,8,0,4.84 
1,4,2,64,1,8,0,4.84 
1,8,1,64,1,8,0,4.65 
2,1,4,64,1,8,0,4.69 
2,2,2,64,1,8,0,4.79 
2,4,1,64,1,8,0,4.78 
4,1,2,64,1,8,0,4.73 
4,2,1,64,1,8,0,4.89 
8,1,1,64,1,8,0,4.77 
1,1,4,128,1,8,0,3.77 
1,2,2,128,1,8,0,4.09 
1,4,1,128,1,8,0,3.88 
2,1,2,128,1,8,0,3.9 
2,2,1,128,1,8,0,3.9 
4,1,1,128,1,8,0,3.92 
1,1,128,2,2,8,0,12.72 
1,2,64,2,2,8,0,13.63 
1,4,32,2,2,8,0,13.67 
1,8,16,2,2,8,0,13.62 
1,16,8,2,2,8,0,13.62 
1,32,4,2,2,8,0,13.66 
1,64,2,2,2,8,0,13.59 
1,128,1,2,2,8,0,13.51 
2,1,64,2,2,8,0,13.65 
2,2,32,2,2,8,0,14.3 
2,4,16,2,2,8,0,14.3 
2,8,8,2,2,8,0,14.29 
2,16,4,2,2,8,0,14.21 
2,32,2,2,2,8,0,14.26 
2,64,1,2,2,8,0,13.67 
4,1,32,2,2,8,0,13.48 
4,2,16,2,2,8,0,14.28 
4,4,8,2,2,8,0,14.28 
4,8,4,2,2,8,0,14.28 
4,16,2,2,2,8,0,14.7 
4,32,1,2,2,8,0,13.67 
8,1,16,2,2,8,0,13.64 
8,2,8,2,2,8,0,14.27 
8,4,4,2,2,8,0,14.26 
8,8,2,2,2,8,0,14.3 
8,16,1,2,2,8,0,13.7 
16,1,8,2,2,8,0,13.66 
16,2,4,2,2,8,0,14.28 
16,4,2,2,2,8,0,14.28 
16,8,1,2,2,8,0,13.62 
32,1,4,2,2,8,0,13.65 
32,2,2,2,2,8,0,14.31 
32,4,1,2,2,8,0,13.66 
64,1,2,2,2,8,0,13.65 
64,2,1,2,2,8,0,13.68 
128,1,1,2,2,8,0,13.41 
1,1,64,4,2,8,0,9.2 
1,2,32,4,2,8,0,9.62 
1,4,16,4,2,8,0,9.6 
1,8,8,4,2,8,0,9.62 
1,16,4,4,2,8,0,9.61 
1,32,2,4,2,8,0,9.63 
1,64,1,4,2,8,0,9.5 
2,1,32,4,2,8,0,9.65 
2,2,16,4,2,8,0,10.2 
2,4,8,4,2,8,0,10.51 
2,8,4,4,2,8,0,10.2 
2,16,2,4,2,8,0,10.17 
2,32,1,4,2,8,0,9.66 
4,1,16,4,2,8,0,9.64 
4,2,8,4,2,8,0,10.27 
4,4,4,4,2,8,0,10.14 
4,8,2,4,2,8,0,10.2 
4,16,1,4,2,8,0,9.67 
8,1,8,4,2,8,0,10.35 
8,2,4,4,2,8,0,10.16 
8,4,2,4,2,8,0,10.2 
8,8,1,4,2,8,0,9.61 
16,1,4,4,2,8,0,9.64 
16,2,2,4,2,8,0,9.91 
16,4,1,4,2,8,0,9.55 
32,1,2,4,2,8,0,9.54 
32,2,1,4,2,8,0,10.39 
64,1,1,4,2,8,0,9.45 
1,1,32,8,2,8,0,9.43 
1,2,16,8,2,8,0,9.66 
1,4,8,8,2,8,0,9.4 
1,8,4,8,2,8,0,9.36 
1,16,2,8,2,8,0,9.4 
1,32,1,8,2,8,0,9.55 
2,1,16,8,2,8,0,9.6 
2,2,8,8,2,8,0,10.26 
2,4,4,8,2,8,0,10.23 
2,8,2,8,2,8,0,10.13 
2,16,1,8,2,8,0,9.59 
4,1,8,8,2,8,0,9.63 
4,2,4,8,2,8,0,10.23 
4,4,2,8,2,8,0,10.16 
4,8,1,8,2,8,0,9.97 
8,1,4,8,2,8,0,9.39 
8,2,2,8,2,8,0,10.33 
8,4,1,8,2,8,0,10.15 
16,1,2,8,2,8,0,9.67 
16,2,1,8,2,8,0,9.65 
32,1,1,8,2,8,0,9.65 
1,1,16,16,2,8,0,6.88 
1,2,8,16,2,8,0,6.9 
1,4,4,16,2,8,0,7.28 
1,8,2,16,2,8,0,6.69 
1,16,1,16,2,8,0,6.76 
2,1,8,16,2,8,0,6.84 
2,2,4,16,2,8,0,7.16 
2,4,2,16,2,8,0,7.17 
2,8,1,16,2,8,0,6.85 
4,1,4,16,2,8,0,6.77 
4,2,2,16,2,8,0,7.33 
4,4,1,16,2,8,0,6.84 
8,1,2,16,2,8,0,6.82 
8,2,1,16,2,8,0,6.85 
16,1,1,16,2,8,0,6.84 
1,1,8,32,2,8,0,4.81 
1,2,4,32,2,8,0,4.92 
1,4,2,32,2,8,0,4.93 
1,8,1,32,2,8,0,4.89 
2,1,4,32,2,8,0,4.93 
2,2,2,32,2,8,0,5.06 
2,4,1,32,2,8,0,4.94 
4,1,2,32,2,8,0,4.91 
4,2,1,32,2,8,0,4.93 
8,1,1,32,2,8,0,4.01 
1,1,4,64,2,8,0,3.91 
1,2,2,64,2,8,0,3.87 
1,4,1,64,2,8,0,3.93 
2,1,2,64,2,8,0,3.96 
2,2,1,64,2,8,0,3.96 
4,1,1,64,2,8,0,3.94 
1,1,128,1,4,8,0,13.12 
1,2,64,1,4,8,0,9.85 
1,4,32,1,4,8,0,13.49 
1,8,16,1,4,8,0,13.44 
1,16,8,1,4,8,0,13.65 
1,32,4,1,4,8,0,13.06 
1,64,2,1,4,8,0,12.98 
1,128,1,1,4,8,0,13.42 
2,1,64,1,4,8,0,13.18 
2,2,32,1,4,8,0,14.61 
2,4,16,1,4,8,0,14.05 
2,8,8,1,4,8,0,14.22 
2,16,4,1,4,8,0,14.04 
2,32,2,1,4,8,0,14.04 
2,64,1,1,4,8,0,14.1 
4,1,32,1,4,8,0,13.58 
4,2,16,1,4,8,0,14.08 
4,4,8,1,4,8,0,14.03 
4,8,4,1,4,8,0,13.98 
4,16,2,1,4,8,0,14.04 
4,32,1,1,4,8,0,14.08 
8,1,16,1,4,8,0,13.54 
8,2,8,1,4,8,0,14.0 
8,4,4,1,4,8,0,14.06 
8,8,2,1,4,8,0,14.16 
8,16,1,1,4,8,0,14.06 
16,1,8,1,4,8,0,15.08 
16,2,4,1,4,8,0,14.01 
16,4,2,1,4,8,0,14.03 
16,8,1,1,4,8,0,13.93 
32,1,4,1,4,8,0,13.86 
32,2,2,1,4,8,0,14.86 
32,4,1,1,4,8,0,13.58 
64,1,2,1,4,8,0,13.66 
64,2,1,1,4,8,0,13.7 
128,1,1,1,4,8,0,12.63 
1,1,64,2,4,8,0,9.42 
1,2,32,2,4,8,0,9.52 
1,4,16,2,4,8,0,10.47 
1,8,8,2,4,8,0,11.0 
1,16,4,2,4,8,0,9.39 
1,32,2,2,4,8,0,9.47 
1,64,1,2,4,8,0,9.35 
2,1,32,2,4,8,0,9.51 
2,2,16,2,4,8,0,10.0 
2,4,8,2,4,8,0,9.96 
2,8,4,2,4,8,0,10.29 
2,16,2,2,4,8,0,10.41 
2,32,1,2,4,8,0,9.73 
4,1,16,2,4,8,0,9.76 
4,2,8,2,4,8,0,10.24 
4,4,4,2,4,8,0,9.92 
4,8,2,2,4,8,0,9.44 
4,16,1,2,4,8,0,9.48 
8,1,8,2,4,8,0,9.74 
8,2,4,2,4,8,0,10.32 
8,4,2,2,4,8,0,10.22 
8,8,1,2,4,8,0,9.79 
16,1,4,2,4,8,0,10.16 
16,2,2,2,4,8,0,7.8 
16,4,1,2,4,8,0,9.5 
32,1,2,2,4,8,0,9.78 
32,2,1,2,4,8,0,9.79 
64,1,1,2,4,8,0,10.59 
1,1,32,4,4,8,0,9.35 
1,2,16,4,4,8,0,9.74 
1,4,8,4,4,8,0,9.64 
1,8,4,4,4,8,0,9.71 
1,16,2,4,4,8,0,9.7 
1,32,1,4,4,8,0,9.58 
2,1,16,4,4,8,0,10.53 
2,2,8,4,4,8,0,10.29 
2,4,4,4,4,8,0,10.27 
2,8,2,4,4,8,0,10.27 
2,16,1,4,4,8,0,9.78 
4,1,8,4,4,8,0,10.43 
4,2,4,4,4,8,0,9.98 
4,4,2,4,4,8,0,10.0 
4,8,1,4,4,8,0,10.22 
8,1,4,4,4,8,0,10.47 
8,2,2,4,4,8,0,10.26 
8,4,1,4,4,8,0,9.76 
16,1,2,4,4,8,0,10.45 
16,2,1,4,4,8,0,10.34 
32,1,1,4,4,8,0,9.72 
1,1,16,8,4,8,0,6.68 
1,2,8,8,4,8,0,6.87 
1,4,4,8,4,8,0,6.89 
1,8,2,8,4,8,0,6.88 
1,16,1,8,4,8,0,6.82 
2,1,8,8,4,8,0,6.88 
2,2,4,8,4,8,0,7.2 
2,4,2,8,4,8,0,6.51 
2,8,1,8,4,8,0,7.36 
4,1,4,8,4,8,0,7.02 
4,2,2,8,4,8,0,7.16 
4,4,1,8,4,8,0,6.9 
8,1,2,8,4,8,0,6.74 
8,2,1,8,4,8,0,6.73 
16,1,1,8,4,8,0,7.39 
1,1,8,16,4,8,0,4.84 
1,2,4,16,4,8,0,4.97 
1,4,2,16,4,8,0,4.81 
1,8,1,16,4,8,0,4.91 
2,1,4,16,4,8,0,5.17 
2,2,2,16,4,8,0,5.07 
2,4,1,16,4,8,0,5.21 
4,1,2,16,4,8,0,4.97 
4,2,1,16,4,8,0,4.98 
8,1,1,16,4,8,0,5.19 
1,1,4,32,4,8,0,3.91 
1,2,2,32,4,8,0,4.13 
1,4,1,32,4,8,0,3.95 
2,1,2,32,4,8,0,4.09 
2,2,1,32,4,8,0,4.0 
4,1,1,32,4,8,0,4.11 
1,1,64,1,8,8,0,9.36 
1,2,32,1,8,8,0,9.65 
1,4,16,1,8,8,0,10.42 
1,8,8,1,8,8,0,9.52 
1,16,4,1,8,8,0,9.65 
1,32,2,1,8,8,0,10.37 
1,64,1,1,8,8,0,9.53 
2,1,32,1,8,8,0,10.49 
2,2,16,1,8,8,0,10.96 
2,4,8,1,8,8,0,10.06 
2,8,4,1,8,8,0,9.19 
2,16,2,1,8,8,0,10.1 
2,32,1,1,8,8,0,11.25 
4,1,16,1,8,8,0,9.74 
4,2,8,1,8,8,0,10.36 
4,4,4,1,8,8,0,10.53 
4,8,2,1,8,8,0,10.11 
4,16,1,1,8,8,0,10.6 
8,1,8,1,8,8,0,9.68 
8,2,4,1,8,8,0,10.56 
8,4,2,1,8,8,0,10.12 
8,8,1,1,8,8,0,10.64 
16,1,4,1,8,8,0,10.65 
16,2,2,1,8,8,0,10.25 
16,4,1,1,8,8,0,11.39 
32,1,2,1,8,8,0,10.6 
32,2,1,1,8,8,0,10.61 
64,1,1,1,8,8,0,9.31 
1,1,32,2,8,8,0,9.39 
1,2,16,2,8,8,0,9.93 
1,4,8,2,8,8,0,9.7 
1,8,4,2,8,8,0,9.69 
1,16,2,2,8,8,0,10.39 
1,32,1,2,8,8,0,10.44 
2,1,16,2,8,8,0,9.68 
2,2,8,2,8,8,0,10.61 
2,4,4,2,8,8,0,10.01 
2,8,2,2,8,8,0,9.99 
2,16,1,2,8,8,0,9.67 
4,1,8,2,8,8,0,9.75 
4,2,4,2,8,8,0,10.28 
4,4,2,2,8,8,0,10.28 
4,8,1,2,8,8,0,9.78 
8,1,4,2,8,8,0,9.7 
8,2,2,2,8,8,0,10.01 
8,4,1,2,8,8,0,7.93 
16,1,2,2,8,8,0,10.6 
16,2,1,2,8,8,0,9.7 
32,1,1,2,8,8,0,9.77 
1,1,16,4,8,8,0,6.47 
1,2,8,4,8,8,0,7.33 
1,4,4,4,8,8,0,6.79 
1,8,2,4,8,8,0,6.89 
1,16,1,4,8,8,0,6.61 
2,1,8,4,8,8,0,6.71 
2,2,4,4,8,8,0,6.98 
2,4,2,4,8,8,0,7.18 
2,8,1,4,8,8,0,6.88 
4,1,4,4,8,8,0,6.91 
4,2,2,4,8,8,0,7.17 
4,4,1,4,8,8,0,6.74 
8,1,2,4,8,8,0,6.71 
8,2,1,4,8,8,0,6.92 
16,1,1,4,8,8,0,6.83 
1,1,8,8,8,8,0,4.86 
1,2,4,8,8,8,0,4.96 
1,4,2,8,8,8,0,4.95 
1,8,1,8,8,8,0,4.92 
2,1,4,8,8,8,0,4.96 
2,2,2,8,8,8,0,5.08 
2,4,1,8,8,8,0,4.98 
4,1,2,8,8,8,0,4.97 
4,2,1,8,8,8,0,4.97 
8,1,1,8,8,8,0,4.77 
1,1,4,16,8,8,0,3.79 
1,2,2,16,8,8,0,3.98 
1,4,1,16,8,8,0,3.83 
2,1,2,16,8,8,0,3.97 
2,2,1,16,8,8,0,3.97 
4,1,1,16,8,8,0,3.95 
1,1,32,1,16,8,0,9.26 
1,2,16,1,16,8,0,9.61 
1,4,8,1,16,8,0,9.42 
1,8,4,1,16,8,0,9.62 
1,16,2,1,16,8,0,9.56 
1,32,1,1,16,8,0,9.7 
2,1,16,1,16,8,0,9.76 
2,2,8,1,16,8,0,10.13 
2,4,4,1,16,8,0,10.06 
2,8,2,1,16,8,0,9.78 
2,16,1,1,16,8,0,9.57 
4,1,8,1,16,8,0,9.5 
4,2,4,1,16,8,0,10.13 
4,4,2,1,16,8,0,9.74 
4,8,1,1,16,8,0,9.33 
8,1,4,1,16,8,0,9.5 
8,2,2,1,16,8,0,10.14 
8,4,1,1,16,8,0,9.58 
16,1,2,1,16,8,0,9.97 
16,2,1,1,16,8,0,9.62 
32,1,1,1,16,8,0,9.29 
1,1,16,2,16,8,0,6.69 
1,2,8,2,16,8,0,6.87 
1,4,4,2,16,8,0,6.87 
1,8,2,2,16,8,0,6.88 
1,16,1,2,16,8,0,6.8 
2,1,8,2,16,8,0,6.9 
2,2,4,2,16,8,0,7.42 
2,4,2,2,16,8,0,7.18 
2,8,1,2,16,8,0,6.77 
4,1,4,2,16,8,0,7.38 
4,2,2,2,16,8,0,7.33 
4,4,1,2,16,8,0,7.15 
8,1,2,2,16,8,0,6.67 
8,2,1,2,16,8,0,6.71 
16,1,1,2,16,8,0,6.69 
1,1,8,4,16,8,0,4.85 
1,2,4,4,16,8,0,4.94 
1,4,2,4,16,8,0,4.95 
1,8,1,4,16,8,0,4.91 
2,1,4,4,16,8,0,4.96 
2,2,2,4,16,8,0,5.08 
2,4,1,4,16,8,0,5.19 
4,1,2,4,16,8,0,4.97 
4,2,1,4,16,8,0,4.96 
8,1,1,4,16,8,0,4.81 
1,1,4,8,16,8,0,3.77 
1,2,2,8,16,8,0,4.09 
1,4,1,8,16,8,0,3.95 
2,1,2,8,16,8,0,3.88 
2,2,1,8,16,8,0,3.97 
4,1,1,8,16,8,0,3.94 
1,1,16,1,32,8,0,6.61 
1,2,8,1,32,8,0,6.86 
1,4,4,1,32,8,0,6.81 
1,8,2,1,32,8,0,7.06 
1,16,1,1,32,8,0,6.77 
2,1,8,1,32,8,0,6.68 
2,2,4,1,32,8,0,7.09 
2,4,2,1,32,8,0,7.08 
2,8,1,1,32,8,0,6.55 
4,1,4,1,32,8,0,6.78 
4,2,2,1,32,8,0,7.23 
4,4,1,1,32,8,0,5.9 
8,1,2,1,32,8,0,6.86 
8,2,1,1,32,8,0,5.9 
16,1,1,1,32,8,0,6.66 
1,1,8,2,32,8,0,4.82 
1,2,4,2,32,8,0,4.96 
1,4,2,2,32,8,0,4.96 
1,8,1,2,32,8,0,4.92 
2,1,4,2,32,8,0,4.86 
2,2,2,2,32,8,0,4.95 
2,4,1,2,32,8,0,4.97 
4,1,2,2,32,8,0,4.77 
4,2,1,2,32,8,0,5.21 
8,1,1,2,32,8,0,4.95 
1,1,4,4,32,8,0,3.91 
1,2,2,4,32,8,0,3.98 
1,4,1,4,32,8,0,3.94 
2,1,2,4,32,8,0,3.87 
2,2,1,4,32,8,0,4.0 
4,1,1,4,32,8,0,4.13 
1,1,8,1,64,8,0,5.05 
1,2,4,1,64,8,0,4.6 
1,4,2,1,64,8,0,5.22 
1,8,1,1,64,8,0,4.9 
2,1,4,1,64,8,0,4.78 
2,2,2,1,64,8,0,5.23 
2,4,1,1,64,8,0,4.09 
4,1,2,1,64,8,0,5.05 
4,2,1,1,64,8,0,4.28 
8,1,1,1,64,8,0,4.82 
1,1,4,2,64,8,0,3.8 
1,2,2,2,64,8,0,3.86 
1,4,1,2,64,8,0,3.83 
2,1,2,2,64,8,0,3.97 
2,2,1,2,64,8,0,3.98 
4,1,1,2,64,8,0,3.95 
1,1,4,1,128,8,0,3.92 
1,2,2,1,128,8,0,3.95 
1,4,1,1,128,8,0,3.94 
2,1,2,1,128,8,0,3.86 
2,2,1,1,128,8,0,3.71 
4,1,1,1,128,8,0,3.9 
1,1,128,2,1,16,0,12.79 
1,2,64,2,1,16,0,13.23 
1,4,32,2,1,16,0,13.76 
1,8,16,2,1,16,0,13.65 
1,16,8,2,1,16,0,13.63 
1,32,4,2,1,16,0,13.76 
1,64,2,2,1,16,0,13.75 
1,128,1,2,1,16,0,13.2 
2,1,64,2,1,16,0,13.4 
2,2,32,2,1,16,0,13.14 
2,4,16,2,1,16,0,13.68 
2,8,8,2,1,16,0,13.15 
2,16,4,2,1,16,0,12.6 
2,32,2,2,1,16,0,13.58 
2,64,1,2,1,16,0,13.16 
4,1,32,2,1,16,0,12.95 
4,2,16,2,1,16,0,13.45 
4,4,8,2,1,16,0,13.22 
4,8,4,2,1,16,0,13.25 
4,16,2,2,1,16,0,13.06 
4,32,1,2,1,16,0,13.18 
8,1,16,2,1,16,0,12.82 
8,2,8,2,1,16,0,13.64 
8,4,4,2,1,16,0,13.2 
8,8,2,2,1,16,0,13.19 
8,16,1,2,1,16,0,13.61 
16,1,8,2,1,16,0,10.23 
16,2,4,2,1,16,0,13.19 
16,4,2,2,1,16,0,13.61 
16,8,1,2,1,16,0,13.6 
32,1,4,2,1,16,0,13.32 
32,2,2,2,1,16,0,13.63 
32,4,1,2,1,16,0,13.18 
64,1,2,2,1,16,0,12.53 
64,2,1,2,1,16,0,13.6 
128,1,1,2,1,16,0,13.63 
1,1,64,4,1,16,0,7.45 
1,2,32,4,1,16,0,9.7 
1,4,16,4,1,16,0,9.7 
1,8,8,4,1,16,0,9.75 
1,16,4,4,1,16,0,10.16 
1,32,2,4,1,16,0,9.47 
1,64,1,4,1,16,0,9.03 
2,1,32,4,1,16,0,9.15 
2,2,16,4,1,16,0,9.43 
2,4,8,4,1,16,0,9.73 
2,8,4,4,1,16,0,9.59 
2,16,2,4,1,16,0,9.41 
2,32,1,4,1,16,0,9.65 
4,1,16,4,1,16,0,9.75 
4,2,8,4,1,16,0,9.42 
4,4,4,4,1,16,0,9.66 
4,8,2,4,1,16,0,9.65 
4,16,1,4,1,16,0,9.59 
8,1,8,4,1,16,0,9.84 
8,2,4,4,1,16,0,9.78 
8,4,2,4,1,16,0,9.43 
8,8,1,4,1,16,0,10.45 
16,1,4,4,1,16,0,9.17 
16,2,2,4,1,16,0,9.62 
16,4,1,4,1,16,0,10.57 
32,1,2,4,1,16,0,9.28 
32,2,1,4,1,16,0,10.2 
64,1,1,4,1,16,0,9.4 
1,1,32,8,1,16,0,9.3 
1,2,16,8,1,16,0,9.47 
1,4,8,8,1,16,0,10.55 
1,8,4,8,1,16,0,9.49 
1,16,2,8,1,16,0,9.7 
1,32,1,8,1,16,0,9.71 
2,1,16,8,1,16,0,9.33 
2,2,8,8,1,16,0,9.73 
2,4,4,8,1,16,0,9.62 
2,8,2,8,1,16,0,9.66 
2,16,1,8,1,16,0,9.65 
4,1,8,8,1,16,0,9.38 
4,2,4,8,1,16,0,9.68 
4,4,2,8,1,16,0,9.65 
4,8,1,8,1,16,0,9.62 
8,1,4,8,1,16,0,9.29 
8,2,2,8,1,16,0,9.4 
8,4,1,8,1,16,0,10.42 
16,1,2,8,1,16,0,10.44 
16,2,1,8,1,16,0,9.28 
32,1,1,8,1,16,0,10.31 
1,1,16,16,1,16,0,6.48 
1,2,8,16,1,16,0,7.35 
1,4,4,16,1,16,0,6.79 
1,8,2,16,1,16,0,6.86 
1,16,1,16,1,16,0,6.6 
2,1,8,16,1,16,0,6.82 
2,2,4,16,1,16,0,6.76 
2,4,2,16,1,16,0,6.79 
2,8,1,16,1,16,0,6.62 
4,1,4,16,1,16,0,6.68 
4,2,2,16,1,16,0,6.85 
4,4,1,16,1,16,0,6.85 
8,1,2,16,1,16,0,6.84 
8,2,1,16,1,16,0,6.82 
16,1,1,16,1,16,0,6.84 
1,1,8,32,1,16,0,4.82 
1,2,4,32,1,16,0,4.94 
1,4,2,32,1,16,0,5.19 
1,8,1,32,1,16,0,4.99 
2,1,4,32,1,16,0,4.85 
2,2,2,32,1,16,0,5.02 
2,4,1,32,1,16,0,4.97 
4,1,2,32,1,16,0,4.15 
4,2,1,32,1,16,0,4.76 
8,1,1,32,1,16,0,4.91 
1,1,4,64,1,16,0,3.89 
1,2,2,64,1,16,0,3.95 
1,4,1,64,1,16,0,3.77 
2,1,2,64,1,16,0,3.91 
2,2,1,64,1,16,0,3.82 
4,1,1,64,1,16,0,3.94 
1,1,128,1,2,16,0,13.03 
1,2,64,1,2,16,0,13.1 
1,4,32,1,2,16,0,13.15 
1,8,16,1,2,16,0,13.16 
1,16,8,1,2,16,0,13.09 
1,32,4,1,2,16,0,13.18 
1,64,2,1,2,16,0,13.03 
1,128,1,1,2,16,0,13.42 
2,1,64,1,2,16,0,13.66 
2,2,32,1,2,16,0,13.92 
2,4,16,1,2,16,0,14.05 
2,8,8,1,2,16,0,14.01 
2,16,4,1,2,16,0,14.06 
2,32,2,1,2,16,0,14.03 
2,64,1,1,2,16,0,13.89 
4,1,32,1,2,16,0,14.13 
4,2,16,1,2,16,0,14.03 
4,4,8,1,2,16,0,14.04 
4,8,4,1,2,16,0,14.04 
4,16,2,1,2,16,0,14.06 
4,32,1,1,2,16,0,13.81 
8,1,16,1,2,16,0,13.6 
8,2,8,1,2,16,0,14.05 
8,4,4,1,2,16,0,14.41 
8,8,2,1,2,16,0,14.0 
8,16,1,1,2,16,0,13.97 
16,1,8,1,2,16,0,13.62 
16,2,4,1,2,16,0,14.0 
16,4,2,1,2,16,0,14.02 
16,8,1,1,2,16,0,13.97 
32,1,4,1,2,16,0,13.65 
32,2,2,1,2,16,0,13.27 
32,4,1,1,2,16,0,13.62 
64,1,2,1,2,16,0,13.23 
64,2,1,1,2,16,0,13.46 
128,1,1,1,2,16,0,13.14 
1,1,64,2,2,16,0,9.21 
1,2,32,2,2,16,0,9.64 
1,4,16,2,2,16,0,9.62 
1,8,8,2,2,16,0,9.62 
1,16,4,2,2,16,0,9.71 
1,32,2,2,2,16,0,10.44 
1,64,1,2,2,16,0,10.52 
2,1,32,2,2,16,0,9.63 
2,2,16,2,2,16,0,10.71 
2,4,8,2,2,16,0,10.2 
2,8,4,2,2,16,0,10.21 
2,16,2,2,2,16,0,10.35 
2,32,1,2,2,16,0,9.62 
4,1,16,2,2,16,0,9.65 
4,2,8,2,2,16,0,10.19 
4,4,4,2,2,16,0,9.91 
4,8,2,2,2,16,0,9.95 
4,16,1,2,2,16,0,9.62 
8,1,8,2,2,16,0,9.53 
8,2,4,2,2,16,0,10.21 
8,4,2,2,2,16,0,10.17 
8,8,1,2,2,16,0,9.41 
16,1,4,2,2,16,0,9.63 
16,2,2,2,2,16,0,10.2 
16,4,1,2,2,16,0,9.64 
32,1,2,2,2,16,0,9.53 
32,2,1,2,2,16,0,9.64 
64,1,1,2,2,16,0,9.65 
1,1,32,4,2,16,0,9.48 
1,2,16,4,2,16,0,9.62 
1,4,8,4,2,16,0,9.77 
1,8,4,4,2,16,0,9.62 
1,16,2,4,2,16,0,9.7 
1,32,1,4,2,16,0,9.57 
2,1,16,4,2,16,0,9.64 
2,2,8,4,2,16,0,10.2 
2,4,4,4,2,16,0,10.87 
2,8,2,4,2,16,0,10.19 
2,16,1,4,2,16,0,9.66 
4,1,8,4,2,16,0,9.64 
4,2,4,4,2,16,0,10.26 
4,4,2,4,2,16,0,10.25 
4,8,1,4,2,16,0,9.64 
8,1,4,4,2,16,0,9.57 
8,2,2,4,2,16,0,10.24 
8,4,1,4,2,16,0,9.64 
16,1,2,4,2,16,0,9.52 
16,2,1,4,2,16,0,10.14 
32,1,1,4,2,16,0,9.39 
1,1,16,8,2,16,0,6.87 
1,2,8,8,2,16,0,7.24 
1,4,4,8,2,16,0,6.84 
1,8,2,8,2,16,0,6.85 
1,16,1,8,2,16,0,6.76 
2,1,8,8,2,16,0,6.87 
2,2,4,8,2,16,0,7.16 
2,4,2,8,2,16,0,7.14 
2,8,1,8,2,16,0,6.81 
4,1,4,8,2,16,0,6.83 
4,2,2,8,2,16,0,7.14 
4,4,1,8,2,16,0,6.68 
8,1,2,8,2,16,0,7.59 
8,2,1,8,2,16,0,6.96 
16,1,1,8,2,16,0,6.69 
1,1,8,16,2,16,0,4.8 
1,2,4,16,2,16,0,4.93 
1,4,2,16,2,16,0,4.97 
1,8,1,16,2,16,0,4.89 
2,1,4,16,2,16,0,4.95 
2,2,2,16,2,16,0,5.06 
2,4,1,16,2,16,0,4.92 
4,1,2,16,2,16,0,4.93 
4,2,1,16,2,16,0,4.93 
8,1,1,16,2,16,0,4.92 
1,1,4,32,2,16,0,3.9 
1,2,2,32,2,16,0,3.97 
1,4,1,32,2,16,0,3.93 
2,1,2,32,2,16,0,3.98 
2,2,1,32,2,16,0,3.94 
4,1,1,32,2,16,0,4.0 
1,1,64,1,4,16,0,9.41 
1,2,32,1,4,16,0,9.66 
1,4,16,1,4,16,0,9.38 
1,8,8,1,4,16,0,9.44 
1,16,4,1,4,16,0,9.51 
1,32,2,1,4,16,0,9.45 
1,64,1,1,4,16,0,9.48 
2,1,32,1,4,16,0,9.65 
2,2,16,1,4,16,0,9.72 
2,4,8,1,4,16,0,9.63 
2,8,4,1,4,16,0,9.68 
2,16,2,1,4,16,0,10.12 
2,32,1,1,4,16,0,10.24 
4,1,16,1,4,16,0,9.6 
4,2,8,1,4,16,0,9.92 
4,4,4,1,4,16,0,9.92 
4,8,2,1,4,16,0,9.96 
4,16,1,1,4,16,0,10.44 
8,1,8,1,4,16,0,9.64 
8,2,4,1,4,16,0,9.96 
8,4,2,1,4,16,0,9.94 
8,8,1,1,4,16,0,11.24 
16,1,4,1,4,16,0,9.39 
16,2,2,1,4,16,0,9.7 
16,4,1,1,4,16,0,11.11 
32,1,2,1,4,16,0,9.38 
32,2,1,1,4,16,0,10.23 
64,1,1,1,4,16,0,9.28 
1,1,32,2,4,16,0,9.21 
1,2,16,2,4,16,0,9.58 
1,4,8,2,4,16,0,9.6 
1,8,4,2,4,16,0,9.53 
1,16,2,2,4,16,0,9.55 
1,32,1,2,4,16,0,9.45 
2,1,16,2,4,16,0,9.64 
2,2,8,2,4,16,0,10.15 
2,4,4,2,4,16,0,10.18 
2,8,2,2,4,16,0,10.17 
2,16,1,2,4,16,0,9.62 
4,1,8,2,4,16,0,9.64 
4,2,4,2,4,16,0,10.17 
4,4,2,2,4,16,0,10.19 
4,8,1,2,4,16,0,9.62 
8,1,4,2,4,16,0,7.45 
8,2,2,2,4,16,0,10.16 
8,4,1,2,4,16,0,9.59 
16,1,2,2,4,16,0,9.54 
16,2,1,2,4,16,0,9.56 
32,1,1,2,4,16,0,9.64 
1,1,16,4,4,16,0,6.58 
1,2,8,4,4,16,0,6.84 
1,4,4,4,4,16,0,6.82 
1,8,2,4,4,16,0,6.83 
1,16,1,4,4,16,0,6.75 
2,1,8,4,4,16,0,6.82 
2,2,4,4,4,16,0,7.1 
2,4,2,4,4,16,0,7.16 
2,8,1,4,4,16,0,6.85 
4,1,4,4,4,16,0,6.84 
4,2,2,4,4,16,0,7.15 
4,4,1,4,4,16,0,6.99 
8,1,2,4,4,16,0,6.84 
8,2,1,4,4,16,0,6.68 
16,1,1,4,4,16,0,6.73 
1,1,8,8,4,16,0,4.88 
1,2,4,8,4,16,0,4.95 
1,4,2,8,4,16,0,4.98 
1,8,1,8,4,16,0,4.99 
2,1,4,8,4,16,0,4.97 
2,2,2,8,4,16,0,5.03 
2,4,1,8,4,16,0,4.98 
4,1,2,8,4,16,0,4.97 
4,2,1,8,4,16,0,4.97 
8,1,1,8,4,16,0,4.97 
1,1,4,16,4,16,0,3.98 
1,2,2,16,4,16,0,4.0 
1,4,1,16,4,16,0,3.97 
2,1,2,16,4,16,0,3.98 
2,2,1,16,4,16,0,3.99 
4,1,1,16,4,16,0,3.97 
1,1,32,1,8,16,0,9.4 
1,2,16,1,8,16,0,9.63 
1,4,8,1,8,16,0,9.63 
1,8,4,1,8,16,0,9.61 
1,16,2,1,8,16,0,9.62 
1,32,1,1,8,16,0,9.55 
2,1,16,1,8,16,0,9.77 
2,2,8,1,8,16,0,10.04 
2,4,4,1,8,16,0,10.05 
2,8,2,1,8,16,0,10.07 
2,16,1,1,8,16,0,10.35 
4,1,8,1,8,16,0,9.73 
4,2,4,1,8,16,0,10.16 
4,4,2,1,8,16,0,10.08 
4,8,1,1,8,16,0,10.43 
8,1,4,1,8,16,0,9.79 
8,2,2,1,8,16,0,10.09 
8,4,1,1,8,16,0,10.47 
16,1,2,1,8,16,0,9.77 
16,2,1,1,8,16,0,10.68 
32,1,1,1,8,16,0,9.29 
1,1,16,2,8,16,0,6.68 
1,2,8,2,8,16,0,6.91 
1,4,4,2,8,16,0,6.94 
1,8,2,2,8,16,0,6.91 
1,16,1,2,8,16,0,6.83 
2,1,8,2,8,16,0,6.84 
2,2,4,2,8,16,0,7.21 
2,4,2,2,8,16,0,7.45 
2,8,1,2,8,16,0,7.1 
4,1,4,2,8,16,0,6.92 
4,2,2,2,8,16,0,7.19 
4,4,1,2,8,16,0,6.93 
8,1,2,2,8,16,0,6.92 
8,2,1,2,8,16,0,6.9 
16,1,1,2,8,16,0,6.87 
1,1,8,4,8,16,0,4.85 
1,2,4,4,8,16,0,4.96 
1,4,2,4,8,16,0,5.2 
1,8,1,4,8,16,0,4.91 
2,1,4,4,8,16,0,4.98 
2,2,2,4,8,16,0,5.06 
2,4,1,4,8,16,0,4.98 
4,1,2,4,8,16,0,4.94 
4,2,1,4,8,16,0,4.99 
8,1,1,4,8,16,0,4.95 
1,1,4,8,8,16,0,3.91 
1,2,2,8,8,16,0,3.98 
1,4,1,8,8,16,0,3.93 
2,1,2,8,8,16,0,3.98 
2,2,1,8,8,16,0,3.97 
4,1,1,8,8,16,0,3.95 
1,1,16,1,16,16,0,7.0 
1,2,8,1,16,16,0,6.67 
1,4,4,1,16,16,0,6.78 
1,8,2,1,16,16,0,6.83 
1,16,1,1,16,16,0,6.62 
2,1,8,1,16,16,0,6.61 
2,2,4,1,16,16,0,7.02 
2,4,2,1,16,16,0,7.0 
2,8,1,1,16,16,0,6.12 
4,1,4,1,16,16,0,6.8 
4,2,2,1,16,16,0,7.24 
4,4,1,1,16,16,0,6.11 
8,1,2,1,16,16,0,6.64 
8,2,1,1,16,16,0,6.06 
16,1,1,1,16,16,0,6.93 
1,1,8,2,16,16,0,4.95 
1,2,4,2,16,16,0,4.97 
1,4,2,2,16,16,0,4.97 
1,8,1,2,16,16,0,4.75 
2,1,4,2,16,16,0,4.93 
2,2,2,2,16,16,0,5.06 
2,4,1,2,16,16,0,4.93 
4,1,2,2,16,16,0,4.92 
4,2,1,2,16,16,0,4.94 
8,1,1,2,16,16,0,4.92 
1,1,4,4,16,16,0,3.9 
1,2,2,4,16,16,0,3.96 
1,4,1,4,16,16,0,3.94 
2,1,2,4,16,16,0,3.96 
2,2,1,4,16,16,0,3.96 
4,1,1,4,16,16,0,3.94 
1,1,8,1,32,16,0,4.87 
1,2,4,1,32,16,0,4.89 
1,4,2,1,32,16,0,4.93 
1,8,1,1,32,16,0,4.87 
2,1,4,1,32,16,0,5.36 
2,2,2,1,32,16,0,5.05 
2,4,1,1,32,16,0,4.08 
4,1,2,1,32,16,0,4.9 
4,2,1,1,32,16,0,4.08 
8,1,1,1,32,16,0,4.81 
1,1,4,2,32,16,0,3.9 
1,2,2,2,32,16,0,3.97 
1,4,1,2,32,16,0,3.93 
2,1,2,2,32,16,0,3.96 
2,2,1,2,32,16,0,3.96 
4,1,1,2,32,16,0,3.95 
1,1,4,1,64,16,0,3.91 
1,2,2,1,64,16,0,3.94 
1,4,1,1,64,16,0,3.92 
2,1,2,1,64,16,0,3.94 
2,2,1,1,64,16,0,3.67 
4,1,1,1,64,16,0,3.88 
1,1,128,1,1,32,0,12.71 
1,2,64,1,1,32,0,13.45 
1,4,32,1,1,32,0,13.42 
1,8,16,1,1,32,0,13.36 
1,16,8,1,1,32,0,13.42 
1,32,4,1,1,32,0,13.43 
1,64,2,1,1,32,0,13.46 
1,128,1,1,1,32,0,13.05 
2,1,64,1,1,32,0,13.11 
2,2,32,1,1,32,0,13.49 
2,4,16,1,1,32,0,13.5 
2,8,8,1,1,32,0,13.52 
2,16,4,1,1,32,0,13.5 
2,32,2,1,1,32,0,13.53 
2,64,1,1,1,32,0,13.08 
4,1,32,1,1,32,0,13.1 
4,2,16,1,1,32,0,13.5 
4,4,8,1,1,32,0,13.51 
4,8,4,1,1,32,0,13.47 
4,16,2,1,1,32,0,13.51 
4,32,1,1,1,32,0,13.06 
8,1,16,1,1,32,0,13.12 
8,2,8,1,1,32,0,13.06 
8,4,4,1,1,32,0,13.1 
8,8,2,1,1,32,0,13.43 
8,16,1,1,1,32,0,12.67 
16,1,8,1,1,32,0,12.36 
16,2,4,1,1,32,0,13.22 
16,4,2,1,1,32,0,13.04 
16,8,1,1,1,32,0,11.01 
32,1,4,1,1,32,0,12.68 
32,2,2,1,1,32,0,13.07 
32,4,1,1,1,32,0,12.77 
64,1,2,1,1,32,0,12.75 
64,2,1,1,1,32,0,12.74 
128,1,1,1,1,32,0,12.91 
1,1,64,2,1,32,0,9.59 
1,2,32,2,1,32,0,10.36 
1,4,16,2,1,32,0,9.61 
1,8,8,2,1,32,0,9.6 
1,16,4,2,1,32,0,9.53 
1,32,2,2,1,32,0,9.46 
1,64,1,2,1,32,0,9.0 
2,1,32,2,1,32,0,9.11 
2,2,16,2,1,32,0,10.23 
2,4,8,2,1,32,0,9.68 
2,8,4,2,1,32,0,9.66 
2,16,2,2,1,32,0,9.67 
2,32,1,2,1,32,0,10.46 
4,1,16,2,1,32,0,9.38 
4,2,8,2,1,32,0,9.69 
4,4,4,2,1,32,0,9.69 
4,8,2,2,1,32,0,10.15 
4,16,1,2,1,32,0,10.03 
8,1,8,2,1,32,0,9.58 
8,2,4,2,1,32,0,10.29 
8,4,2,2,1,32,0,8.83 
8,8,1,2,1,32,0,9.53 
16,1,4,2,1,32,0,9.86 
16,2,2,2,1,32,0,9.67 
16,4,1,2,1,32,0,11.6 
32,1,2,2,1,32,0,9.35 
32,2,1,2,1,32,0,9.3 
64,1,1,2,1,32,0,9.63 
1,1,32,4,1,32,0,9.51 
1,2,16,4,1,32,0,10.21 
1,4,8,4,1,32,0,9.42 
1,8,4,4,1,32,0,9.4 
1,16,2,4,1,32,0,9.42 
1,32,1,4,1,32,0,7.84 
2,1,16,4,1,32,0,9.34 
2,2,8,4,1,32,0,10.21 
2,4,4,4,1,32,0,10.17 
2,8,2,4,1,32,0,9.64 
2,16,1,4,1,32,0,9.33 
4,1,8,4,1,32,0,9.37 
4,2,4,4,1,32,0,9.37 
4,4,2,4,1,32,0,10.13 
4,8,1,4,1,32,0,9.55 
8,1,4,4,1,32,0,9.73 
8,2,2,4,1,32,0,9.64 
8,4,1,4,1,32,0,9.32 
16,1,2,4,1,32,0,9.34 
16,2,1,4,1,32,0,7.17 
32,1,1,4,1,32,0,9.69 
1,1,16,8,1,32,0,6.45 
1,2,8,8,1,32,0,6.67 
1,4,4,8,1,32,0,6.86 
1,8,2,8,1,32,0,6.86 
1,16,1,8,1,32,0,6.58 
2,1,8,8,1,32,0,6.69 
2,2,4,8,1,32,0,6.84 
2,4,2,8,1,32,0,7.03 
2,8,1,8,1,32,0,6.8 
4,1,4,8,1,32,0,6.68 
4,2,2,8,1,32,0,6.8 
4,4,1,8,1,32,0,6.82 
8,1,2,8,1,32,0,6.65 
8,2,1,8,1,32,0,6.8 
16,1,1,8,1,32,0,6.83 
1,1,8,16,1,32,0,4.8 
1,2,4,16,1,32,0,4.93 
1,4,2,16,1,32,0,4.93 
1,8,1,16,1,32,0,4.81 
2,1,4,16,1,32,0,4.85 
2,2,2,16,1,32,0,4.92 
2,4,1,16,1,32,0,4.91 
4,1,2,16,1,32,0,4.86 
4,2,1,16,1,32,0,4.9 
8,1,1,16,1,32,0,4.9 
1,1,4,32,1,32,0,3.88 
1,2,2,32,1,32,0,3.95 
1,4,1,32,1,32,0,3.89 
2,1,2,32,1,32,0,3.91 
2,2,1,32,1,32,0,3.93 
4,1,1,32,1,32,0,3.95 
1,1,64,1,2,32,0,9.28 
1,2,32,1,2,32,0,9.53 
1,4,16,1,2,32,0,9.52 
1,8,8,1,2,32,0,9.51 
1,16,4,1,2,32,0,9.5 
1,32,2,1,2,32,0,9.51 
1,64,1,1,2,32,0,9.53 
2,1,32,1,2,32,0,9.71 
2,2,16,1,2,32,0,9.97 
2,4,8,1,2,32,0,10.01 
2,8,4,1,2,32,0,10.02 
2,16,2,1,2,32,0,10.03 
2,32,1,1,2,32,0,10.44 
4,1,16,1,2,32,0,9.76 
4,2,8,1,2,32,0,10.05 
4,4,4,1,2,32,0,10.16 
4,8,2,1,2,32,0,10.05 
4,16,1,1,2,32,0,10.13 
8,1,8,1,2,32,0,9.66 
8,2,4,1,2,32,0,10.42 
8,4,2,1,2,32,0,10.02 
8,8,1,1,2,32,0,10.13 
16,1,4,1,2,32,0,9.7 
16,2,2,1,2,32,0,10.02 
16,4,1,1,2,32,0,11.03 
32,1,2,1,2,32,0,9.66 
32,2,1,1,2,32,0,9.82 
64,1,1,1,2,32,0,10.02 
1,1,32,2,2,32,0,9.31 
1,2,16,2,2,32,0,9.44 
1,4,8,2,2,32,0,9.48 
1,8,4,2,2,32,0,10.38 
1,16,2,2,2,32,0,9.65 
1,32,1,2,2,32,0,9.32 
2,1,16,2,2,32,0,9.66 
2,2,8,2,2,32,0,10.28 
2,4,4,2,2,32,0,10.26 
2,8,2,2,2,32,0,10.95 
2,16,1,2,2,32,0,9.71 
4,1,8,2,2,32,0,9.43 
4,2,4,2,2,32,0,10.29 
4,4,2,2,2,32,0,10.29 
4,8,1,2,2,32,0,10.42 
8,1,4,2,2,32,0,9.4 
8,2,2,2,2,32,0,10.27 
8,4,1,2,2,32,0,9.63 
16,1,2,2,2,32,0,9.43 
16,2,1,2,2,32,0,9.66 
32,1,1,2,2,32,0,9.72 
1,1,16,4,2,32,0,6.66 
1,2,8,4,2,32,0,7.3 
1,4,4,4,2,32,0,6.73 
1,8,2,4,2,32,0,6.9 
1,16,1,4,2,32,0,6.82 
2,1,8,4,2,32,0,6.89 
2,2,4,4,2,32,0,7.04 
2,4,2,4,2,32,0,7.18 
2,8,1,4,2,32,0,6.88 
4,1,4,4,2,32,0,7.33 
4,2,2,4,2,32,0,7.0 
4,4,1,4,2,32,0,7.48 
8,1,2,4,2,32,0,7.3 
8,2,1,4,2,32,0,6.68 
16,1,1,4,2,32,0,7.15 
1,1,8,8,2,32,0,4.88 
1,2,4,8,2,32,0,4.96 
1,4,2,8,2,32,0,4.96 
1,8,1,8,2,32,0,4.9 
2,1,4,8,2,32,0,4.95 
2,2,2,8,2,32,0,5.05 
2,4,1,8,2,32,0,5.05 
4,1,2,8,2,32,0,4.93 
4,2,1,8,2,32,0,4.95 
8,1,1,8,2,32,0,4.94 
1,1,4,16,2,32,0,3.79 
1,2,2,16,2,32,0,3.98 
1,4,1,16,2,32,0,3.94 
2,1,2,16,2,32,0,3.96 
2,2,1,16,2,32,0,3.97 
4,1,1,16,2,32,0,3.86 
1,1,32,1,4,32,0,9.28 
1,2,16,1,4,32,0,9.29 
1,4,8,1,4,32,0,9.56 
1,8,4,1,4,32,0,9.29 
1,16,2,1,4,32,0,9.53 
1,32,1,1,4,32,0,9.66 
2,1,16,1,4,32,0,10.05 
2,2,8,1,4,32,0,10.02 
2,4,4,1,4,32,0,9.73 
2,8,2,1,4,32,0,10.07 
2,16,1,1,4,32,0,9.97 
4,1,8,1,4,32,0,9.7 
4,2,4,1,4,32,0,9.8 
4,4,2,1,4,32,0,10.08 
4,8,1,1,4,32,0,10.28 
8,1,4,1,4,32,0,9.65 
8,2,2,1,4,32,0,9.74 
8,4,1,1,4,32,0,9.87 
16,1,2,1,4,32,0,10.8 
16,2,1,1,4,32,0,10.38 
32,1,1,1,4,32,0,9.4 
1,1,16,2,4,32,0,6.63 
1,2,8,2,4,32,0,5.99 
1,4,4,2,4,32,0,6.88 
1,8,2,2,4,32,0,6.67 
1,16,1,2,4,32,0,7.11 
2,1,8,2,4,32,0,6.87 
2,2,4,2,4,32,0,7.37 
2,4,2,2,4,32,0,7.17 
2,8,1,2,4,32,0,6.88 
4,1,4,2,4,32,0,6.86 
4,2,2,2,4,32,0,7.19 
4,4,1,2,4,32,0,6.91 
8,1,2,2,4,32,0,6.68 
8,2,1,2,4,32,0,6.9 
16,1,1,2,4,32,0,7.2 
1,1,8,4,4,32,0,4.82 
1,2,4,4,4,32,0,4.81 
1,4,2,4,4,32,0,4.82 
1,8,1,4,4,32,0,4.86 
2,1,4,4,4,32,0,5.09 
2,2,2,4,4,32,0,4.95 
2,4,1,4,4,32,0,4.8 
4,1,2,4,4,32,0,4.95 
4,2,1,4,4,32,0,4.83 
8,1,1,4,4,32,0,4.8 
1,1,4,8,4,32,0,3.79 
1,2,2,8,4,32,0,3.97 
1,4,1,8,4,32,0,3.83 
2,1,2,8,4,32,0,3.97 
2,2,1,8,4,32,0,3.72 
4,1,1,8,4,32,0,3.88 
1,1,16,1,8,32,0,6.56 
1,2,8,1,8,32,0,6.8 
1,4,4,1,8,32,0,6.94 
1,8,2,1,8,32,0,6.6 
1,16,1,1,8,32,0,6.75 
2,1,8,1,8,32,0,6.65 
2,2,4,1,8,32,0,7.08 
2,4,2,1,8,32,0,6.88 
2,8,1,1,8,32,0,6.92 
4,1,4,1,8,32,0,7.09 
4,2,2,1,8,32,0,7.08 
4,4,1,1,8,32,0,7.2 
8,1,2,1,8,32,0,6.85 
8,2,1,1,8,32,0,6.92 
16,1,1,1,8,32,0,6.63 
1,1,8,2,8,32,0,4.73 
1,2,4,2,8,32,0,4.98 
1,4,2,2,8,32,0,4.96 
1,8,1,2,8,32,0,4.95 
2,1,4,2,8,32,0,4.97 
2,2,2,2,8,32,0,5.13 
2,4,1,2,8,32,0,5.26 
4,1,2,2,8,32,0,4.93 
4,2,1,2,8,32,0,5.08 
8,1,1,2,8,32,0,4.75 
1,1,4,4,8,32,0,3.95 
1,2,2,4,8,32,0,4.0 
1,4,1,4,8,32,0,3.95 
2,1,2,4,8,32,0,3.97 
2,2,1,4,8,32,0,4.1 
4,1,1,4,8,32,0,3.96 
1,1,8,1,16,32,0,4.82 
1,2,4,1,16,32,0,4.81 
1,4,2,1,16,32,0,4.93 
1,8,1,1,16,32,0,4.77 
2,1,4,1,16,32,0,5.06 
2,2,2,1,16,32,0,5.01 
2,4,1,1,16,32,0,4.11 
4,1,2,1,16,32,0,4.79 
4,2,1,1,16,32,0,4.1 
8,1,1,1,16,32,0,4.75 
1,1,4,2,16,32,0,3.91 
1,2,2,2,16,32,0,3.98 
1,4,1,2,16,32,0,3.95 
2,1,2,2,16,32,0,3.97 
2,2,1,2,16,32,0,3.97 
4,1,1,2,16,32,0,3.96 
1,1,4,1,32,32,0,3.93 
1,2,2,1,32,32,0,3.95 
1,4,1,1,32,32,0,3.91 
2,1,2,1,32,32,0,4.09 
2,2,1,1,32,32,0,3.63 
4,1,1,1,32,32,0,3.81 
1,1,64,1,1,64,0,9.04 
1,2,32,1,1,64,0,9.6 
1,4,16,1,1,64,0,9.25 
1,8,8,1,1,64,0,9.43 
1,16,4,1,1,64,0,9.31 
1,32,2,1,1,64,0,9.27 
1,64,1,1,1,64,0,8.95 
2,1,32,1,1,64,0,9.42 
2,2,16,1,1,64,0,9.58 
2,4,8,1,1,64,0,9.62 
2,8,4,1,1,64,0,9.52 
2,16,2,1,1,64,0,9.63 
2,32,1,1,1,64,0,9.38 
4,1,16,1,1,64,0,9.4 
4,2,8,1,1,64,0,9.61 
4,4,4,1,1,64,0,9.63 
4,8,2,1,1,64,0,9.64 
4,16,1,1,1,64,0,9.45 
8,1,8,1,1,64,0,9.39 
8,2,4,1,1,64,0,9.71 
8,4,2,1,1,64,0,9.7 
8,8,1,1,1,64,0,9.12 
16,1,4,1,1,64,0,9.11 
16,2,2,1,1,64,0,9.69 
16,4,1,1,1,64,0,9.34 
32,1,2,1,1,64,0,9.13 
32,2,1,1,1,64,0,9.13 
64,1,1,1,1,64,0,9.48 
1,1,32,2,1,64,0,9.35 
1,2,16,2,1,64,0,9.69 
1,4,8,2,1,64,0,9.74 
1,8,4,2,1,64,0,9.7 
1,16,2,2,1,64,0,9.77 
1,32,1,2,1,64,0,9.03 
2,1,16,2,1,64,0,9.34 
2,2,8,2,1,64,0,9.44 
2,4,4,2,1,64,0,9.66 
2,8,2,2,1,64,0,9.46 
2,16,1,2,1,64,0,9.61 
4,1,8,2,1,64,0,10.14 
4,2,4,2,1,64,0,9.7 
4,4,2,2,1,64,0,10.5 
4,8,1,2,1,64,0,9.46 
8,1,4,2,1,64,0,9.69 
8,2,2,2,1,64,0,10.44 
8,4,1,2,1,64,0,9.39 
16,1,2,2,1,64,0,10.66 
16,2,1,2,1,64,0,9.65 
32,1,1,2,1,64,0,9.73 
1,1,16,4,1,64,0,6.66 
1,2,8,4,1,64,0,6.88 
1,4,4,4,1,64,0,6.73 
1,8,2,4,1,64,0,6.69 
1,16,1,4,1,64,0,6.65 
2,1,8,4,1,64,0,6.72 
2,2,4,4,1,64,0,6.87 
2,4,2,4,1,64,0,7.13 
2,8,1,4,1,64,0,5.93 
4,1,4,4,1,64,0,6.51 
4,2,2,4,1,64,0,6.62 
4,4,1,4,1,64,0,6.68 
8,1,2,4,1,64,0,6.46 
8,2,1,4,1,64,0,6.63 
16,1,1,4,1,64,0,7.01 
1,1,8,8,1,64,0,4.81 
1,2,4,8,1,64,0,4.95 
1,4,2,8,1,64,0,4.95 
1,8,1,8,1,64,0,4.82 
2,1,4,8,1,64,0,4.86 
2,2,2,8,1,64,0,4.93 
2,4,1,8,1,64,0,4.92 
4,1,2,8,1,64,0,4.88 
4,2,1,8,1,64,0,4.92 
8,1,1,8,1,64,0,4.92 
1,1,4,16,1,64,0,3.9 
1,2,2,16,1,64,0,3.95 
1,4,1,16,1,64,0,3.86 
2,1,2,16,1,64,0,3.91 
2,2,1,16,1,64,0,3.83 
4,1,1,16,1,64,0,4.06 
1,1,32,1,2,64,0,9.4 
1,2,16,1,2,64,0,9.63 
1,4,8,1,2,64,0,9.57 
1,8,4,1,2,64,0,9.66 
1,16,2,1,2,64,0,9.65 
1,32,1,1,2,64,0,9.65 
2,1,16,1,2,64,0,9.85 
2,2,8,1,2,64,0,10.2 
2,4,4,1,2,64,0,10.14 
2,8,2,1,2,64,0,10.2 
2,16,1,1,2,64,0,10.09 
4,1,8,1,2,64,0,9.77 
4,2,4,1,2,64,0,10.11 
4,4,2,1,2,64,0,10.17 
4,8,1,1,2,64,0,10.24 
8,1,4,1,2,64,0,9.73 
8,2,2,1,2,64,0,10.12 
8,4,1,1,2,64,0,10.1 
16,1,2,1,2,64,0,9.58 
16,2,1,1,2,64,0,9.72 
32,1,1,1,2,64,0,9.37 
1,1,16,2,2,64,0,6.71 
1,2,8,2,2,64,0,7.06 
1,4,4,2,2,64,0,6.91 
1,8,2,2,2,64,0,6.93 
1,16,1,2,2,64,0,6.85 
2,1,8,2,2,64,0,6.89 
2,2,4,2,2,64,0,7.24 
2,4,2,2,2,64,0,7.39 
2,8,1,2,2,64,0,6.88 
4,1,4,2,2,64,0,6.88 
4,2,2,2,2,64,0,7.21 
4,4,1,2,2,64,0,6.92 
8,1,2,2,2,64,0,7.06 
8,2,1,2,2,64,0,6.85 
16,1,1,2,2,64,0,6.89 
1,1,8,4,2,64,0,4.87 
1,2,4,4,2,64,0,4.84 
1,4,2,4,2,64,0,4.97 
1,8,1,4,2,64,0,4.93 
2,1,4,4,2,64,0,4.96 
2,2,2,4,2,64,0,5.07 
2,4,1,4,2,64,0,4.97 
4,1,2,4,2,64,0,4.95 
4,2,1,4,2,64,0,4.94 
8,1,1,4,2,64,0,4.97 
1,1,4,8,2,64,0,3.96 
1,2,2,8,2,64,0,3.86 
1,4,1,8,2,64,0,3.86 
2,1,2,8,2,64,0,3.88 
2,2,1,8,2,64,0,3.98 
4,1,1,8,2,64,0,3.96 
1,1,16,1,4,64,0,6.62 
1,2,8,1,4,64,0,6.82 
1,4,4,1,4,64,0,6.61 
1,8,2,1,4,64,0,6.8 
1,16,1,1,4,64,0,6.8 
2,1,8,1,4,64,0,6.88 
2,2,4,1,4,64,0,7.13 
2,4,2,1,4,64,0,6.92 
2,8,1,1,4,64,0,6.61 
4,1,4,1,4,64,0,6.71 
4,2,2,1,4,64,0,7.24 
4,4,1,1,4,64,0,6.81 
8,1,2,1,4,64,0,6.87 
8,2,1,1,4,64,0,6.61 
16,1,1,1,4,64,0,6.53 
1,1,8,2,4,64,0,4.74 
1,2,4,2,4,64,0,4.81 
1,4,2,2,4,64,0,4.96 
1,8,1,2,4,64,0,4.27 
2,1,4,2,4,64,0,4.96 
2,2,2,2,4,64,0,4.95 
2,4,1,2,4,64,0,4.95 
4,1,2,2,4,64,0,4.85 
4,2,1,2,4,64,0,4.83 
8,1,1,2,4,64,0,4.83 
1,1,4,4,4,64,0,3.92 
1,2,2,4,4,64,0,3.98 
1,4,1,4,4,64,0,3.95 
2,1,2,4,4,64,0,3.97 
2,2,1,4,4,64,0,3.93 
4,1,1,4,4,64,0,3.96 
1,1,8,1,8,64,0,4.91 
1,2,4,1,8,64,0,4.78 
1,4,2,1,8,64,0,4.81 
1,8,1,1,8,64,0,4.9 
2,1,4,1,8,64,0,4.94 
2,2,2,1,8,64,0,5.09 
2,4,1,1,8,64,0,4.58 
4,1,2,1,8,64,0,4.92 
4,2,1,1,8,64,0,4.57 
8,1,1,1,8,64,0,4.85 
1,1,4,2,8,64,0,3.91 
1,2,2,2,8,64,0,4.02 
1,4,1,2,8,64,0,3.95 
2,1,2,2,8,64,0,3.97 
2,2,1,2,8,64,0,3.98 
4,1,1,2,8,64,0,3.96 
1,1,4,1,16,64,0,3.93 
1,2,2,1,16,64,0,3.95 
1,4,1,1,16,64,0,3.99 
2,1,2,1,16,64,0,3.95 
2,2,1,1,16,64,0,3.65 
4,1,1,1,16,64,0,3.88
