Kernel,gx,gy,gz,bx,by,bz,gpuId,ipc
0,1,64,1,16,4,1,0,0.069296
0,128,1,1,1,16,2,0,0.06047
0,16,1,1,4,64,1,0,0.098375
0,2,4,16,2,1,16,0,0.076587
0,1,32,2,8,2,4,0,0.099387
0,1,4,8,8,2,8,0,0.099125
0,2,16,2,1,32,2,0,0.086149
0,1,2,8,8,2,16,0,0.134779
0,32,2,2,4,8,1,0,0.076082
0,1,2,8,2,16,8,0,0.140258
0,8,2,8,4,4,2,0,0.080665
0,8,2,2,16,8,1,0,0.088327
0,2,32,1,1,64,1,0,0.069274
0,4,2,2,2,128,1,0,0.125633
0,4,2,1,4,4,32,0,0.16334
0,8,2,8,1,2,16,0,0.057141
0,16,1,8,1,8,4,0,0.066573
0,4,2,1,4,8,16,0,0.195283
0,1,2,2,64,4,4,0,0.243457
0,1,1,64,16,1,4,0,0.071475
0,2,2,2,1,128,4,0,0.174183
0,2,2,1,2,64,8,0,0.243335
0,4,2,2,4,16,4,0,0.134342
0,1,4,4,4,8,8,0,0.140477
0,1,8,16,2,16,1,0,0.067864
0,1,2,4,128,2,2,0,0.194355
0,2,16,2,8,1,8,0,0.070329
0,4,1,8,4,2,16,0,0.099103
0,2,8,1,16,2,8,0,0.135098
0,2,2,32,8,2,2,0,0.080587
0,2,4,4,16,4,2,0,0.078628
0,1,4,8,2,32,2,0,0.080468
0,4,8,1,4,4,8,0,0.099997
0,1,16,1,8,8,4,0,0.09209
0,8,2,1,16,2,8,0,0.140613
0,2,2,2,1,8,64,0,0.16979
0,1,2,16,16,4,2,0,0.099164
0,8,2,1,64,4,1,0,0.111942
0,4,16,1,16,1,4,0,0.063814
0,4,8,1,2,4,16,0,0.099986
0,1,1,4,128,4,2,0,0.195864
0,2,2,8,2,2,32,0,0.094191
0,1,16,4,1,8,8,0,0.07986
0,4,1,1,2,512,1,0,0.169467
0,1,32,1,64,2,1,0,0.055299
0,8,2,8,1,8,4,0,0.074498
0,8,2,1,8,16,2,0,0.139203
0,8,4,1,4,2,16,0,0.099539
0,2,4,1,8,8,8,0,0.195244
0,2,16,2,4,4,4,0,0.094068
0,1,1,16,32,2,4,0,0.114652
0,4,8,2,1,16,4,0,0.086277
0,2,1,4,1,128,4,0,0.129194
0,8,1,8,16,1,4,0,0.068157
0,4,1,4,1,16,16,0,0.111576
0,4,4,2,8,4,4,0,0.094033
0,4,1,1,8,64,2,0,0.1631
0,16,1,2,128,1,1,0,0.069193
0,1,2,2,2,32,16,0,0.24389
0,2,4,1,8,16,4,0,0.196272
0,1,4,2,8,8,8,0,0.196617
0,2,8,4,2,2,16,0,0.076374
0,8,2,8,1,32,1,0,0.06601
0,32,2,2,8,1,4,0,0.076309
0,1,4,16,2,2,16,0,0.099804
0,64,2,1,16,1,2,0,0.067725
0,8,16,1,8,2,2,0,0.084851
0,4,2,4,1,2,64,0,0.08695
0,2,8,2,4,2,16,0,0.094238
0,1,1,16,16,4,4,0,0.114787
0,1,1,8,16,2,16,0,0.135085
0,1,1,4,4,128,2,0,0.194461
0,1,2,2,64,16,1,0,0.194338
0,8,4,1,2,64,1,0,0.083711
0,2,8,4,1,64,1,0,0.078702
0,2,1,2,4,16,16,0,0.23207
0,2,1,2,4,128,2,0,0.241027
0,4,1,4,8,2,16,0,0.139817
0,8,4,2,32,1,2,0,0.071581
0,4,1,16,64,1,1,0,0.057729
0,16,1,8,4,4,2,0,0.084273
0,32,1,1,1,64,2,0,0.071156
0,4,1,8,16,2,4,0,0.098926
0,8,8,2,1,32,1,0,0.067506
0,16,2,1,1,32,4,0,0.100589
0,1,1,16,4,32,2,0,0.114071
0,1,8,4,64,2,1,0,0.079387
0,2,4,4,16,2,4,0,0.094163
0,1,4,4,4,4,16,0,0.113985
0,1,16,1,1,8,32,0,0.098175
0,1,16,4,2,4,8,0,0.099725
0,1,1,64,2,16,2,0,0.082771
0,16,1,2,4,1,32,0,0.082204
0,1,16,1,8,32,1,0,0.097477
0,32,1,1,4,1,32,0,0.068313
0,16,1,1,1,64,4,0,0.083299
0,8,16,1,2,2,8,0,0.084994
0,2,16,1,2,32,2,0,0.099875
0,4,2,4,32,4,1,0,0.085973
0,16,4,2,32,1,1,0,0.068806
0,2,2,1,2,32,16,0,0.239355
0,32,1,1,2,16,4,0,0.063236
0,1,16,2,2,8,8,0,0.080793
0,2,2,16,2,2,16,0,0.093636
0,8,2,2,1,8,16,0,0.085922
0,1,1,16,4,8,8,0,0.115243
0,1,8,1,1,64,8,0,0.112723
0,8,4,2,2,1,32,0,0.08908
0,1,1,64,2,4,8,0,0.068546
0,32,2,2,1,16,2,0,0.073465
0,2,32,2,1,16,2,0,0.056904
0,2,1,32,8,4,2,0,0.097485
0,2,1,2,32,4,8,0,0.249634
0,16,1,8,32,1,1,0,0.058808
0,1,4,1,32,4,8,0,0.163238
0,4,2,8,1,64,1,0,0.079614
0,1,2,16,1,64,2,0,0.079837
0,1,8,1,32,4,4,0,0.15668
0,4,1,1,8,16,8,0,0.193672
0,2,4,16,16,1,2,0,0.076512
0,32,4,1,1,16,2,0,0.054106
0,2,8,4,8,2,4,0,0.093316
0,1,2,2,1,256,4,0,0.161794
0,16,2,1,8,16,1,0,0.080106
0,8,1,1,128,1,4,0,0.135764
0,1,2,8,8,4,8,0,0.141756
0,8,1,1,64,4,2,0,0.154898
0,4,2,2,64,1,4,0,0.120022
0,2,8,2,4,4,8,0,0.093131
0,4,1,32,4,2,4,0,0.080007
0,64,2,1,1,8,4,0,0.076597
0,64,1,1,2,4,8,0,0.076075
0,1,2,8,8,8,4,0,0.141445
0,4,1,16,4,4,4,0,0.099778
0,1,4,32,2,8,2,0,0.085003
0,8,4,1,2,8,8,0,0.100289
0,2,1,16,16,1,8,0,0.081125
0,16,4,1,4,1,16,0,0.079292
0,1,2,2,32,1,32,0,0.175609
0,16,1,2,1,128,1,0,0.068302
0,16,1,1,32,2,4,0,0.110976
0,1,16,4,1,32,2,0,0.079346
0,1,32,4,1,2,16,0,0.067855
0,4,1,16,4,8,2,0,0.099371
0,64,1,1,1,8,8,0,0.071577
0,4,16,1,4,4,4,0,0.098894
0,2,64,1,2,2,8,0,0.084997
0,8,4,1,4,16,2,0,0.09994
0,1,4,4,1,8,32,0,0.123064
0,1,4,8,4,32,1,0,0.079668
0,1,4,4,1,16,16,0,0.112133
0,2,2,1,64,16,1,0,0.194338
0,2,8,8,4,4,2,0,0.080322
0,4,1,1,16,2,32,0,0.194644
0,1,1,8,16,8,4,0,0.159682
0,16,1,2,16,1,8,0,0.081978
0,4,1,16,1,4,16,0,0.07815
0,32,1,1,1,128,1,0,0.06103
0,1,2,4,64,1,8,0,0.155701
0,1,1,4,64,16,1,0,0.169225
0,2,32,1,8,2,4,0,0.099353
0,2,2,8,4,4,8,0,0.093417
0,4,2,4,16,1,8,0,0.089999
0,8,1,2,4,64,1,0,0.112292
0,1,2,64,1,8,4,0,0.067747
0,2,2,1,16,32,2,0,0.242613
0,2,1,2,2,32,16,0,0.247728
0,2,4,2,1,32,8,0,0.123689
0,1,4,4,16,1,16,0,0.11193
0,1,1,32,16,8,1,0,0.069254
0,2,2,1,512,2,1,0,0.194422
0,1,4,2,64,4,2,0,0.220275
0,4,1,8,64,2,1,0,0.079819
0,4,2,8,4,16,1,0,0.089165
0,2,4,8,8,4,2,0,0.094071
0,4,2,1,4,2,64,0,0.195842
0,4,8,1,8,4,4,0,0.099699
0,4,1,16,1,1,64,0,0.071628
0,4,2,2,1,64,4,0,0.110253
0,2,4,8,2,2,16,0,0.07727
0,16,1,4,1,1,64,0,0.071218
0,8,2,4,4,1,16,0,0.089733
0,1,2,64,2,16,1,0,0.050361
0,1,8,1,2,256,1,0,0.1104
0,1,1,8,128,1,4,0,0.141696
0,2,8,1,2,32,4,0,0.141573
0,4,1,4,4,4,16,0,0.140859
0,4,16,1,16,2,2,0,0.098712
0,1,2,2,16,32,2,0,0.243159
0,32,4,1,1,32,1,0,0.058621
0,4,16,2,1,1,32,0,0.067487
0,32,1,1,2,4,16,0,0.078334
0,4,2,16,1,16,2,0,0.054925
0,1,8,4,4,2,16,0,0.100117
0,8,4,4,4,8,1,0,0.075715
0,4,8,2,1,8,8,0,0.086436
0,16,1,8,4,8,1,0,0.050089
0,4,16,2,2,2,8,0,0.080424
0,8,2,1,2,4,32,0,0.140364
0,2,4,4,4,32,1,0,0.083673
0,2,4,4,2,8,8,0,0.093648
0,1,8,2,2,64,2,0,0.141698
0,2,1,2,256,2,2,0,0.250541
0,1,4,1,256,4,1,0,0.163796
0,8,1,4,8,4,4,0,0.099691
0,1,4,8,2,16,4,0,0.080701
0,64,2,1,8,2,2,0,0.084674
0,2,4,8,2,16,2,0,0.094291
0,1,1,8,64,2,4,0,0.159556
0,2,1,8,64,2,2,0,0.140984
0,8,2,1,1,256,1,0,0.098979
0,16,1,1,16,8,2,0,0.109231
0,1,4,4,2,4,32,0,0.141618
0,8,1,8,8,4,2,0,0.08043
0,4,1,4,8,1,32,0,0.091729
0,1,8,1,8,64,1,0,0.121937
0,4,1,8,4,1,32,0,0.08131
0,4,2,2,16,4,4,0,0.134506
0,2,8,1,1,4,64,0,0.190538
0,2,1,8,4,8,8,0,0.14288
0,2,4,1,32,1,16,0,0.140665
0,1,32,2,4,8,2,0,0.080617
0,1,1,8,2,256,1,0,0.135292
0,8,4,2,2,2,16,0,0.093207
0,16,8,1,8,1,4,0,0.067875
0,2,2,8,1,16,8,0,0.087385
0,1,2,64,2,1,16,0,0.066896
0,1,16,1,256,1,1,0,0.066737
0,64,1,2,2,1,16,0,0.069027
0,16,2,2,4,2,8,0,0.079114
0,8,8,1,4,16,1,0,0.065997
0,4,16,1,1,32,2,0,0.089525
0,16,4,2,8,2,2,0,0.080342
0,2,2,2,1,64,8,0,0.17815
0,1,2,4,4,32,4,0,0.190784
0,4,8,2,4,2,8,0,0.079293
0,4,4,1,4,32,2,0,0.140696
0,16,1,8,8,2,2,0,0.084812
0,1,2,16,2,4,16,0,0.100911
0,4,1,1,16,1,64,0,0.168076
0,16,4,1,2,4,8,0,0.098963
0,16,4,1,32,2,1,0,0.079087
0,4,1,2,8,32,2,0,0.196605
0,32,1,2,32,2,1,0,0.07947
0,1,2,64,4,2,4,0,0.085277
0,1,2,32,2,32,1,0,0.080362
0,1,1,4,16,64,1,0,0.156729
0,1,2,16,1,128,1,0,0.058168
0,1,1,64,4,1,16,0,0.071556
0,1,4,8,2,2,32,0,0.100856
0,16,4,1,1,4,16,0,0.093342
0,1,64,1,8,1,8,0,0.059256
0,16,1,8,1,16,2,0,0.049959
0,1,8,2,4,8,8,0,0.141225
0,2,1,64,2,4,4,0,0.063369
0,1,1,128,1,32,1,0,0.049755
0,8,2,2,1,4,32,0,0.086297
0,2,4,2,1,128,2,0,0.104038
0,1,2,4,8,16,4,0,0.196451
0,4,4,2,32,2,2,0,0.094174
0,16,1,1,32,8,1,0,0.09706
0,1,16,2,32,2,2,0,0.100036
0,2,1,16,1,8,16,0,0.078353
0,4,8,2,32,2,1,0,0.088772
0,2,1,2,8,2,64,0,0.243347
0,1,2,8,4,64,1,0,0.088898
0,2,2,8,64,1,2,0,0.071517
0,1,1,8,2,64,4,0,0.16229
0,32,1,2,16,4,1,0,0.079508
0,1,1,8,32,16,1,0,0.110558
0,1,64,2,16,1,2,0,0.059411
0,1,2,4,2,8,32,0,0.203561
0,2,8,2,64,2,1,0,0.088478
0,2,1,32,16,4,1,0,0.078994
0,16,2,1,64,1,2,0,0.078727
0,16,1,1,16,4,4,0,0.113144
0,8,1,8,4,2,8,0,0.099111
0,2,2,2,128,1,4,0,0.176403
0,8,4,2,4,4,4,0,0.093255
0,1,1,4,1,256,4,0,0.169938
0,2,4,1,1,256,2,0,0.203104
0,8,4,1,1,32,4,0,0.10001
0,1,8,8,4,4,4,0,0.09909
0,1,8,8,32,1,2,0,0.078189
0,8,2,4,32,2,1,0,0.08814
0,16,1,1,4,2,32,0,0.110835
0,4,8,4,2,4,4,0,0.080045
0,1,1,8,64,1,8,0,0.137562
0,4,16,2,1,2,16,0,0.073906
0,1,1,4,16,8,8,0,0.192879
0,2,1,4,16,32,1,0,0.15417
0,16,2,4,2,8,2,0,0.08007
0,16,4,1,1,16,4,0,0.087234
0,2,2,2,1,16,32,0,0.171388
0,2,2,32,16,1,2,0,0.075498
0,2,16,1,2,1,64,0,0.079936
0,1,4,1,32,16,2,0,0.191028
0,8,8,2,16,2,1,0,0.074717
0,2,1,4,1,8,64,0,0.155793
0,64,1,2,8,4,1,0,0.067201
0,8,8,1,1,2,32,0,0.088808
0,8,1,16,2,2,8,0,0.084397
0,8,1,16,32,1,1,0,0.04336
0,4,1,4,4,16,4,0,0.140538
0,1,32,4,32,1,1,0,0.058955
0,16,2,4,2,2,8,0,0.079976
0,2,8,1,16,4,4,0,0.14066
0,1,2,8,16,4,4,0,0.140841
0,64,1,2,4,8,1,0,0.06743
0,4,1,8,1,2,64,0,0.07858
0,4,1,2,2,4,64,0,0.19546
0,1,1,64,1,64,1,0,0.058518
0,1,1,4,8,32,4,0,0.196687
0,1,1,4,8,64,2,0,0.193161
0,1,8,1,2,64,4,0,0.129164
0,1,4,8,64,2,1,0,0.079332
0,16,4,2,1,2,16,0,0.073827
0,2,8,1,8,16,2,0,0.140457
0,8,8,1,1,1,64,0,0.071283
0,1,2,2,256,2,2,0,0.203919
0,8,8,1,2,2,16,0,0.099265
0,4,1,32,8,2,2,0,0.084444
0,1,32,1,2,16,4,0,0.079831
0,4,8,2,1,2,32,0,0.086065
0,16,4,2,4,1,8,0,0.076166
0,4,1,2,16,16,2,0,0.192513
0,2,32,1,1,4,16,0,0.090057
0,1,32,4,4,2,4,0,0.084105
0,16,2,4,8,4,1,0,0.075112
0,16,2,2,16,2,2,0,0.092399
0,1,4,1,8,2,64,0,0.193877
0,1,1,32,2,32,2,0,0.082292
0,4,4,2,2,1,64,0,0.089418
0,4,2,1,8,4,16,0,0.193121
0,2,8,4,4,2,8,0,0.093786
0,2,16,2,4,8,2,0,0.0934
0,2,16,1,4,16,2,0,0.099502
0,2,8,2,1,128,1,0,0.079576
0,4,4,1,4,4,16,0,0.140692
0,4,4,1,1,4,64,0,0.191663
0,1,1,64,8,2,4,0,0.068069
0,2,1,8,4,16,4,0,0.140619
0,1,1,8,8,2,32,0,0.181252
0,1,4,4,256,1,1,0,0.098254
0,8,4,2,16,4,1,0,0.087859
0,1,8,4,2,2,32,0,0.099495
0,1,16,4,4,16,1,0,0.079553
0,2,2,1,8,32,4,0,0.241301
0,2,4,1,32,2,8,0,0.195174
0,2,32,2,2,8,2,0,0.080056
0,8,2,1,4,16,4,0,0.140147
0,32,1,1,4,8,4,0,0.078455
0,1,1,64,2,8,4,0,0.06816
0,8,1,16,1,4,8,0,0.067132
0,2,16,1,8,2,8,0,0.080563
0,4,2,16,4,2,4,0,0.079853
0,1,4,1,1,16,64,0,0.169471
0,1,32,2,4,4,4,0,0.098769
0,8,4,4,2,1,16,0,0.075441
0,4,4,1,4,16,4,0,0.140161
0,4,16,1,8,4,2,0,0.099399
0,1,1,8,16,4,8,0,0.158693
0,2,1,4,8,8,8,0,0.193767
0,4,4,2,2,64,1,0,0.088406
0,1,64,1,16,1,4,0,0.072045
0,1,8,1,4,8,16,0,0.154428
0,16,1,4,2,16,2,0,0.080478
0,64,1,2,8,1,4,0,0.052632
0,4,2,16,2,2,8,0,0.08009
0,1,8,2,16,4,4,0,0.140141
0,4,32,1,32,1,1,0,0.060246
0,1,16,1,1,128,2,0,0.097995
0,16,1,1,2,4,32,0,0.111026
0,2,4,1,4,8,16,0,0.20772
0,8,4,1,8,4,4,0,0.099408
0,1,1,8,1,512,1,0,0.116985
0,1,64,2,1,16,2,0,0.066702
0,8,2,2,8,1,16,0,0.088976
0,16,1,2,16,2,4,0,0.098706
0,1,2,4,32,4,4,0,0.192251
0,1,2,8,32,1,8,0,0.111556
0,8,4,4,4,2,4,0,0.080127
0,1,32,1,2,32,2,0,0.079409
0,2,16,2,1,4,16,0,0.085889
0,4,2,2,32,1,8,0,0.126287
0,32,2,1,1,8,8,0,0.090285
0,1,2,16,2,8,8,0,0.099461
0,2,2,1,4,64,4,0,0.242631
0,2,8,2,32,4,1,0,0.087577
0,8,1,16,2,4,4,0,0.061383
0,8,1,1,64,2,4,0,0.152879
0,2,1,32,2,8,4,0,0.099386
0,1,8,2,8,32,1,0,0.111714
0,2,8,4,16,2,2,0,0.093246
0,1,64,2,1,2,16,0,0.066576
0,2,4,16,2,4,4,0,0.080196
0,8,8,2,8,4,1,0,0.075227
0,2,4,2,1,256,1,0,0.112038
0,2,1,2,1,1024,1,0,0.169605
0,2,8,2,4,16,2,0,0.080715
0,4,8,2,1,4,16,0,0.085964
0,1,4,8,8,16,1,0,0.080085
0,2,4,16,1,32,1,0,0.06755
0,4,2,2,1,16,16,0,0.119639
0,1,1,128,4,8,1,0,0.058273
0,16,1,1,2,2,64,0,0.109974
0,32,1,4,4,4,2,0,0.084563
0,4,1,2,4,16,8,0,0.195664
0,2,2,32,2,16,1,0,0.075337
0,1,4,8,2,1,64,0,0.078171
0,1,8,1,16,2,16,0,0.153628
0,2,4,1,1,512,1,0,0.135734
0,2,4,1,1,128,4,0,0.187971
0,2,1,16,128,1,1,0,0.069568
0,4,16,2,2,4,4,0,0.079676
0,32,4,1,8,1,4,0,0.067691
0,4,1,1,4,16,16,0,0.197857
0,1,16,2,64,1,2,0,0.078357
0,4,4,2,1,16,8,0,0.086099
0,2,4,1,64,2,4,0,0.19559
0,1,8,2,128,2,1,0,0.112333
0,1,4,16,16,4,1,0,0.079074
0,1,16,2,2,4,16,0,0.098092
0,4,32,1,2,4,4,0,0.084401
0,1,4,2,1,64,8,0,0.156113
0,8,2,4,4,4,4,0,0.093345
0,4,16,1,1,8,8,0,0.090256
0,1,4,16,2,32,1,0,0.07966
0,4,8,1,8,16,1,0,0.07913
0,4,2,16,4,8,1,0,0.056309
0,4,1,1,64,4,4,0,0.189796
0,2,4,1,128,1,4,0,0.15676
0,4,1,1,16,4,16,0,0.187861
0,4,8,2,2,8,4,0,0.079276
0,1,4,32,4,2,4,0,0.083997
0,1,2,16,16,8,1,0,0.079821
0,2,1,32,1,64,1,0,0.068636
0,1,32,4,2,8,2,0,0.08395
0,1,16,1,64,1,4,0,0.100621
0,2,16,1,2,64,1,0,0.0783
0,4,1,8,2,2,32,0,0.099531
0,8,1,2,4,2,32,0,0.140222
0,16,8,1,1,2,16,0,0.075193
0,2,4,4,32,2,2,0,0.093596
0,2,2,4,32,2,4,0,0.13415
0,1,1,4,16,1,64,0,0.171267
0,2,16,2,8,4,2,0,0.093428
0,2,1,2,32,8,4,0,0.243201
0,1,16,4,16,4,1,0,0.079706
0,2,8,1,16,16,1,0,0.111514
0,1,1,4,4,4,64,0,0.193414
0,1,16,1,32,8,1,0,0.097652
0,16,1,1,2,16,8,0,0.111246
0,16,1,8,1,2,16,0,0.06688
0,4,2,8,1,8,8,0,0.085606
0,8,2,2,128,1,1,0,0.081309
0,32,1,2,2,32,1,0,0.078558
0,32,1,1,4,2,16,0,0.078205
0,2,4,4,16,8,1,0,0.088152
0,2,2,16,4,16,1,0,0.087997
0,2,16,2,2,8,4,0,0.093508
0,8,1,4,2,1,64,0,0.081732
0,4,2,4,8,16,1,0,0.088237
0,1,2,4,32,1,16,0,0.155201
0,4,2,4,1,4,32,0,0.085733
0,16,1,2,4,2,16,0,0.098851
0,1,32,1,2,4,16,0,0.080238
0,1,4,1,2,16,32,0,0.194127
0,16,2,4,1,2,16,0,0.071727
0,4,1,4,2,32,4,0,0.141242
0,2,2,16,1,64,1,0,0.079072
0,1,1,4,256,1,4,0,0.144203
0,8,2,1,16,8,2,0,0.140064
0,1,1,16,1,128,2,0,0.097814
0,2,1,4,16,8,4,0,0.160474
0,1,2,32,2,16,2,0,0.100126
0,2,2,4,2,64,2,0,0.134044
0,1,1,128,4,4,2,0,0.052518
0,4,2,1,2,64,4,0,0.195672
0,16,2,1,8,4,4,0,0.077208
0,1,2,4,32,2,8,0,0.173264
0,4,8,2,4,8,2,0,0.080167
0,1,4,4,4,2,32,0,0.113721
0,64,1,1,2,8,4,0,0.077813
0,1,64,1,2,2,16,0,0.079143
0,1,16,2,8,1,16,0,0.078145
0,2,2,8,32,4,1,0,0.08816
0,4,8,4,4,2,4,0,0.080219
0,1,1,64,2,32,1,0,0.054159
0,1,1,4,256,4,1,0,0.165869
0,2,4,8,16,2,2,0,0.09335
0,2,1,8,8,32,1,0,0.091922
0,1,1,8,32,1,16,0,0.117398
0,1,8,1,8,4,16,0,0.129935
0,4,4,2,4,1,32,0,0.072439
0,1,4,2,8,32,2,0,0.194939
0,1,4,8,1,16,8,0,0.079775
0,2,16,1,4,4,8,0,0.099567
0,2,16,4,1,1,32,0,0.053792
0,1,1,128,8,2,2,0,0.068941
0,16,1,1,32,1,8,0,0.083526
0,4,4,8,1,32,1,0,0.067299
0,1,32,2,1,16,4,0,0.07945
0,1,2,2,32,32,1,0,0.193248
0,2,8,8,4,2,4,0,0.079856
0,2,2,4,4,4,16,0,0.114023
0,4,4,4,4,1,16,0,0.089097
0,2,2,1,128,2,4,0,0.239637
0,1,8,8,2,32,1,0,0.079859
0,2,1,2,4,4,64,0,0.243597
0,4,2,4,2,2,32,0,0.093274
0,32,2,1,1,4,16,0,0.089881
0,2,1,8,8,2,16,0,0.140611
0,1,32,1,8,8,2,0,0.079507
0,2,8,4,2,32,1,0,0.088303
0,16,1,2,2,16,4,0,0.099819
0,4,4,1,64,4,1,0,0.110408
0,4,4,1,4,1,64,0,0.112671
0,1,1,16,4,1,64,0,0.100607
0,4,1,2,2,64,4,0,0.193925
0,1,32,1,1,2,64,0,0.070798
0,2,2,1,16,4,16,0,0.243744
0,16,2,2,4,16,1,0,0.074384
0,4,4,2,1,128,1,0,0.079211
0,2,2,1,1024,1,1,0,0.168148
0,4,8,2,16,4,1,0,0.087769
0,4,1,1,2,64,8,0,0.193657
0,2,1,2,16,16,4,0,0.239821
0,16,2,4,1,16,2,0,0.073361
0,2,64,1,2,8,2,0,0.084097
0,32,2,1,4,8,2,0,0.099064
0,4,2,1,128,4,1,0,0.153367
0,4,16,2,4,8,1,0,0.075272
0,1,4,8,4,16,2,0,0.1037
0,1,2,32,1,8,8,0,0.079468
0,4,32,1,4,4,2,0,0.084877
0,2,32,1,2,2,16,0,0.100084
0,4,8,1,16,2,4,0,0.098984
0,2,8,4,8,4,2,0,0.09365
0,8,2,1,2,2,64,0,0.140293
0,64,2,1,4,2,4,0,0.084416
0,2,16,4,8,2,2,0,0.077922
0,1,4,8,8,8,2,0,0.099844
0,32,1,4,16,2,1,0,0.067766
0,2,64,1,4,2,4,0,0.081305
0,4,2,8,16,2,2,0,0.093634
0,1,16,8,2,2,8,0,0.062935
0,2,16,4,1,2,16,0,0.05727
0,8,1,16,2,16,1,0,0.067748
0,2,4,16,16,2,1,0,0.075717
0,1,2,2,16,2,32,0,0.244288
0,4,2,2,8,4,8,0,0.135137
0,8,2,8,2,16,1,0,0.075729
0,2,2,4,16,2,8,0,0.133645
0,1,4,4,16,4,4,0,0.141459
0,1,2,8,64,4,1,0,0.092597
0,1,16,2,16,4,2,0,0.083909
0,2,2,1,128,8,1,0,0.162758
0,2,2,16,1,8,8,0,0.086654
0,4,1,8,2,16,4,0,0.080369
0,8,16,1,4,8,1,0,0.067516
0,1,8,4,8,2,8,0,0.100299
0,8,16,1,2,8,2,0,0.085038
0,1,4,1,16,8,8,0,0.203072
0,8,2,8,2,2,8,0,0.080492
0,2,1,2,1,512,2,0,0.194417
0,4,2,1,4,64,2,0,0.19544
0,2,2,32,1,32,1,0,0.067673
0,16,4,2,1,4,8,0,0.074577
0,2,1,32,1,32,2,0,0.078826
0,32,1,2,16,1,4,0,0.082523
0,2,8,8,16,1,2,0,0.076247
0,16,2,2,1,8,8,0,0.072523
0,2,1,64,4,8,1,0,0.067878
0,2,1,8,4,4,16,0,0.141139
0,2,1,8,8,1,32,0,0.114763
0,4,1,1,256,1,4,0,0.169015
0,8,1,2,2,128,1,0,0.112018
0,1,2,2,2,64,8,0,0.243286
0,2,32,2,2,16,1,0,0.07559
0,2,4,1,2,4,64,0,0.191951
0,2,8,4,1,16,4,0,0.086998
0,2,1,32,8,2,4,0,0.099489
0,2,16,4,1,16,2,0,0.074572
0,2,2,8,1,128,1,0,0.079531
0,4,32,1,1,32,1,0,0.057076
0,1,2,64,4,4,2,0,0.08509
0,1,16,1,2,64,2,0,0.113017
0,1,8,1,32,16,1,0,0.135535
0,4,8,1,2,16,4,0,0.099338
0,2,4,4,4,16,2,0,0.094325
0,4,4,1,8,2,16,0,0.142214
0,4,1,1,16,64,1,0,0.171753
0,4,2,2,2,8,16,0,0.128811
0,4,1,1,4,128,2,0,0.194289
0,32,1,1,2,1,64,0,0.068325
0,1,4,2,64,8,1,0,0.158037
0,2,1,4,32,8,2,0,0.194705
0,8,8,1,64,1,1,0,0.071535
0,1,8,1,4,2,64,0,0.156728
0,4,8,2,1,1,64,0,0.07956
0,8,16,1,8,1,4,0,0.067529
0,2,4,16,1,1,32,0,0.067571
0,8,1,1,2,256,1,0,0.138795
0,2,1,2,2,128,4,0,0.243177
0,1,4,32,2,2,8,0,0.063075
0,1,64,1,2,8,4,0,0.076792
0,1,2,8,2,64,2,0,0.112684
0,1,2,4,2,4,64,0,0.159859
0,16,4,1,1,2,32,0,0.088871
0,4,4,4,2,4,8,0,0.0908
0,2,2,2,64,2,4,0,0.161226
0,2,1,16,2,32,2,0,0.080805
0,1,16,1,128,1,2,0,0.089338
0,4,1,2,1,256,2,0,0.155286
0,1,1,128,8,4,1,0,0.056407
0,16,8,1,2,4,4,0,0.084898
0,2,8,2,8,8,2,0,0.077087
0,32,1,1,16,2,4,0,0.066137
0,4,8,4,2,1,16,0,0.076812
0,2,2,8,4,32,1,0,0.089286
0,1,8,8,8,4,2,0,0.099696
0,1,8,8,32,2,1,0,0.07986
0,8,8,2,2,8,2,0,0.080059
0,8,4,1,4,8,4,0,0.099596
0,1,2,8,16,16,1,0,0.11282
0,4,2,8,2,4,8,0,0.094289
0,8,2,1,4,4,16,0,0.141917
0,2,1,4,8,32,2,0,0.19506
0,1,32,1,1,8,16,0,0.06946
0,16,4,1,1,8,8,0,0.089608
0,1,32,1,8,1,16,0,0.071642
0,2,16,1,1,4,32,0,0.106898
0,1,1,32,2,4,16,0,0.082578
0,2,2,4,4,64,1,0,0.128184
0,4,1,2,4,2,64,0,0.195897
0,1,4,1,4,16,16,0,0.193789
0,4,2,8,8,8,1,0,0.089134
0,32,4,1,2,4,4,0,0.085102
0,32,4,1,1,4,8,0,0.056856
0,4,2,16,1,2,16,0,0.056988
0,2,32,2,2,1,16,0,0.076405
0,1,2,16,8,1,16,0,0.07886
0,32,1,2,32,1,2,0,0.070482
0,2,1,4,4,64,2,0,0.176029
0,1,64,1,8,2,4,0,0.080079
0,2,8,4,1,8,8,0,0.082794
0,8,4,1,4,1,32,0,0.063618
0,16,2,2,2,2,16,0,0.078963
0,8,1,2,2,16,8,0,0.141017
0,2,64,1,2,4,4,0,0.084565
0,4,1,1,512,2,1,0,0.171267
0,2,16,2,2,2,16,0,0.090095
0,2,1,2,32,16,2,0,0.24288
0,4,1,1,2,16,32,0,0.194807
0,1,2,8,32,8,1,0,0.112563
0,1,1,8,8,4,16,0,0.1589
0,1,4,4,32,8,1,0,0.113282
0,32,1,1,2,8,8,0,0.078466
0,8,1,4,2,32,2,0,0.099171
0,16,2,1,2,4,16,0,0.099492
0,1,2,8,16,1,16,0,0.111524
0,64,1,1,64,1,1,0,0.062976
0,1,4,16,64,1,1,0,0.069931
0,4,2,8,32,2,1,0,0.088776
0,16,2,1,2,16,4,0,0.0994
0,4,4,2,4,4,8,0,0.094216
0,2,2,1,8,4,32,0,0.243007
0,4,1,2,2,8,32,0,0.198953
0,1,4,4,32,2,4,0,0.141676
0,1,4,1,2,128,4,0,0.194191
0,8,1,1,32,4,4,0,0.154904
0,2,1,16,4,2,16,0,0.100536
0,2,4,4,64,2,1,0,0.089318
0,1,32,2,8,8,1,0,0.080239
0,1,1,16,2,16,8,0,0.117343
0,8,8,1,4,4,4,0,0.09943
0,4,1,32,4,8,1,0,0.067501
0,1,16,4,8,2,4,0,0.100127
0,2,1,4,256,1,2,0,0.159061
0,16,2,1,16,8,1,0,0.079581
0,1,2,32,1,1,64,0,0.069566
0,2,2,1,16,8,8,0,0.243933
0,2,2,1,2,512,1,0,0.194915
0,8,1,8,1,1,64,0,0.059623
0,1,1,4,128,1,8,0,0.172344
0,4,1,8,16,8,1,0,0.079789
0,2,1,2,2,512,1,0,0.195665
0,2,4,2,8,2,16,0,0.134244
0,2,2,8,64,2,1,0,0.071307
0,16,1,2,1,64,2,0,0.062214
0,1,2,4,512,1,1,0,0.111924
0,32,1,2,2,4,8,0,0.099249
0,1,1,8,4,16,8,0,0.159374
0,1,1,64,16,2,2,0,0.082696
0,8,2,2,2,1,64,0,0.089978
0,8,4,2,1,1,64,0,0.079593
0,2,8,4,1,1,64,0,0.062024
0,1,2,8,1,256,1,0,0.089872
0,4,2,4,4,32,1,0,0.089069
0,8,1,8,4,8,2,0,0.080564
0,1,32,1,64,1,2,0,0.0567
0,8,2,2,4,4,8,0,0.094105
0,1,128,1,4,1,8,0,0.059183
0,2,8,4,8,8,1,0,0.088983
0,2,4,2,128,2,1,0,0.126581
0,2,4,1,512,1,1,0,0.13113
0,2,4,2,128,1,2,0,0.127
0,8,2,1,64,2,2,0,0.112782
0,4,1,32,8,4,1,0,0.066947
0,1,16,1,1,64,4,0,0.097706
0,2,16,1,1,2,64,0,0.105663
0,2,1,4,64,4,2,0,0.162968
0,2,2,32,1,1,32,0,0.067433
0,2,8,2,4,1,32,0,0.072468
0,4,2,2,8,32,1,0,0.125771
0,32,2,2,4,4,2,0,0.08034
0,1,2,4,2,64,4,0,0.196474
0,2,2,32,8,4,1,0,0.075602
0,8,16,1,4,1,8,0,0.067442
0,8,1,2,64,4,1,0,0.112099
0,1,16,2,4,32,1,0,0.082428
0,1,4,1,1,256,4,0,0.168476
0,2,2,4,8,8,4,0,0.10976
0,1,4,2,2,8,32,0,0.196185
0,1,4,1,128,2,4,0,0.16262
0,1,2,8,4,16,4,0,0.141492
0,1,4,4,4,64,1,0,0.113279
0,2,4,1,8,64,1,0,0.156005
0,4,1,2,32,1,16,0,0.158978
0,1,4,1,16,2,32,0,0.193931
0,1,1,4,1,128,8,0,0.14256
0,8,8,2,4,2,4,0,0.080733
0,8,2,1,8,2,16,0,0.14098
0,1,8,4,1,64,2,0,0.079838
0,1,8,4,1,16,8,0,0.080394
0,1,8,2,8,4,8,0,0.141461
0,4,1,32,16,2,1,0,0.067183
0,32,1,1,32,4,1,0,0.068829
0,4,1,2,2,128,2,0,0.194592
0,16,1,2,2,4,16,0,0.099899
0,1,8,1,16,32,1,0,0.135675
0,2,1,2,8,4,32,0,0.242855
0,1,2,2,128,2,4,0,0.206604
0,2,8,4,32,1,2,0,0.090691
0,4,1,4,4,64,1,0,0.11194
0,1,4,4,8,4,8,0,0.141678
0,8,4,1,16,1,8,0,0.079451
0,1,2,4,2,16,16,0,0.196462
0,4,8,1,2,8,8,0,0.099961
0,4,1,32,1,2,16,0,0.066791
0,4,16,1,2,2,16,0,0.09937
0,8,4,1,2,1,64,0,0.07911
0,4,4,8,4,1,8,0,0.076388
0,2,2,4,8,1,32,0,0.12742
0,1,8,1,16,1,32,0,0.138167
0,2,16,1,16,2,4,0,0.100373
0,4,4,4,8,4,2,0,0.094198
0,8,1,16,1,2,16,0,0.066868
0,4,8,1,8,8,2,0,0.099526
0,4,2,4,4,8,4,0,0.0941
0,4,2,2,1,256,1,0,0.113488
0,1,8,2,16,2,8,0,0.141379
0,32,1,1,1,32,4,0,0.071344
0,1,1,16,1,64,4,0,0.099589
0,2,8,1,1,32,8,0,0.159399
0,4,4,2,8,8,2,0,0.09396
0,32,4,1,8,4,1,0,0.067158
0,8,2,1,4,8,8,0,0.142606
0,8,1,1,1,8,64,0,0.137855
0,1,4,1,4,64,4,0,0.195317
0,1,4,32,2,4,4,0,0.061867
0,4,16,2,16,1,2,0,0.05515
0,2,1,2,8,32,4,0,0.204855
0,1,1,32,32,1,4,0,0.07171
0,2,2,8,1,2,64,0,0.086619
0,1,16,2,8,4,4,0,0.100206
0,16,1,2,8,2,8,0,0.101001
0,1,1,128,2,8,2,0,0.069383
0,2,1,64,4,1,8,0,0.069202
0,64,1,1,16,4,1,0,0.068901
0,4,2,2,4,8,8,0,0.113966
0,4,1,4,64,1,4,0,0.114681
0,2,8,4,4,4,4,0,0.093366
0,1,1,32,4,16,2,0,0.068682
0,4,4,4,2,1,32,0,0.072261
0,2,2,16,1,2,32,0,0.087216
0,2,4,4,2,1,64,0,0.089829
0,8,4,1,2,4,16,0,0.099919
0,1,8,4,16,8,1,0,0.076011
0,16,2,4,4,4,2,0,0.080306
0,2,8,1,128,2,1,0,0.111676
0,4,4,8,2,8,2,0,0.080878
0,4,8,2,8,8,1,0,0.089069
0,1,2,2,32,16,2,0,0.244866
0,1,8,4,32,2,2,0,0.099826
0,1,2,32,2,2,16,0,0.100118
0,2,4,2,1,4,64,0,0.123978
0,32,1,4,8,4,1,0,0.067506
0,8,4,2,2,8,4,0,0.09411
0,2,4,16,8,4,1,0,0.056428
0,32,2,2,1,32,1,0,0.067306
0,2,1,16,2,2,32,0,0.099683
0,8,4,2,8,1,8,0,0.090248
0,2,8,8,4,1,8,0,0.075985
0,4,1,2,64,2,4,0,0.194658
0,2,16,2,1,64,1,0,0.079615
0,1,32,2,8,4,2,0,0.099674
0,1,1,16,1,256,1,0,0.082724
0,1,1,32,4,4,8,0,0.065942
0,32,1,4,8,2,2,0,0.082659
0,4,16,2,16,2,1,0,0.075616
0,2,2,1,4,16,16,0,0.242377
0,2,2,2,4,64,2,0,0.189609
0,4,1,16,8,2,4,0,0.099242
0,16,2,2,32,1,2,0,0.089889
0,8,1,8,1,32,2,0,0.078135
0,64,1,1,4,4,4,0,0.07825
0,1,16,2,1,16,8,0,0.080074
0,1,32,4,2,1,16,0,0.057577
0,2,64,1,8,4,1,0,0.067326
0,1,4,2,16,32,1,0,0.158024
0,8,1,2,16,2,8,0,0.141217
0,2,1,8,1,16,16,0,0.110116
0,16,2,1,8,1,16,0,0.079932
0,4,1,2,2,32,8,0,0.196205
0,16,2,1,4,2,16,0,0.100836
0,1,2,16,32,4,1,0,0.063062
0,1,1,64,2,2,16,0,0.068515
0,8,2,1,2,8,16,0,0.137593
0,8,4,1,16,2,4,0,0.080434
0,2,8,4,64,1,1,0,0.06766
0,8,4,1,32,2,2,0,0.079886
0,1,8,1,4,16,8,0,0.156571
0,32,1,4,2,2,8,0,0.084943
0,2,2,8,128,1,1,0,0.082284
0,1,4,2,2,16,16,0,0.195956
0,4,4,4,2,8,4,0,0.094189
0,4,1,2,1,512,1,0,0.136247
0,32,1,2,2,16,2,0,0.099861
0,4,1,2,8,8,8,0,0.196653
0,8,1,1,2,8,32,0,0.150227
0,1,2,2,32,2,16,0,0.244608
0,1,2,32,1,64,1,0,0.07205
0,1,64,2,2,4,4,0,0.085194
0,2,2,2,512,1,1,0,0.159497
0,1,8,8,16,4,1,0,0.064067
0,2,1,2,4,256,1,0,0.194975
0,2,4,2,2,2,64,0,0.134322
0,1,2,2,4,32,8,0,0.243147
0,1,4,32,4,8,1,0,0.067677
0,2,1,2,16,2,32,0,0.241523
0,16,1,2,64,1,2,0,0.078191
0,1,16,2,1,128,1,0,0.071446
0,1,1,32,4,32,1,0,0.068314
0,8,1,4,16,1,8,0,0.081945
0,1,2,64,8,2,2,0,0.084678
0,8,4,2,1,64,1,0,0.079563
0,1,64,2,16,2,1,0,0.067803
0,4,2,16,16,1,2,0,0.074452
0,1,2,32,64,1,1,0,0.069056
0,16,1,4,4,2,8,0,0.09912
0,1,1,4,64,2,8,0,0.196155
0,1,1,4,32,16,2,0,0.196064
0,32,2,2,4,2,4,0,0.080635
0,2,4,2,256,1,1,0,0.114917
0,8,8,1,8,8,1,0,0.079416
0,1,8,1,32,1,16,0,0.13716
0,1,4,2,4,8,16,0,0.194099
0,8,16,1,1,2,16,0,0.075606
0,4,2,1,2,256,1,0,0.154742
0,4,4,8,16,1,2,0,0.076679
0,4,1,4,64,2,2,0,0.140666
0,16,2,2,64,1,1,0,0.081417
0,1,16,1,8,1,32,0,0.100486
0,4,1,4,32,8,1,0,0.111325
0,2,8,8,2,16,1,0,0.075391
0,1,4,4,8,16,2,0,0.140489
0,2,8,2,2,32,2,0,0.094049
0,1,1,16,1,8,32,0,0.09707
0,4,1,1,32,1,32,0,0.167788
0,16,8,1,16,1,2,0,0.067419
0,4,1,1,32,8,4,0,0.193799
0,4,4,1,1,64,4,0,0.164602
0,16,4,2,16,1,2,0,0.076079
0,8,1,2,2,8,16,0,0.143795
0,4,1,16,2,1,32,0,0.082038
0,1,4,2,256,2,1,0,0.156715
0,2,1,64,16,2,1,0,0.067237
0,1,2,8,64,2,2,0,0.140335
0,1,2,4,32,16,1,0,0.156804
0,8,4,2,1,2,32,0,0.085633
0,4,1,4,8,4,8,0,0.141389
0,4,4,1,2,8,16,0,0.140301
0,1,1,8,4,64,2,0,0.158837
0,4,1,4,16,1,16,0,0.114597
0,1,1,32,1,16,8,0,0.068886
0,32,1,1,16,4,2,0,0.078957
0,8,2,1,32,2,4,0,0.140572
0,4,4,2,1,8,16,0,0.086156
0,4,32,1,2,1,16,0,0.067487
0,1,4,1,1,64,16,0,0.197655
0,8,2,1,2,16,8,0,0.139901
0,2,16,4,8,1,4,0,0.076621
0,1,32,1,8,4,4,0,0.079633
0,8,1,8,1,16,4,0,0.078211
0,64,1,1,8,2,4,0,0.078715
0,128,1,1,2,8,2,0,0.066969
0,1,8,1,32,8,2,0,0.156221
0,4,8,2,32,1,2,0,0.09001
0,2,1,2,16,64,1,0,0.193604
0,1,2,16,8,2,8,0,0.09961
0,4,1,16,2,2,16,0,0.100084
0,8,1,16,2,8,2,0,0.081767
0,4,1,1,1024,1,1,0,0.14512
0,4,4,1,256,1,1,0,0.100353
0,4,1,2,1,32,16,0,0.152617
0,4,1,2,128,4,1,0,0.155544
0,16,2,4,4,2,4,0,0.080677
0,1,8,1,4,64,2,0,0.156338
0,2,4,2,8,8,4,0,0.134376
0,1,1,4,32,2,16,0,0.23092
0,2,2,4,2,128,1,0,0.126375
0,32,2,2,16,1,2,0,0.073253
0,2,64,1,1,2,16,0,0.075319
0,2,1,4,1,256,2,0,0.155613
0,2,4,2,4,16,4,0,0.134192
0,32,1,4,2,1,16,0,0.068965
0,8,4,1,2,2,32,0,0.080413
0,16,4,1,4,2,8,0,0.099669
0,8,8,1,1,4,16,0,0.093544
0,8,1,2,8,32,1,0,0.111872
0,1,4,1,16,4,16,0,0.192367
0,4,8,1,4,8,4,0,0.099883
0,8,2,4,1,2,32,0,0.086001
0,64,2,1,8,4,1,0,0.067086
0,8,8,1,2,8,4,0,0.098807
0,1,4,8,2,64,1,0,0.07956
0,4,8,1,64,1,2,0,0.079393
0,2,4,4,2,16,4,0,0.093733
0,8,1,4,4,8,4,0,0.099553
0,1,2,8,4,2,32,0,0.14022
0,4,4,1,1,256,1,0,0.097843
0,1,16,2,16,2,4,0,0.099369
0,16,1,1,128,2,1,0,0.098321
0,4,4,2,8,2,8,0,0.093417
0,8,1,16,4,4,2,0,0.08514
0,8,2,8,8,1,4,0,0.076608
0,16,1,8,8,1,4,0,0.069192
0,4,2,2,4,2,32,0,0.13463
0,1,4,8,2,8,8,0,0.099094
0,32,4,1,2,1,16,0,0.067547
0,2,2,16,2,16,2,0,0.093952
0,1,2,16,1,32,4,0,0.079689
0,64,1,1,2,16,2,0,0.078425
0,2,4,16,2,2,8,0,0.080312
0,1,1,8,2,128,2,0,0.157334
0,8,8,1,16,2,2,0,0.099337
0,8,2,1,1,32,8,0,0.159459
0,2,2,1,8,8,16,0,0.243353
0,1,8,2,8,1,32,0,0.110418
0,2,4,1,8,4,16,0,0.193898
0,1,1,4,128,2,4,0,0.196405
0,1,1,16,2,32,4,0,0.114542
0,8,1,4,2,8,8,0,0.080365
0,8,4,4,32,1,1,0,0.069137
0,2,8,4,8,1,8,0,0.089841
0,2,2,16,64,1,1,0,0.081862
0,16,2,2,1,2,32,0,0.086176
0,2,2,4,256,1,1,0,0.114856
0,2,1,32,1,16,4,0,0.078649
0,1,16,4,16,1,4,0,0.077861
0,4,4,4,16,1,4,0,0.089907
0,4,8,2,4,1,16,0,0.090298
0,8,1,4,2,64,1,0,0.079286
0,2,32,2,1,1,32,0,0.067525
0,2,16,4,2,16,1,0,0.075524
0,16,2,4,1,1,32,0,0.06782
0,1,16,2,16,1,8,0,0.077702
0,1,4,1,8,4,32,0,0.192652
0,2,4,4,1,16,8,0,0.085935
0,8,4,1,2,32,2,0,0.099094
0,1,64,1,2,32,1,0,0.069243
0,4,2,4,2,16,4,0,0.094033
0,2,2,8,2,32,2,0,0.093632
0,1,8,2,1,16,16,0,0.111469
0,2,1,16,4,32,1,0,0.079666
0,4,16,1,4,1,16,0,0.079863
0,1,16,4,8,1,8,0,0.077868
0,1,4,8,32,2,2,0,0.099266
0,1,4,2,4,128,1,0,0.156827
0,1,1,8,4,8,16,0,0.157209
0,2,1,4,2,32,8,0,0.195464
0,2,32,2,4,8,1,0,0.075396
0,4,1,2,1,16,32,0,0.155092
0,1,4,4,1,4,64,0,0.09554
0,16,1,8,4,1,8,0,0.068781
0,1,1,32,4,8,4,0,0.081878
0,64,1,2,2,16,1,0,0.067377
0,8,16,1,1,16,2,0,0.07412
0,4,2,1,64,8,1,0,0.155399
0,8,1,1,8,8,8,0,0.155349
0,1,1,16,4,64,1,0,0.096848
0,4,2,8,4,1,16,0,0.090317
0,16,1,2,64,2,1,0,0.079057
0,1,4,1,8,128,1,0,0.167957
0,1,2,2,32,8,4,0,0.24322
0,32,1,1,1,8,16,0,0.071828
0,2,1,64,4,4,2,0,0.084811
0,2,8,1,16,8,2,0,0.140368
0,1,1,32,1,4,32,0,0.068976
0,1,16,4,32,2,1,0,0.079424
0,4,2,4,1,8,16,0,0.086239
0,4,16,2,2,8,2,0,0.080684
0,2,16,4,4,1,8,0,0.076567
0,32,2,2,2,16,1,0,0.07552
0,4,4,8,8,4,1,0,0.075337
0,2,8,1,8,1,32,0,0.112613
0,4,8,2,2,32,1,0,0.088447
0,2,2,2,16,32,1,0,0.175517
0,4,2,1,1,32,16,0,0.182232
0,1,2,2,128,8,1,0,0.195795
0,4,32,1,8,1,4,0,0.067842
0,2,8,1,8,2,16,0,0.140741
0,2,2,8,1,8,16,0,0.08605
0,8,4,2,4,1,16,0,0.090042
0,16,2,2,1,64,1,0,0.079346
0,2,32,2,16,2,1,0,0.075461
0,2,4,2,4,4,16,0,0.134597
0,128,1,1,2,4,4,0,0.067017
0,128,1,1,16,1,2,0,0.058494
0,1,8,8,1,4,16,0,0.078913
0,32,2,2,1,2,16,0,0.073672
0,4,8,2,4,16,1,0,0.088927
0,4,4,1,16,8,2,0,0.140518
0,16,2,2,1,32,2,0,0.085927
0,2,8,4,4,16,1,0,0.088401
0,8,2,4,8,4,2,0,0.093468
0,1,1,16,16,16,1,0,0.096501
0,4,1,1,2,8,64,0,0.189656
0,8,2,2,32,2,2,0,0.094104
0,2,8,1,8,4,8,0,0.140839
0,2,1,2,4,32,8,0,0.23756
0,1,1,64,64,1,1,0,0.058907
0,1,1,4,16,2,32,0,0.194594
0,1,1,32,2,8,8,0,0.081676
0,16,1,1,64,2,2,0,0.111789
0,64,1,1,32,1,2,0,0.068636
0,4,8,4,1,4,8,0,0.073708
0,16,2,4,2,4,4,0,0.080403
0,2,8,2,8,4,4,0,0.094023
0,1,2,64,2,4,4,0,0.08456
0,1,8,8,2,16,2,0,0.093582
0,1,8,2,4,64,1,0,0.112175
0,1,32,4,16,2,1,0,0.067524
0,8,1,8,2,32,1,0,0.079035
0,1,4,4,16,2,8,0,0.140095
0,4,1,2,8,64,1,0,0.129891
0,1,4,2,16,16,2,0,0.161569
0,4,1,8,2,64,1,0,0.079169
0,8,4,2,8,8,1,0,0.088694
0,1,4,1,64,2,8,0,0.194728
0,4,1,16,2,32,1,0,0.078902
0,16,4,1,2,32,1,0,0.078588
0,1,2,64,2,8,2,0,0.084928
0,64,2,1,2,8,2,0,0.08486
0,16,4,2,1,32,1,0,0.067484
0,64,1,1,2,1,32,0,0.05383
0,1,2,2,4,64,4,0,0.240188
0,2,1,4,16,1,32,0,0.132141
0,1,2,2,1,64,16,0,0.163464
0,8,1,1,64,8,1,0,0.134483
0,16,4,1,4,16,1,0,0.078571
0,1,8,8,8,8,1,0,0.076957
0,8,1,8,4,4,4,0,0.098938
0,1,4,32,8,4,1,0,0.068069
0,4,1,4,1,4,64,0,0.12272
0,4,2,2,128,2,1,0,0.125382
0,16,2,1,8,2,8,0,0.080407
0,1,8,2,64,1,4,0,0.110286
0,8,2,8,1,4,8,0,0.071776
0,1,16,2,64,2,1,0,0.079357
0,2,1,8,16,4,4,0,0.139532
0,2,16,1,64,1,2,0,0.078882
0,1,4,2,1,256,2,0,0.156046
0,2,4,1,8,2,32,0,0.194057
0,1,8,16,1,1,32,0,0.058911
0,2,2,4,2,32,4,0,0.113917
0,4,1,8,32,1,4,0,0.081443
0,4,1,2,1,64,8,0,0.127714
0,4,8,4,1,2,16,0,0.059923
0,32,4,1,8,2,2,0,0.084944
0,2,2,1,16,2,32,0,0.203885
0,2,1,2,2,256,2,0,0.243299
0,4,2,8,16,4,1,0,0.088665
0,1,32,2,4,16,1,0,0.079774
0,2,8,8,1,16,2,0,0.073968
0,4,2,2,2,32,4,0,0.133381
0,2,1,8,1,8,32,0,0.111694
0,4,4,1,128,2,1,0,0.110556
0,8,1,4,1,16,8,0,0.078187
0,16,8,1,1,16,2,0,0.073728
0,1,1,64,8,8,1,0,0.068937
0,1,8,16,1,4,8,0,0.067519
0,2,8,1,4,8,8,0,0.139807
0,1,8,1,1,32,16,0,0.135778
0,8,1,8,2,2,16,0,0.099053
0,1,4,32,16,2,1,0,0.067961
0,1,4,2,2,4,64,0,0.194998
0,2,32,2,2,4,4,0,0.08032
0,2,1,16,1,2,64,0,0.077955
0,1,4,8,1,32,4,0,0.063838
0,32,1,1,16,1,8,0,0.068351
0,1,1,8,32,8,2,0,0.158503
0,4,1,4,1,256,1,0,0.096948
0,16,4,1,8,4,2,0,0.098354
0,1,4,2,4,32,4,0,0.194577
0,4,16,1,2,32,1,0,0.078468
0,2,1,8,64,4,1,0,0.111505
0,32,2,1,8,4,2,0,0.098559
0,2,32,1,16,1,4,0,0.078758
0,8,1,4,2,2,32,0,0.09963
0,1,2,16,1,16,8,0,0.079709
0,16,1,1,1,32,8,0,0.100522
0,4,4,4,1,1,64,0,0.079507
0,1,32,1,16,4,2,0,0.079315
0,1,4,2,1,128,4,0,0.156357
0,4,1,2,16,8,4,0,0.159665
0,1,1,32,128,1,1,0,0.059046
0,16,1,2,1,2,64,0,0.078393
0,4,2,2,8,8,4,0,0.133248
0,16,1,1,4,8,8,0,0.118287
0,16,1,2,8,16,1,0,0.079476
0,2,1,8,4,1,64,0,0.102063
0,4,2,8,1,2,32,0,0.072337
0,1,2,4,256,1,2,0,0.153245
0,8,4,2,32,2,1,0,0.081541
0,2,16,2,32,2,1,0,0.088526
0,8,1,1,8,16,4,0,0.146511
0,2,1,4,128,2,2,0,0.19324
0,16,1,2,32,4,1,0,0.063699
0,8,2,4,4,16,1,0,0.087603
0,4,4,4,8,2,4,0,0.093306
0,2,1,16,8,1,16,0,0.082897
0,1,1,8,8,8,8,0,0.160991
0,2,4,1,4,2,64,0,0.20227
0,2,64,1,4,1,8,0,0.067132
0,1,32,1,2,8,8,0,0.078063
0,1,1,4,32,8,4,0,0.195839
0,4,1,4,2,64,2,0,0.139847
0,1,1,16,64,1,4,0,0.100288
0,4,8,4,4,8,1,0,0.074743
0,32,2,1,4,4,4,0,0.098853
0,1,1,16,4,16,4,0,0.115171
0,2,4,8,1,8,8,0,0.086294
0,8,1,1,4,128,1,0,0.113093
0,4,1,1,64,1,16,0,0.142268
0,2,4,8,4,4,4,0,0.076132
0,8,1,2,32,8,1,0,0.099337
0,4,2,8,1,4,16,0,0.082042
0,1,1,8,2,4,64,0,0.15848
0,16,1,2,1,4,32,0,0.078327
0,16,2,1,32,2,2,0,0.093848
0,4,2,2,64,2,2,0,0.133463
0,64,1,2,4,4,2,0,0.084213
0,1,2,8,8,32,1,0,0.103665
0,2,2,8,16,8,1,0,0.083013
0,1,4,16,4,1,16,0,0.077992
0,2,4,8,2,32,1,0,0.088696
0,4,2,1,2,8,32,0,0.194433
0,16,4,1,16,1,4,0,0.063629
0,4,8,1,16,1,8,0,0.063676
0,1,2,8,4,32,2,0,0.115298
0,2,8,4,16,4,1,0,0.088323
0,2,2,8,16,1,8,0,0.089832
0,1,8,1,1,16,32,0,0.13487
0,16,1,1,1,16,16,0,0.083984
0,1,8,2,8,2,16,0,0.140782
0,2,4,8,32,2,1,0,0.088602
0,2,2,1,16,16,4,0,0.242233
0,2,1,2,1,16,64,0,0.193311
0,4,2,1,1,256,2,0,0.198411
0,4,1,2,16,1,32,0,0.15804
0,4,1,8,8,4,4,0,0.099065
0,1,4,16,32,2,1,0,0.081156
0,16,1,1,8,8,4,0,0.110663
0,2,16,1,8,1,16,0,0.080257
0,16,2,1,16,4,2,0,0.100632
0,4,8,2,4,4,4,0,0.093477
0,2,2,4,8,16,2,0,0.133681
0,4,16,2,2,16,1,0,0.075246
0,4,16,1,1,4,16,0,0.093737
0,2,4,8,4,1,16,0,0.089492
0,16,1,4,8,2,4,0,0.098207
0,4,1,1,1,128,8,0,0.173688
0,1,4,1,16,64,1,0,0.168182
0,1,16,1,2,8,16,0,0.112015
0,4,1,8,1,128,1,0,0.068337
0,1,2,32,8,2,4,0,0.1018
0,1,4,2,32,1,16,0,0.153618
0,2,16,1,32,2,2,0,0.100943
0,1,4,1,1024,1,1,0,0.144074
0,1,32,1,2,1,64,0,0.071304
0,4,8,2,8,2,4,0,0.081615
0,2,1,32,16,1,4,0,0.083164
0,4,2,1,64,2,4,0,0.194978
0,2,2,32,2,4,4,0,0.080108
0,2,8,4,4,8,2,0,0.093261
0,16,2,2,1,16,4,0,0.086353
0,1,4,1,1,32,32,0,0.168433
0,1,1,4,1,512,2,0,0.168153
0,16,1,2,4,16,2,0,0.09913
0,1,32,1,16,1,8,0,0.071201
0,1,8,2,1,64,4,0,0.1121
0,4,1,16,2,16,2,0,0.099268
0,1,2,4,256,2,1,0,0.157641
0,4,4,8,1,8,4,0,0.074028
0,32,1,1,128,1,1,0,0.060348
0,1,1,64,1,2,32,0,0.055713
0,4,2,8,4,2,8,0,0.093614
0,64,1,1,1,16,4,0,0.070646
0,1,2,32,8,1,8,0,0.078393
0,1,8,16,1,16,2,0,0.067341
0,8,1,2,32,4,2,0,0.112638
0,1,2,64,1,4,8,0,0.050274
0,8,16,1,2,16,1,0,0.049442
0,4,4,8,1,1,32,0,0.067395
0,4,4,8,1,4,8,0,0.05597
0,1,8,4,2,4,16,0,0.081102
0,8,1,2,16,16,1,0,0.111782
0,2,8,8,32,1,1,0,0.050803
0,2,2,1,1,64,16,0,0.196116
0,4,16,1,2,16,2,0,0.099125
0,1,4,8,16,4,2,0,0.098959
0,1,2,32,8,8,1,0,0.079889
0,64,1,2,2,2,8,0,0.062743
0,32,2,2,4,1,8,0,0.056519
0,4,1,32,1,16,2,0,0.067076
0,2,4,4,32,1,4,0,0.089491
0,1,2,16,16,1,8,0,0.078753
0,1,1,8,8,64,1,0,0.135185
0,2,2,2,64,4,2,0,0.1904
0,4,8,1,4,1,32,0,0.079593
0,2,1,4,256,2,1,0,0.126682
0,8,4,1,1,8,16,0,0.10139
0,1,2,2,256,4,1,0,0.166184
0,8,2,2,16,4,2,0,0.07883
0,2,8,1,1,64,4,0,0.142613
0,8,2,1,1,16,16,0,0.142709
0,4,2,1,16,2,16,0,0.194771
0,8,2,1,16,4,4,0,0.114682
0,16,2,2,2,16,2,0,0.077448
0,16,1,4,32,2,1,0,0.079726
0,4,1,1,2,128,4,0,0.193696
0,4,1,1,32,16,2,0,0.193336
0,8,1,8,8,1,8,0,0.081768
0,1,8,1,8,32,2,0,0.155904
0,1,128,1,1,32,1,0,0.039091
0,2,1,2,16,8,8,0,0.242329
0,2,1,32,4,2,8,0,0.078248
0,1,1,64,4,2,8,0,0.081528
0,128,1,1,32,1,1,0,0.051154
0,8,8,1,8,2,4,0,0.077257
0,32,1,2,8,1,8,0,0.083717
0,1,16,8,2,1,16,0,0.066916
0,1,1,8,1,64,8,0,0.1359
0,2,2,4,8,32,1,0,0.125045
0,1,64,1,2,4,8,0,0.080175
0,1,16,4,8,4,2,0,0.099313
0,8,1,1,32,8,2,0,0.154785
0,2,32,2,8,1,4,0,0.076762
0,8,1,4,8,8,2,0,0.09488
0,16,8,1,2,2,8,0,0.08493
0,16,2,4,2,16,1,0,0.075317
0,1,8,2,8,8,4,0,0.140246
0,4,4,2,4,32,1,0,0.088387
0,4,1,16,2,8,4,0,0.099136
0,2,4,16,1,16,2,0,0.074387
0,16,1,8,1,4,8,0,0.066759
0,4,4,1,16,16,1,0,0.11119
0,1,1,4,2,128,4,0,0.19615
0,16,4,1,8,8,1,0,0.078765
0,1,64,2,8,4,1,0,0.067728
0,1,4,4,64,2,2,0,0.140135
0,2,8,1,8,32,1,0,0.111303
0,4,4,1,2,32,4,0,0.139992
0,2,2,32,32,1,1,0,0.069042
0,4,2,2,1,4,64,0,0.123182
0,1,4,8,16,2,4,0,0.099529
0,1,1,8,2,8,32,0,0.158441
0,2,2,1,1,512,2,0,0.25354
0,2,2,1,256,4,1,0,0.193433
0,8,2,8,16,2,1,0,0.075886
0,4,2,4,4,1,32,0,0.089948
0,64,1,2,4,1,8,0,0.068955
0,1,64,1,2,1,32,0,0.071337
0,16,1,4,4,16,1,0,0.079115
0,1,4,2,4,4,32,0,0.195323
0,1,1,4,1,16,64,0,0.16764
0,1,4,2,128,1,4,0,0.154558
0,64,1,2,16,1,2,0,0.068761
0,2,4,8,1,32,2,0,0.086294
0,16,2,4,1,32,1,0,0.067077
0,8,1,2,4,32,2,0,0.139805
0,8,1,1,4,8,16,0,0.153493
0,8,2,1,2,128,1,0,0.110775
0,8,16,1,8,4,1,0,0.067081
0,8,1,4,32,2,2,0,0.09431
0,2,2,16,16,1,4,0,0.089591
0,2,4,1,256,1,2,0,0.154567
0,1,32,4,1,4,8,0,0.067802
0,1,8,4,8,16,1,0,0.077556
0,8,1,1,256,2,1,0,0.134816
0,4,4,4,1,64,1,0,0.07886
0,2,4,4,8,4,4,0,0.093024
0,1,2,32,4,16,1,0,0.079445
0,2,16,4,8,4,1,0,0.075748
0,1,2,2,1,512,2,0,0.19205
0,1,32,2,32,2,1,0,0.080246
0,1,16,1,1,4,64,0,0.097016
0,1,8,1,4,32,4,0,0.155875
0,2,2,16,4,8,2,0,0.093813
0,1,4,8,4,2,16,0,0.099359
0,64,1,1,1,4,16,0,0.070829
0,64,1,2,1,1,32,0,0.060532
0,64,1,2,1,4,8,0,0.067013
0,16,2,1,4,32,1,0,0.078585
0,2,4,2,1,8,32,0,0.123299
0,1,1,32,2,1,64,0,0.070969
0,8,2,8,1,16,2,0,0.073794
0,8,4,4,1,4,8,0,0.074312
0,2,16,4,2,2,8,0,0.080587
0,4,1,8,4,4,8,0,0.099212
0,1,2,4,16,32,1,0,0.157735
0,4,2,4,4,16,2,0,0.093736
0,1,32,2,1,64,1,0,0.072245
0,1,2,32,16,2,2,0,0.099076
0,4,4,2,2,2,32,0,0.089909
0,1,8,2,4,2,32,0,0.140654
0,2,8,2,16,2,4,0,0.093036
0,32,1,2,1,64,1,0,0.06801
0,2,2,32,4,8,1,0,0.072449
0,16,1,8,8,4,1,0,0.067048
0,16,8,1,16,2,1,0,0.067015
0,1,8,1,8,2,32,0,0.154595
0,8,8,1,1,8,8,0,0.090028
0,8,4,2,16,2,2,0,0.092988
0,16,1,1,4,4,16,0,0.110076
0,1,4,2,2,32,8,0,0.193859
0,1,1,16,32,1,8,0,0.100033
0,1,32,2,1,32,2,0,0.07896
0,2,32,1,16,2,2,0,0.098744
0,2,4,16,1,2,16,0,0.073578
0,8,4,4,1,2,16,0,0.074324
0,2,2,1,32,4,8,0,0.243189
0,2,16,1,1,16,8,0,0.102341
0,4,8,2,1,64,1,0,0.079539
0,32,2,1,8,1,8,0,0.079559
0,2,4,4,32,4,1,0,0.088619
0,4,2,2,4,1,64,0,0.127177
0,2,2,32,4,1,8,0,0.076618
0,2,32,2,4,1,8,0,0.072891
0,1,1,16,2,2,64,0,0.114327
0,1,2,2,2,128,4,0,0.240496
0,8,8,1,16,1,4,0,0.078608
0,4,8,1,1,4,32,0,0.105542
0,4,2,2,2,4,32,0,0.132787
0,32,1,2,2,8,4,0,0.099067
0,4,1,4,32,1,8,0,0.112909
0,4,2,2,16,8,2,0,0.134558
0,8,2,4,32,1,2,0,0.089334
0,1,16,8,4,2,4,0,0.084839
0,4,1,16,4,1,16,0,0.081353
0,8,1,8,2,1,32,0,0.080747
0,16,1,4,2,8,4,0,0.098976
0,8,2,4,8,8,1,0,0.088614
0,1,8,16,1,8,4,0,0.067523
0,2,1,64,8,1,4,0,0.068807
0,4,1,2,4,128,1,0,0.1566
0,1,2,2,8,8,16,0,0.243652
0,8,4,4,1,16,2,0,0.073637
0,1,8,4,4,4,8,0,0.099938
0,1,1,4,64,4,4,0,0.193848
0,32,4,1,4,8,1,0,0.06704
0,8,1,2,2,32,4,0,0.139428
0,16,2,2,1,4,16,0,0.083073
0,1,4,32,32,1,1,0,0.059088
0,2,1,32,1,2,32,0,0.078187
0,4,2,2,16,1,16,0,0.127008
0,4,1,1,1,512,2,0,0.168557
0,1,4,4,2,128,1,0,0.111644
0,8,2,2,8,16,1,0,0.089277
0,1,1,16,1,32,8,0,0.097507
0,2,32,2,8,2,2,0,0.080578
0,16,2,1,1,2,64,0,0.105466
0,2,2,4,16,16,1,0,0.126684
0,4,4,8,32,1,1,0,0.068972
0,16,8,1,2,16,1,0,0.066923
0,2,1,16,1,32,4,0,0.077878
0,8,4,4,1,1,32,0,0.067316
0,4,4,4,4,16,1,0,0.088526
0,8,1,2,8,4,8,0,0.139839
0,8,1,4,2,4,16,0,0.099343
0,1,32,1,4,1,32,0,0.070825
0,1,4,16,2,1,32,0,0.078122
0,8,1,16,8,2,2,0,0.084246
0,1,2,2,2,512,1,0,0.192739
0,1,1,4,4,256,1,0,0.168416
0,2,4,2,64,2,2,0,0.133196
0,1,16,2,8,8,2,0,0.096417
0,2,4,1,64,1,8,0,0.15449
0,1,16,2,4,16,2,0,0.099427
0,4,8,1,2,64,1,0,0.078542
0,1,2,4,64,4,2,0,0.193674
0,32,1,1,64,2,1,0,0.068638
0,4,4,2,128,1,1,0,0.081908
0,2,2,8,4,8,4,0,0.093646
0,16,1,1,256,1,1,0,0.084703
0,1,16,1,128,2,1,0,0.096796
0,16,1,1,8,1,32,0,0.096046
0,8,1,1,1,32,16,0,0.138325
0,2,16,1,8,16,1,0,0.078501
0,4,2,8,2,2,16,0,0.091299
0,4,8,1,1,8,16,0,0.105365
0,4,2,1,256,2,1,0,0.153745
0,4,1,2,4,32,4,0,0.193336
0,8,1,2,64,1,4,0,0.114404
0,1,4,16,2,4,8,0,0.095697
0,2,32,1,1,16,4,0,0.086423
0,1,1,16,4,2,32,0,0.115351
0,2,2,2,4,16,8,0,0.187628
0,1,16,4,1,16,4,0,0.079091
0,1,1,8,16,1,32,0,0.136923
0,4,4,2,2,8,8,0,0.093684
0,2,2,1,4,8,32,0,0.242958
0,1,32,4,4,1,8,0,0.066626
0,4,4,2,64,2,1,0,0.087868
0,1,2,2,1,1024,1,0,0.171492
0,4,8,2,2,1,32,0,0.089212
0,2,1,4,2,64,4,0,0.194091
0,1,64,1,16,2,2,0,0.079709
0,2,4,1,4,128,1,0,0.15349
0,1,2,4,2,128,2,0,0.195731
0,64,1,1,8,1,8,0,0.068182
0,2,1,16,2,4,16,0,0.099053
0,16,1,4,2,2,16,0,0.098587
0,1,4,32,8,1,4,0,0.066813
0,1,128,1,2,2,8,0,0.067262
0,4,2,16,16,2,1,0,0.075399
0,1,8,16,2,1,16,0,0.066889
0,1,2,2,64,2,8,0,0.243122
0,2,1,64,1,32,1,0,0.058042
0,1,64,1,1,1,64,0,0.060854
0,2,2,8,4,1,32,0,0.08937
0,2,16,1,4,1,32,0,0.079301
0,2,2,8,8,8,2,0,0.09072
0,32,1,2,8,8,1,0,0.078656
0,128,1,1,1,4,8,0,0.060531
0,4,1,4,2,4,32,0,0.139594
0,16,1,4,32,1,2,0,0.081336
0,2,2,1,1,16,64,0,0.224687
0,8,1,2,16,8,2,0,0.139614
0,2,8,4,1,2,32,0,0.08612
0,8,1,1,32,16,1,0,0.134437
0,8,2,1,1,4,64,0,0.191401
0,1,1,4,1024,1,1,0,0.145083
0,2,2,1,256,2,2,0,0.243159
0,4,16,1,4,2,8,0,0.099418
0,1,128,1,4,8,1,0,0.058703
0,8,2,8,4,8,1,0,0.075578
0,4,2,8,1,32,2,0,0.086178
0,8,1,2,8,1,32,0,0.113878
0,16,8,1,4,2,4,0,0.084282
0,8,4,4,8,2,2,0,0.080842
0,4,1,4,2,16,8,0,0.139388
0,2,8,4,1,4,16,0,0.086205
0,1,32,4,4,8,1,0,0.06787
0,1,16,4,2,8,4,0,0.100127
0,8,4,1,64,1,2,0,0.079093
0,4,1,16,1,8,8,0,0.077931
0,8,1,2,16,1,16,0,0.113307
0,8,1,16,16,1,2,0,0.069001
0,2,4,1,16,16,2,0,0.195037
0,2,16,2,4,2,8,0,0.092916
0,4,2,1,1,64,8,0,0.196111
0,4,4,4,2,2,16,0,0.091223
0,2,4,1,2,32,8,0,0.193805
0,8,2,2,16,2,4,0,0.092786
0,4,1,1,8,32,4,0,0.193921
0,1,8,2,64,2,2,0,0.149935
0,8,2,8,16,1,2,0,0.073112
0,8,1,16,1,1,32,0,0.060094
0,1,16,4,2,1,32,0,0.077807
0,8,4,1,64,2,1,0,0.079298
0,8,2,2,1,64,2,0,0.08618
0,16,2,2,8,4,2,0,0.093619
0,1,8,1,64,1,8,0,0.136985
0,4,16,1,1,64,1,0,0.068712
0,2,1,4,2,16,16,0,0.193328
0,4,1,8,2,32,2,0,0.099415
0,1,1,16,8,8,4,0,0.114617
0,16,1,1,2,32,4,0,0.110582
0,1,64,2,4,1,8,0,0.066869
0,16,4,2,1,1,32,0,0.067312
0,4,1,4,8,16,2,0,0.139751
0,1,64,1,32,2,1,0,0.068901
0,1,8,16,16,2,1,0,0.067592
0,2,4,16,4,2,4,0,0.080602
0,4,2,1,16,32,1,0,0.154424
0,2,64,1,16,1,2,0,0.067395
0,1,1,32,32,4,1,0,0.068397
0,16,2,2,4,8,2,0,0.094103
0,2,1,64,1,8,4,0,0.066842
0,32,2,1,32,2,1,0,0.078331
0,4,32,1,16,2,1,0,0.067229
0,4,8,1,1,2,64,0,0.101267
0,1,8,1,256,1,2,0,0.136841
0,2,2,16,32,2,1,0,0.08871
0,2,8,2,2,4,16,0,0.093468
0,1,4,8,4,8,4,0,0.099633
0,1,32,1,2,2,32,0,0.079612
0,8,8,2,8,2,2,0,0.080472
0,1,128,1,1,16,2,0,0.043359
0,2,8,8,1,32,1,0,0.067338
0,2,8,4,1,32,2,0,0.082107
0,4,1,1,4,64,4,0,0.193956
0,16,1,1,8,32,1,0,0.096921
0,4,8,4,8,4,1,0,0.055973
0,2,1,16,16,4,2,0,0.099599
0,1,4,32,16,1,2,0,0.066789
0,4,16,1,8,8,1,0,0.062383
0,1,2,64,1,32,1,0,0.060663
0,4,4,4,2,32,1,0,0.073824
0,4,2,1,4,32,4,0,0.193991
0,1,4,16,4,4,4,0,0.098864
0,4,2,16,8,2,2,0,0.078241
0,1,4,2,4,16,8,0,0.196055
0,2,4,2,32,2,4,0,0.13339
0,64,1,1,8,4,2,0,0.062464
0,2,4,4,1,64,2,0,0.087059
0,4,8,4,1,16,2,0,0.074217
0,4,8,1,32,4,1,0,0.063605
0,1,1,32,8,8,2,0,0.081805
0,8,2,8,8,4,1,0,0.075574
0,8,2,1,4,32,2,0,0.114761
0,2,4,16,8,2,2,0,0.062431
0,2,4,2,32,1,8,0,0.127542
0,64,1,2,1,16,2,0,0.057458
0,2,2,4,16,8,2,0,0.130963
0,1,4,1,64,16,1,0,0.141783
0,16,1,1,8,2,16,0,0.110359
0,1,64,2,2,1,16,0,0.066457
0,2,1,64,8,2,2,0,0.084356
0,32,1,1,4,4,8,0,0.078195
0,2,64,1,2,16,1,0,0.067156
0,4,4,8,4,4,2,0,0.07981
0,1,32,2,2,8,4,0,0.099834
0,8,1,2,4,1,64,0,0.11377
0,4,1,4,1,128,2,0,0.090201
0,4,2,1,64,4,2,0,0.194095
0,1,8,8,2,1,32,0,0.078753
0,1,2,16,64,2,1,0,0.079701
0,4,2,8,32,1,2,0,0.089226
0,8,2,1,8,4,8,0,0.139352
0,1,8,2,1,32,8,0,0.111492
0,4,1,2,16,4,8,0,0.193898
0,16,4,2,4,4,2,0,0.062538
0,4,8,2,8,1,8,0,0.089917
0,32,1,4,16,1,2,0,0.06881
0,32,4,1,2,8,2,0,0.084787
0,1,8,2,1,4,64,0,0.092177
0,1,2,32,2,1,32,0,0.078395
0,4,1,2,64,4,2,0,0.19559
0,2,2,4,1,4,64,0,0.111756
0,16,1,1,16,1,16,0,0.07696
0,16,1,1,16,16,1,0,0.097338
0,2,4,8,8,2,4,0,0.092696
0,1,4,2,256,1,2,0,0.128839
0,32,1,2,16,2,2,0,0.078508
0,2,8,2,1,64,2,0,0.072465
0,1,2,2,16,8,8,0,0.243274
0,2,8,1,2,64,2,0,0.114277
0,16,1,4,8,1,8,0,0.080996
0,1,2,32,32,1,2,0,0.063462
0,1,16,4,4,8,2,0,0.099302
0,4,4,8,4,2,4,0,0.079821
0,1,1,8,128,2,2,0,0.159404
0,2,2,2,32,8,2,0,0.188635
0,2,1,8,128,1,2,0,0.118612
0,4,2,2,2,16,8,0,0.134647
0,64,1,1,16,1,4,0,0.068419
0,1,2,16,2,16,4,0,0.097445
0,8,2,2,8,4,4,0,0.093489
0,4,1,4,8,8,4,0,0.13996
0,2,2,16,1,32,2,0,0.085845
0,1,2,64,4,8,1,0,0.067591
0,64,1,1,8,8,1,0,0.068719
0,2,2,4,2,8,16,0,0.133456
0,2,4,16,2,8,2,0,0.061945
0,2,1,4,4,8,16,0,0.193624
0,2,4,2,4,32,2,0,0.132569
0,4,2,4,1,128,1,0,0.079048
0,1,4,2,32,2,8,0,0.194285
0,4,4,1,128,1,2,0,0.111463
0,2,8,1,8,8,4,0,0.110821
0,8,2,4,2,8,4,0,0.093737
0,8,4,4,16,1,2,0,0.076447
0,1,2,8,128,2,1,0,0.112919
0,32,2,1,2,1,32,0,0.078693
0,4,4,4,2,16,2,0,0.093589
0,2,1,4,32,1,16,0,0.158072
0,1,2,64,1,1,32,0,0.059003
0,1,8,8,1,16,4,0,0.064352
0,8,4,1,8,16,1,0,0.062355
0,1,1,4,1,32,32,0,0.167505
0,4,16,2,4,4,2,0,0.080096
0,2,8,4,16,1,4,0,0.089468
0,2,2,1,4,256,1,0,0.193887
0,8,2,1,32,8,1,0,0.110575
0,1,8,8,1,32,2,0,0.08007
0,2,4,1,32,8,2,0,0.193956
0,2,8,4,2,16,2,0,0.093256
0,1,4,4,128,1,2,0,0.111249
0,1,1,32,1,64,2,0,0.069001
0,4,1,4,128,2,1,0,0.112659
0,1,8,16,2,2,8,0,0.084769
0,2,2,2,8,2,32,0,0.190957
0,8,1,4,32,1,4,0,0.081184
0,4,32,1,16,1,2,0,0.067401
0,1,32,4,4,4,2,0,0.084951
0,2,1,8,128,2,1,0,0.112544
0,8,2,2,2,64,1,0,0.087931
0,4,32,1,1,16,2,0,0.073782
0,2,1,4,128,1,4,0,0.156472
0,1,128,1,16,1,2,0,0.060115
0,4,1,8,4,8,4,0,0.093951
0,1,1,4,2,8,64,0,0.193975
0,1,1,64,1,16,4,0,0.068715
0,2,1,4,4,16,8,0,0.195131
0,1,8,16,2,8,2,0,0.08486
0,1,1,4,16,4,16,0,0.19645
0,4,4,4,4,2,8,0,0.094091
0,2,1,64,2,8,2,0,0.084105
0,2,32,1,1,32,2,0,0.086079
0,2,4,8,2,1,32,0,0.089558
0,32,1,1,1,2,64,0,0.071267
0,2,2,4,128,2,1,0,0.126403
0,16,4,1,16,4,1,0,0.063229
0,2,1,2,8,8,16,0,0.243725
0,2,4,4,8,16,1,0,0.088488
0,4,2,2,32,2,4,0,0.133458
0,4,4,2,16,2,4,0,0.092997
0,2,1,8,16,8,2,0,0.140994
0,1,8,8,4,2,8,0,0.099225
0,2,1,16,1,16,8,0,0.078324
0,1,16,8,4,1,8,0,0.066784
0,1,1,16,2,64,2,0,0.114491
0,8,8,2,16,1,2,0,0.076413
0,1,8,4,4,1,32,0,0.077704
0,4,2,1,16,8,4,0,0.19364
0,1,16,8,1,32,1,0,0.060529
0,4,2,2,8,1,32,0,0.127169
0,2,1,8,64,1,4,0,0.113438
0,2,16,1,32,1,4,0,0.079231
0,8,1,2,2,4,32,0,0.139484
0,4,1,2,1,128,4,0,0.153969
0,4,2,4,4,2,16,0,0.092917
0,1,4,4,128,2,1,0,0.111921
0,8,1,2,256,1,1,0,0.097321
0,1,2,16,4,4,8,0,0.099615
0,1,1,8,16,16,2,0,0.157299
0,8,1,8,32,1,2,0,0.080664
0,16,1,2,16,8,1,0,0.078905
0,1,32,2,2,1,32,0,0.078043
0,1,4,2,32,4,4,0,0.193563
0,4,4,8,2,1,16,0,0.076107
0,4,8,1,1,64,2,0,0.104571
0,2,1,4,8,2,32,0,0.19314
0,2,8,1,4,1,64,0,0.110719
0,2,1,32,2,4,8,0,0.099522
0,4,1,2,2,256,1,0,0.154732
0,4,4,2,1,2,64,0,0.072332
0,2,1,64,2,16,1,0,0.067799
0,2,2,2,2,16,16,0,0.187914
0,1,4,4,8,32,1,0,0.111613
0,4,2,4,1,16,8,0,0.086995
0,2,32,1,4,4,4,0,0.099652
0,16,1,4,1,64,1,0,0.068343
0,1,1,8,8,1,64,0,0.138653
0,8,1,16,1,16,2,0,0.049794
0,2,1,2,128,2,4,0,0.243299
0,2,2,2,16,8,4,0,0.188668
0,1,2,2,128,4,2,0,0.243609
0,16,1,8,4,2,4,0,0.084678
0,16,1,1,2,128,1,0,0.096876
0,2,8,8,16,2,1,0,0.075449
0,2,8,8,1,1,32,0,0.058857
0,2,4,2,2,32,4,0,0.133711
0,8,8,1,8,4,2,0,0.09873
0,1,4,1,64,1,16,0,0.168732
0,8,1,1,4,32,4,0,0.153514
0,4,1,8,2,8,8,0,0.099589
0,1,8,1,64,4,2,0,0.151845
0,4,1,1,1,1024,1,0,0.14563
0,32,1,1,4,16,2,0,0.061789
0,4,4,4,32,2,1,0,0.071223
0,4,8,1,2,2,32,0,0.099118
0,1,4,16,4,16,1,0,0.080028
0,2,1,16,2,8,8,0,0.099521
0,1,16,8,4,4,2,0,0.084332
0,8,16,1,4,2,4,0,0.084449
0,1,1,32,2,64,1,0,0.068912
0,1,128,1,16,2,1,0,0.042193
0,2,32,1,2,32,1,0,0.079074
0,4,2,8,8,2,4,0,0.093452
0,2,8,4,32,2,1,0,0.088486
0,2,8,2,2,16,4,0,0.092708
0,2,1,8,1,128,2,0,0.110258
0,2,16,1,1,128,1,0,0.053105
0,8,1,2,1,256,1,0,0.093157
0,32,1,2,4,4,4,0,0.080108
0,2,2,4,4,8,8,0,0.113237
0,1,1,16,8,32,1,0,0.09636
0,2,8,2,16,8,1,0,0.088084
0,4,4,1,4,2,32,0,0.136036
0,4,4,1,16,4,4,0,0.139273
0,8,2,2,8,2,8,0,0.079001
0,1,16,4,1,64,1,0,0.071147
0,1,2,64,1,16,2,0,0.067732
0,32,1,1,2,64,1,0,0.068921
0,128,1,1,4,8,1,0,0.05839
0,1,128,1,8,1,4,0,0.060014
0,1,16,8,16,1,2,0,0.066895
0,8,8,1,32,2,1,0,0.078522
0,1,1,8,4,128,1,0,0.135317
0,1,64,2,2,8,2,0,0.084865
0,8,1,8,32,2,1,0,0.079283
0,1,64,2,32,1,1,0,0.058821
0,64,1,1,4,2,8,0,0.078039
0,1,4,1,2,8,64,0,0.166457
0,1,8,1,2,16,16,0,0.15623
0,8,4,2,8,2,4,0,0.093564
0,1,32,1,1,32,4,0,0.069134
0,2,2,2,8,1,64,0,0.176736
0,1,8,8,2,2,16,0,0.099784
0,2,1,2,1,128,8,0,0.191638
0,1,16,4,1,1,64,0,0.069433
0,16,2,1,2,32,2,0,0.099714
0,1,2,2,1,128,8,0,0.194456
0,2,2,1,8,128,1,0,0.193882
0,4,1,2,8,2,32,0,0.194822
0,16,8,1,8,2,2,0,0.084592
0,2,2,1,32,16,2,0,0.239125
0,8,1,2,8,16,2,0,0.112885
0,16,8,1,1,1,32,0,0.06037
0,8,2,4,1,8,8,0,0.072556
0,16,4,1,1,1,64,0,0.059654
0,16,1,8,2,2,8,0,0.063079
0,4,1,8,1,64,2,0,0.078157
0,16,1,8,16,1,2,0,0.068812
0,16,2,1,16,1,8,0,0.079045
0,4,8,2,16,2,2,0,0.093348
0,2,1,2,512,1,2,0,0.194005
0,4,2,4,8,2,8,0,0.09347
0,8,2,2,1,2,64,0,0.082377
0,64,1,2,1,32,1,0,0.058309
0,32,1,1,8,2,8,0,0.078516
0,2,2,8,2,4,16,0,0.092784
0,4,2,1,8,64,1,0,0.155869
0,1,8,2,32,8,1,0,0.111906
0,4,1,4,4,8,8,0,0.14088
0,1,2,4,32,8,2,0,0.194382
0,2,8,2,32,1,4,0,0.08964
0,2,8,2,32,2,2,0,0.093265
0,4,8,2,2,4,8,0,0.078886
0,16,2,4,2,1,16,0,0.05546
0,4,4,2,32,4,1,0,0.088735
0,2,1,16,1,128,1,0,0.068486
0,8,2,1,128,1,2,0,0.110859
0,2,16,4,4,4,2,0,0.08078
0,4,1,1,1,256,4,0,0.171078
0,16,2,2,16,4,1,0,0.071612
0,4,1,1,1,16,64,0,0.171223
0,2,1,2,1,256,4,0,0.190895
0,2,8,8,1,8,4,0,0.07371
0,4,1,16,8,4,2,0,0.099641
0,4,4,1,32,4,2,0,0.139157
0,1,8,1,1,512,1,0,0.116328
0,4,2,1,16,1,32,0,0.155045
0,2,8,1,1,16,16,0,0.16318
0,2,2,1,1,256,4,0,0.206819
0,2,8,2,4,32,1,0,0.072901
0,4,1,1,8,128,1,0,0.170635
0,4,4,1,8,8,4,0,0.114421
0,2,1,4,1,64,8,0,0.155733
0,1,16,8,1,2,16,0,0.050158
0,8,4,2,1,4,16,0,0.086109
0,2,4,4,64,1,2,0,0.089683
0,1,8,1,128,2,2,0,0.178018
0,1,2,8,4,1,64,0,0.109952
0,2,32,2,8,4,1,0,0.075858
0,32,4,1,32,1,1,0,0.060136
0,2,4,4,2,32,2,0,0.093654
0,1,2,8,1,32,8,0,0.111227
0,8,1,1,16,2,16,0,0.153235
0,4,4,8,2,4,4,0,0.0805
0,1,64,2,4,2,4,0,0.079832
0,16,1,1,2,64,2,0,0.110278
0,1,4,4,32,1,8,0,0.113779
0,16,2,4,16,2,1,0,0.07545
0,4,1,1,128,4,2,0,0.19149
0,32,1,2,1,4,16,0,0.077799
0,1,32,2,8,1,8,0,0.077819
0,1,16,1,64,2,2,0,0.112066
0,4,2,1,1,128,4,0,0.172463
0,32,1,2,4,8,2,0,0.099195
0,2,1,16,4,4,8,0,0.099459
0,8,16,1,32,1,1,0,0.060003
0,4,2,2,8,2,16,0,0.116321
0,16,2,4,4,8,1,0,0.055737
0,4,8,4,2,8,2,0,0.07291
0,4,4,2,16,8,1,0,0.088589
0,1,8,4,32,4,1,0,0.064609
0,16,1,2,8,4,4,0,0.099908
0,4,1,8,1,4,32,0,0.078481
0,2,2,2,128,4,1,0,0.142752
0,2,4,4,2,64,1,0,0.088826
0,1,4,16,1,1,64,0,0.06956
0,1,16,4,1,2,32,0,0.064337
0,2,2,1,32,2,16,0,0.242946
0,1,8,4,2,8,8,0,0.099723
0,1,16,4,1,4,16,0,0.079559
0,2,4,16,1,8,4,0,0.074202
0,1,8,4,2,1,64,0,0.078339
0,4,1,2,32,4,4,0,0.192987
0,8,8,2,32,1,1,0,0.053161
0,2,4,1,32,16,1,0,0.15392
0,16,1,4,8,4,2,0,0.098917
0,4,1,1,16,32,2,0,0.194802
0,16,1,8,2,16,1,0,0.066955
0,1,8,2,2,2,64,0,0.139342
0,2,1,2,32,2,16,0,0.240746
0,1,16,8,1,16,2,0,0.067652
0,1,2,8,2,4,32,0,0.140353
0,2,2,2,4,8,16,0,0.161821
0,32,2,1,1,16,4,0,0.085657
0,4,2,1,32,4,4,0,0.161138
0,128,1,1,16,2,1,0,0.05828
0,1,16,1,16,2,8,0,0.111925
0,1,4,2,8,1,64,0,0.15497
0,2,2,32,16,2,1,0,0.075696
0,1,16,2,1,8,16,0,0.077054
0,1,16,2,4,8,4,0,0.099088
0,1,16,2,2,16,4,0,0.100103
0,1,16,4,4,1,16,0,0.078389
0,2,16,2,8,8,1,0,0.071094
0,1,2,2,512,1,2,0,0.191261
0,4,1,2,32,16,1,0,0.154409
0,8,4,4,2,4,4,0,0.075996
0,2,2,16,4,2,8,0,0.078637
0,4,4,8,2,16,1,0,0.054796
0,4,1,1,128,8,1,0,0.171236
0,1,1,16,64,4,1,0,0.096448
0,2,1,4,1,16,32,0,0.154288
0,4,16,2,4,1,8,0,0.055252
0,16,2,2,8,2,4,0,0.093666
0,8,2,2,64,1,2,0,0.090411
0,8,1,1,8,2,32,0,0.153548
0,2,2,1,16,64,1,0,0.191294
0,8,1,1,2,64,4,0,0.154431
0,4,4,1,4,8,8,0,0.112129
0,2,8,1,4,2,32,0,0.139502
0,4,1,32,2,4,4,0,0.084574
0,2,1,8,1,64,4,0,0.111245
0,8,1,8,8,8,1,0,0.079052
0,16,2,1,2,2,32,0,0.099267
0,16,1,1,1,128,2,0,0.098995
0,4,4,1,32,1,8,0,0.111607
0,1,1,64,4,16,1,0,0.068048
0,1,2,2,2,16,32,0,0.224473
0,16,2,2,2,4,8,0,0.093286
0,2,2,1,4,4,64,0,0.243074
0,8,4,4,2,16,1,0,0.075352
0,2,1,64,2,2,8,0,0.083963
0,2,4,1,1,64,8,0,0.195712
0,2,16,2,4,1,16,0,0.090037
0,16,1,1,1,8,32,0,0.10942
0,2,2,2,1,32,16,0,0.169943
0,64,1,1,4,16,1,0,0.068817
0,1,2,64,2,2,8,0,0.084579
0,1,2,16,32,2,2,0,0.099653
0,16,2,2,8,1,8,0,0.089165
0,1,1,8,16,32,1,0,0.133848
0,2,8,1,1,256,1,0,0.09721
0,4,1,4,1,64,4,0,0.110332
0,4,1,1,4,4,64,0,0.19374
0,2,2,4,1,128,2,0,0.122639
0,1,2,16,4,8,4,0,0.099927
0,8,2,4,2,1,32,0,0.089661
0,4,2,4,2,32,2,0,0.093356
0,4,4,2,8,16,1,0,0.089082
0,2,4,2,8,1,32,0,0.126764
0,32,2,1,1,32,2,0,0.085474
0,2,64,1,1,16,2,0,0.073961
0,2,4,1,32,4,4,0,0.193059
0,8,1,8,8,2,4,0,0.099723
0,8,8,2,1,1,32,0,0.06762
0,8,1,8,1,2,32,0,0.078067
0,2,4,4,128,1,1,0,0.081793
0,4,4,2,8,1,16,0,0.090101
0,4,1,2,512,1,1,0,0.136656
0,1,1,4,2,16,32,0,0.19424
0,64,2,1,1,1,32,0,0.060245
0,64,2,1,1,16,2,0,0.073601
0,1,16,1,32,4,2,0,0.111935
0,16,8,1,4,4,2,0,0.063607
0,2,4,8,8,1,8,0,0.08958
0,4,2,1,256,1,2,0,0.129185
0,1,2,4,8,2,32,0,0.192004
0,2,16,2,2,32,1,0,0.08789
0,8,1,4,128,1,1,0,0.054636
0,4,2,8,2,16,2,0,0.093445
0,1,4,1,8,16,8,0,0.191925
0,1,32,1,1,4,32,0,0.069639
0,2,8,1,2,4,32,0,0.139265
0,2,16,2,2,1,32,0,0.070962
0,1,2,16,2,64,1,0,0.080043
0,4,4,8,2,2,8,0,0.062069
0,2,4,2,4,1,64,0,0.127503
0,2,4,2,1,64,4,0,0.100499
0,2,1,16,2,1,64,0,0.080985
0,32,1,1,2,32,2,0,0.077869
0,1,2,16,4,2,16,0,0.099354
0,8,1,8,2,16,2,0,0.099071
0,1,2,4,128,1,4,0,0.153735
0,1,2,8,1,128,2,0,0.111811
0,2,32,1,2,16,2,0,0.09924
0,1,16,1,4,32,2,0,0.111841
0,8,1,2,8,8,4,0,0.11548
0,8,1,2,128,1,2,0,0.114034
0,1,4,8,64,1,2,0,0.077977
0,1,4,2,32,8,2,0,0.199332
0,8,2,1,2,32,4,0,0.114507
0,16,4,2,2,4,4,0,0.080411
0,16,2,4,32,1,1,0,0.069476
0,8,4,1,2,16,4,0,0.098743
0,1,2,16,2,2,32,0,0.09492
0,1,4,1,2,32,16,0,0.19181
0,1,4,16,2,8,4,0,0.099027
0,1,32,2,16,2,2,0,0.099194
0,4,4,1,16,1,16,0,0.111298
0,1,64,1,8,8,1,0,0.068567
0,2,2,4,8,2,16,0,0.130544
0,2,1,4,64,1,8,0,0.141489
0,64,2,1,1,4,8,0,0.07538
0,2,4,16,4,1,8,0,0.076564
0,1,32,1,1,64,2,0,0.06917
0,2,1,4,4,128,1,0,0.156122
0,4,2,2,2,2,64,0,0.13244
0,2,1,2,64,2,8,0,0.243603
0,1,2,4,16,4,8,0,0.174045
0,2,1,8,32,1,8,0,0.114163
0,1,128,1,2,1,16,0,0.060266
0,8,2,4,1,4,16,0,0.086515
0,2,2,4,64,2,2,0,0.133125
0,4,2,1,4,16,8,0,0.193509
0,2,1,16,8,16,1,0,0.0793
0,4,1,32,1,4,8,0,0.066475
0,2,1,2,4,64,4,0,0.244313
0,2,4,2,2,128,1,0,0.125309
0,8,8,1,2,16,2,0,0.08025
0,8,2,1,1,8,32,0,0.20042
0,1,128,1,32,1,1,0,0.049745
0,2,1,4,64,8,1,0,0.154124
0,2,2,2,2,256,1,0,0.173613
0,8,2,2,2,8,8,0,0.093505
0,16,2,4,1,8,4,0,0.07417
0,2,2,2,2,64,4,0,0.183915
0,2,4,1,128,4,1,0,0.154028
0,1,16,1,8,4,8,0,0.111552
0,2,16,2,16,1,4,0,0.090343
0,64,2,1,1,2,16,0,0.074941
0,1,4,8,1,64,2,0,0.079579
0,1,8,1,16,8,4,0,0.155048
0,4,1,4,128,1,2,0,0.094218
0,4,16,1,1,1,64,0,0.057401
0,64,1,1,1,32,2,0,0.069747
0,1,16,2,16,8,1,0,0.079884
0,1,64,1,32,1,2,0,0.071332
0,2,1,32,4,8,2,0,0.098442
0,1,128,1,8,2,2,0,0.067181
0,1,32,1,4,8,4,0,0.079728
0,1,4,1,32,32,1,0,0.166917
0,2,2,2,16,4,8,0,0.189536
0,2,32,2,32,1,1,0,0.069541
0,2,2,2,16,16,2,0,0.187382
0,1,1,16,256,1,1,0,0.082589
0,4,8,1,4,16,2,0,0.09868
0,1,128,1,2,4,4,0,0.06762
0,4,4,1,2,128,1,0,0.110437
0,1,8,8,4,1,16,0,0.078517
0,4,1,4,16,16,1,0,0.111599
0,2,2,8,8,4,4,0,0.091134
0,1,8,2,1,256,1,0,0.083909
0,8,1,1,128,2,2,0,0.153046
0,1,1,16,128,1,2,0,0.082901
0,2,1,16,32,2,2,0,0.099003
0,1,1,16,32,4,2,0,0.114395
0,2,8,8,2,1,16,0,0.070143
0,4,2,8,2,32,1,0,0.088242
0,8,2,2,4,2,16,0,0.092762
0,4,4,1,2,16,8,0,0.115247
0,1,2,32,1,16,4,0,0.079307
0,2,2,4,8,4,8,0,0.113387
0,2,4,2,16,8,2,0,0.133478
0,32,2,1,32,1,2,0,0.079292
0,4,2,1,16,4,8,0,0.161037
0,2,1,16,4,8,4,0,0.098835
0,1,32,4,2,4,4,0,0.084348
0,4,1,1,1,32,32,0,0.170687
0,1,64,1,64,1,1,0,0.057721
0,1,4,32,2,1,16,0,0.06692
0,1,4,8,1,2,64,0,0.079773
0,4,1,8,128,1,1,0,0.06576
0,8,16,1,16,2,1,0,0.066923
0,1,4,2,64,1,8,0,0.153908
0,2,1,2,1,64,16,0,0.194639
0,4,1,8,8,8,2,0,0.099466
0,1,16,8,2,4,4,0,0.079128
0,16,1,2,8,8,2,0,0.098792
0,4,1,8,64,1,2,0,0.077565
0,1,8,8,16,2,2,0,0.080721
0,1,2,32,1,2,32,0,0.079617
0,2,1,2,2,64,8,0,0.244159
0,2,8,2,2,64,1,0,0.088962
0,1,16,1,16,8,2,0,0.111891
0,2,1,2,1,32,32,0,0.193916
0,128,1,1,1,1,32,0,0.049818
0,2,1,2,8,64,2,0,0.240937
0,1,2,4,4,4,32,0,0.194433
0,1,4,2,2,128,2,0,0.163285
0,4,32,1,4,2,4,0,0.084686
0,2,1,4,8,4,16,0,0.19288
0,8,8,1,2,4,8,0,0.099313
0,1,16,1,4,8,8,0,0.111906
0,1,32,2,1,8,8,0,0.079509
0,16,4,1,4,4,4,0,0.098792
0,8,2,4,1,1,64,0,0.079815
0,2,2,8,2,16,4,0,0.092827
0,4,16,2,4,2,4,0,0.080566
0,4,16,2,32,1,1,0,0.069425
0,8,4,1,1,16,8,0,0.102211
0,2,4,1,16,4,8,0,0.193972
0,1,32,2,32,1,2,0,0.078321
0,4,1,16,16,1,4,0,0.081383
0,2,1,8,16,16,1,0,0.089713
0,32,1,4,1,16,2,0,0.057201
0,2,2,2,8,16,4,0,0.18865
0,4,8,2,2,2,16,0,0.093454
0,4,2,1,1,16,32,0,0.20309
0,8,1,8,4,1,16,0,0.081328
0,4,2,2,128,1,2,0,0.126566
0,32,1,1,1,16,8,0,0.071191
0,2,8,2,8,16,1,0,0.070686
0,1,8,1,1,8,64,0,0.135789
0,8,1,4,1,2,64,0,0.078286
0,8,4,1,4,4,8,0,0.099132
0,2,1,4,4,2,64,0,0.163266
0,8,1,4,16,4,2,0,0.079141
0,16,1,2,2,32,2,0,0.099842
0,2,2,2,32,4,4,0,0.188939
0,64,1,2,32,1,1,0,0.058775
0,32,1,4,8,1,4,0,0.069142
0,1,16,2,8,16,1,0,0.066292
0,2,2,8,2,8,8,0,0.093501
0,2,2,16,8,1,8,0,0.089313
0,4,1,4,4,2,32,0,0.114789
0,2,2,4,4,16,4,0,0.132831
0,2,1,8,4,32,2,0,0.139271
0,1,1,4,8,8,16,0,0.196788
0,1,2,32,2,8,4,0,0.099351
0,4,1,4,8,32,1,0,0.111477
0,8,1,1,4,64,2,0,0.153772
0,1,8,1,256,2,1,0,0.134388
0,2,8,8,2,2,8,0,0.080123
0,1,16,2,1,4,32,0,0.07953
0,8,2,4,2,2,16,0,0.093623
0,2,32,2,16,1,2,0,0.071345
0,1,8,4,8,1,16,0,0.077862
0,1,2,8,1,16,16,0,0.108365
0,1,2,32,1,4,16,0,0.079756
0,4,8,1,32,1,4,0,0.080048
0,1,64,2,2,2,8,0,0.084843
0,8,2,2,4,16,2,0,0.093408
0,1,2,2,4,16,16,0,0.240437
0,4,32,1,4,8,1,0,0.066838
0,2,2,16,2,32,1,0,0.08827
0,32,1,2,64,1,1,0,0.06894
0,1,16,2,1,2,64,0,0.07925
0,1,64,1,1,8,8,0,0.055073
0,8,8,2,4,8,1,0,0.067921
0,16,8,1,4,8,1,0,0.067073
0,8,8,1,1,16,4,0,0.086493
0,1,8,4,2,32,2,0,0.099794
0,2,16,2,64,1,1,0,0.075494
0,2,1,8,2,4,32,0,0.139954
0,8,4,1,1,2,64,0,0.082688
0,4,4,1,32,2,4,0,0.139628
0,2,16,1,16,1,8,0,0.079374
0,1,4,1,64,4,4,0,0.191452
0,4,1,32,2,16,1,0,0.067503
0,1,32,4,2,16,1,0,0.068076
0,2,4,1,8,32,2,0,0.162851
0,8,1,1,16,16,2,0,0.154863
0,4,2,4,128,1,1,0,0.068276
0,2,2,4,4,2,32,0,0.135432
0,1,16,1,8,2,16,0,0.108949
0,2,8,1,2,8,16,0,0.138859
0,2,2,1,128,1,8,0,0.193628
0,1,2,2,16,1,64,0,0.194088
0,2,1,8,1,32,8,0,0.110874
0,2,4,16,8,1,4,0,0.076516
0,8,4,2,4,16,1,0,0.070431
0,4,2,1,32,1,16,0,0.126355
0,2,2,4,1,64,4,0,0.122661
0,1,4,1,512,2,1,0,0.169002
0,2,2,16,2,4,8,0,0.093619
0,16,1,8,2,8,2,0,0.084806
0,2,1,4,2,128,2,0,0.193362
0,1,2,32,1,32,2,0,0.079978
0,1,1,64,1,4,16,0,0.068992
0,8,2,4,2,16,2,0,0.095089
0,2,1,32,64,1,1,0,0.057352
0,2,16,4,4,8,1,0,0.056659
0,1,2,4,1,256,2,0,0.154707
0,2,1,64,1,16,2,0,0.049442
0,16,1,1,8,4,8,0,0.10977
0,2,8,1,256,1,1,0,0.095234
0,8,8,2,8,1,4,0,0.056383
0,4,1,16,1,64,1,0,0.068409
0,1,1,8,128,4,1,0,0.133494
0,8,2,1,32,1,8,0,0.111521
0,4,4,1,2,64,2,0,0.13949
0,2,16,2,32,1,2,0,0.072973
0,2,1,32,4,16,1,0,0.079211
0,64,1,1,16,2,2,0,0.078241
0,16,1,1,2,8,16,0,0.109817
0,4,4,1,64,2,2,0,0.139368
0,1,32,4,8,4,1,0,0.067912
0,1,8,1,2,8,32,0,0.154291
0,1,4,4,16,16,1,0,0.092781
0,4,1,2,128,1,4,0,0.157741
0,1,1,16,32,8,1,0,0.097072
0,16,2,1,4,16,2,0,0.096345
0,2,4,1,8,1,64,0,0.155208
0,1,4,8,8,4,4,0,0.099357
0,1,2,4,16,8,4,0,0.193755
0,2,1,64,2,1,16,0,0.068238
0,2,16,1,8,8,2,0,0.098762
0,2,2,16,2,1,32,0,0.089013
0,1,32,2,2,32,1,0,0.079579
0,8,2,4,1,64,1,0,0.078795
0,16,2,1,1,16,8,0,0.10217
0,2,2,8,8,16,1,0,0.088902
0,64,2,1,4,1,8,0,0.053407
0,4,1,4,32,4,2,0,0.144753
0,2,2,1,1,32,32,0,0.172646
0,1,1,16,8,2,16,0,0.114737
0,1,4,1,16,16,4,0,0.193956
0,1,16,8,1,8,4,0,0.067729
0,2,16,2,1,8,8,0,0.083079
0,32,2,1,4,2,8,0,0.099342
0,4,2,16,2,4,4,0,0.080214
0,1,8,8,2,4,8,0,0.098904
0,4,2,4,32,2,2,0,0.089396
0,2,8,2,8,2,8,0,0.093212
0,2,1,64,1,1,32,0,0.060221
0,1,1,4,8,128,1,0,0.167455
0,2,2,4,4,32,2,0,0.132318
0,2,4,8,2,8,4,0,0.09302
0,1,64,2,8,2,2,0,0.084584
0,2,1,2,64,16,1,0,0.192821
0,2,1,2,2,8,64,0,0.235936
0,1,2,8,1,8,32,0,0.111256
0,1,1,16,128,2,1,0,0.095912
0,4,2,2,4,64,1,0,0.124821
0,1,2,8,16,8,2,0,0.139823
0,1,32,1,32,2,2,0,0.079199
0,32,2,1,4,1,16,0,0.079052
0,128,1,1,8,2,2,0,0.066463
0,32,1,2,4,1,16,0,0.07903
0,2,2,2,2,32,8,0,0.189713
0,2,2,32,8,1,4,0,0.076101
0,8,1,2,2,2,64,0,0.135882
0,4,1,1,64,16,1,0,0.168403
0,8,1,4,4,1,32,0,0.080702
0,4,4,1,8,16,2,0,0.139522
0,1,4,1,512,1,2,0,0.171095
0,32,2,1,8,2,4,0,0.098631
0,1,1,128,2,4,4,0,0.053056
0,1,4,1,128,1,8,0,0.146507
0,8,8,2,2,2,8,0,0.080639
0,8,1,1,1,256,2,0,0.134467
0,4,1,16,1,16,4,0,0.063555
0,1,8,16,32,1,1,0,0.058662
0,4,8,2,64,1,1,0,0.077789
0,2,8,8,8,2,2,0,0.080149
0,4,2,2,8,16,2,0,0.133202
0,16,4,1,32,1,2,0,0.078978
0,1,2,32,4,1,16,0,0.078392
0,4,32,1,1,2,16,0,0.074895
0,1,32,2,16,1,4,0,0.078673
0,4,2,16,4,4,2,0,0.080569
0,2,8,1,32,4,2,0,0.139193
0,2,4,2,8,16,2,0,0.132581
0,8,2,2,1,32,4,0,0.086526
0,8,4,2,16,1,4,0,0.089633
0,2,32,2,1,2,16,0,0.074278
0,8,4,1,1,4,32,0,0.106908
0,2,2,8,1,4,32,0,0.086813
0,2,32,1,32,1,2,0,0.06397
0,1,4,4,32,4,2,0,0.139466
0,1,4,8,16,8,1,0,0.07949
0,1,1,4,16,16,4,0,0.195839
0,2,4,16,1,4,8,0,0.074005
0,1,128,1,1,2,16,0,0.043252
0,1,1,4,512,2,1,0,0.168779
0,2,1,8,2,128,1,0,0.089507
0,1,4,8,32,4,1,0,0.080344
0,8,1,4,8,1,16,0,0.081163
0,8,16,1,2,1,16,0,0.067845
0,1,8,1,8,8,8,0,0.155768
0,1,1,32,2,16,4,0,0.082251
0,8,8,1,4,1,16,0,0.079415
0,1,32,4,2,2,8,0,0.062046
0,2,1,32,2,16,2,0,0.099618
0,1,1,64,16,4,1,0,0.068549
0,2,2,4,32,1,8,0,0.127219
0,1,8,1,16,16,2,0,0.156485
0,2,8,8,2,4,4,0,0.080829
0,1,4,1,256,1,4,0,0.171873
0,8,8,1,4,8,2,0,0.099557
0,8,1,4,64,1,2,0,0.068137
0,4,4,4,16,4,1,0,0.088767
0,2,1,32,16,2,2,0,0.09957
0,1,8,1,8,1,64,0,0.139126
0,4,2,1,8,32,2,0,0.196078
0,2,1,32,32,2,1,0,0.079897
0,4,1,2,8,4,16,0,0.194791
0,1,4,4,8,2,16,0,0.141307
0,1,4,8,1,8,16,0,0.079982
0,16,2,4,1,4,8,0,0.074595
0,8,2,1,4,64,1,0,0.089294
0,64,2,1,4,8,1,0,0.067379
0,16,1,1,1,256,1,0,0.084779
0,2,1,16,8,2,8,0,0.099926
0,1,32,2,1,4,16,0,0.079949
0,4,4,1,32,8,1,0,0.111563
0,1,2,2,8,32,4,0,0.244743
0,2,8,1,1,8,32,0,0.201928
0,1,16,2,32,1,4,0,0.083617
0,16,1,4,16,2,2,0,0.099817
0,2,2,1,2,8,64,0,0.243811
0,16,1,1,128,1,2,0,0.096609
0,8,2,8,4,1,8,0,0.076579
0,1,2,4,16,2,16,0,0.196705
0,4,1,1,128,1,8,0,0.168489
0,1,1,8,2,16,16,0,0.15952
0,4,8,2,1,32,2,0,0.086545
0,1,2,2,8,64,2,0,0.242837
0,8,4,1,8,8,2,0,0.095554
0,4,4,2,1,32,4,0,0.07277
0,16,4,1,64,1,1,0,0.070821
0,1,4,16,4,8,2,0,0.099133
0,1,2,4,2,32,8,0,0.194456
0,2,2,2,32,2,8,0,0.188296
0,4,16,1,32,1,2,0,0.062398
0,1,8,8,64,1,1,0,0.069453
0,1,1,64,1,1,64,0,0.057885
0,2,32,1,2,8,4,0,0.098793
0,8,2,1,2,64,2,0,0.11152
0,2,2,1,2,256,2,0,0.242341
0,4,1,1,4,8,32,0,0.163183
0,2,2,32,1,2,16,0,0.073576
0,8,1,1,1,64,8,0,0.117082
0,1,2,2,8,4,32,0,0.207742
0,1,64,1,4,4,4,0,0.079309
0,8,4,4,1,32,1,0,0.067089
0,2,32,1,4,16,1,0,0.078876
0,4,2,8,4,8,2,0,0.093218
0,2,64,1,1,4,8,0,0.075684
0,2,2,2,16,2,16,0,0.190121
0,4,16,1,16,4,1,0,0.078778
0,4,1,8,4,16,2,0,0.099281
0,4,1,16,1,32,2,0,0.078533
0,8,1,1,64,1,8,0,0.134818
0,2,4,2,4,2,32,0,0.133617
0,1,8,8,1,2,32,0,0.064284
0,1,32,2,1,2,32,0,0.079817
0,4,2,2,32,8,1,0,0.100077
0,2,8,1,64,4,1,0,0.111185
0,16,2,2,4,4,4,0,0.07936
0,8,1,1,8,4,16,0,0.136249
0,32,1,1,32,1,4,0,0.05467
0,2,4,2,8,32,1,0,0.125713
0,8,1,2,2,64,2,0,0.115777
0,2,8,4,2,4,8,0,0.09351
0,1,8,1,512,1,1,0,0.114778
0,2,2,32,2,8,2,0,0.061428
0,1,8,1,32,2,8,0,0.155591
0,1,4,2,8,2,32,0,0.195802
0,1,4,1,2,64,8,0,0.193882
0,16,2,1,4,1,32,0,0.063994
0,1,2,2,32,4,8,0,0.243092
0,4,1,8,8,2,8,0,0.099473
0,32,2,1,4,16,1,0,0.079043
0,32,2,2,1,1,32,0,0.067007
0,4,2,2,32,4,2,0,0.133834
0,2,4,2,2,4,32,0,0.133795
0,1,16,4,8,8,1,0,0.07961
0,1,8,4,32,1,4,0,0.07845
0,8,2,8,1,1,32,0,0.067453
0,2,4,2,4,8,8,0,0.133777
0,32,1,2,1,32,2,0,0.078271
0,8,4,4,4,1,8,0,0.076308
0,2,4,8,64,1,1,0,0.082069
0,2,1,4,32,4,4,0,0.195131
0,128,1,1,2,1,16,0,0.058032
0,16,1,2,2,1,64,0,0.087017
0,4,1,16,8,1,8,0,0.080994
0,1,8,4,1,4,32,0,0.064674
0,8,2,1,128,2,1,0,0.111406
0,16,1,2,2,8,8,0,0.099613
0,4,2,8,4,4,4,0,0.093887
0,8,4,1,1,128,1,0,0.06915
0,8,4,2,2,4,8,0,0.093375
0,1,4,4,2,2,64,0,0.139867
0,8,1,1,16,8,4,0,0.154007
0,2,1,16,2,64,1,0,0.064273
0,8,1,8,2,4,8,0,0.099139
0,4,1,16,4,2,8,0,0.09938
0,4,32,1,1,8,4,0,0.077044
0,4,2,8,16,1,4,0,0.090071
0,2,1,4,8,1,64,0,0.157664
0,8,1,4,1,64,2,0,0.078552
0,1,4,2,4,64,2,0,0.194877
0,2,4,1,4,64,2,0,0.193902
0,1,64,2,2,16,1,0,0.068038
0,1,64,1,4,8,2,0,0.080027
0,1,4,1,16,1,64,0,0.169674
0,4,1,2,256,1,2,0,0.133816
0,1,1,32,1,128,1,0,0.058399
0,64,2,1,2,2,8,0,0.084194
0,2,4,2,32,4,2,0,0.113558
0,2,2,8,1,32,4,0,0.07117
0,8,2,2,2,32,2,0,0.093258
0,1,8,1,2,32,8,0,0.152363
0,4,4,2,2,4,16,0,0.093991
0,2,2,1,256,1,4,0,0.16675
0,1,4,32,8,2,2,0,0.084592
0,1,2,16,2,1,64,0,0.078127
0,1,1,32,1,32,4,0,0.06902
0,4,4,4,1,16,4,0,0.071097
0,1,32,1,4,16,2,0,0.06642
0,2,1,32,1,8,8,0,0.078106
0,4,1,4,256,1,1,0,0.097489
0,4,8,2,8,4,2,0,0.093689
0,64,2,1,1,32,1,0,0.058714
0,32,2,1,2,16,2,0,0.099217
0,1,8,2,2,4,32,0,0.115164
0,8,8,1,1,64,1,0,0.053563
0,8,2,1,1,64,4,0,0.163095
0,4,8,1,128,1,1,0,0.070892
0,1,128,1,4,2,4,0,0.067513
0,4,1,2,8,16,4,0,0.195519
0,2,16,4,4,2,4,0,0.080357
0,16,1,2,4,32,1,0,0.064449
0,4,1,32,4,1,8,0,0.052873
0,8,1,1,8,64,1,0,0.135703
0,1,1,4,32,1,32,0,0.169462
0,1,2,2,1,32,32,0,0.192237
0,1,1,4,1,1024,1,0,0.12119
0,1,2,32,4,4,4,0,0.098913
0,2,4,2,64,1,4,0,0.127173
0,1,8,1,64,8,1,0,0.134443
0,32,1,4,1,2,16,0,0.066825
0,1,16,2,2,64,1,0,0.080134
0,1,1,32,16,1,8,0,0.071412
0,4,1,1,16,16,4,0,0.193321
0,64,1,1,2,32,1,0,0.068294
0,1,4,8,1,4,32,0,0.079679
0,8,1,1,2,128,2,0,0.153969
0,2,4,1,1,32,16,0,0.182209
0,2,8,8,8,4,1,0,0.072321
0,8,2,2,2,16,4,0,0.093566
0,2,8,4,2,1,32,0,0.089722
0,1,4,1,4,128,2,0,0.193784
0,32,2,2,2,8,2,0,0.08037
0,1,4,2,1,32,16,0,0.155604
0,64,1,2,8,2,2,0,0.08464
0,32,2,1,1,2,32,0,0.088462
0,1,8,16,1,2,16,0,0.067496
0,2,1,16,8,8,2,0,0.099545
0,1,1,32,4,1,32,0,0.071071
0,2,1,32,4,4,4,0,0.08048
0,2,1,64,16,1,2,0,0.068613
0,1,32,2,64,1,1,0,0.069059
0,4,2,1,8,2,32,0,0.188668
0,4,16,1,2,8,4,0,0.098841
0,32,1,4,2,8,2,0,0.084917
0,4,2,4,4,4,8,0,0.089232
0,1,16,1,2,32,4,0,0.09549
0,2,4,2,16,16,1,0,0.104656
0,8,2,1,1,128,2,0,0.145232
0,2,16,2,8,2,4,0,0.080395
0,1,2,8,2,32,4,0,0.138899
0,2,4,1,4,4,32,0,0.195221
0,1,8,2,4,32,2,0,0.112499
0,2,8,1,2,16,8,0,0.120324
0,1,1,4,256,2,2,0,0.19318
0,16,2,1,4,4,8,0,0.079933
0,2,1,4,1,32,16,0,0.154056
0,2,8,2,8,1,16,0,0.089566
0,2,2,4,1,16,16,0,0.123046
0,2,32,2,4,4,2,0,0.068571
0,2,1,2,64,4,4,0,0.284312
0,2,4,1,2,256,1,0,0.128307
0,2,2,16,4,1,16,0,0.090521
0,8,1,2,1,32,8,0,0.110959
0,1,32,1,4,4,8,0,0.079485
0,4,1,1,512,1,2,0,0.157709
0,2,4,1,16,32,1,0,0.154025
0,4,2,2,256,1,1,0,0.114658
0,16,1,1,64,4,1,0,0.078189
0,1,4,16,1,32,2,0,0.079571
0,1,1,64,8,1,8,0,0.071069
0,1,16,1,1,256,1,0,0.085545
0,8,1,16,2,1,16,0,0.069238
0,2,8,1,2,128,1,0,0.111547
0,1,1,64,4,8,2,0,0.081523
0,2,32,1,2,4,8,0,0.079997
0,2,4,1,128,2,2,0,0.194204
0,1,4,32,4,4,2,0,0.084439
0,1,1,4,8,2,64,0,0.196526
0,1,2,2,16,4,16,0,0.242928
0,64,1,2,2,4,4,0,0.085313
0,1,8,8,1,64,1,0,0.057772
0,8,1,1,1,16,32,0,0.138144
0,1,16,1,4,64,1,0,0.079514
0,16,2,2,2,8,4,0,0.093991
0,2,1,4,2,256,1,0,0.155853
0,1,16,2,1,32,4,0,0.080321
0,1,1,4,4,64,4,0,0.19555
0,4,8,4,32,1,1,0,0.068989
0,1,2,4,8,32,2,0,0.195193
0,2,1,2,8,16,8,0,0.243439
0,4,1,8,8,1,16,0,0.081261
0,8,1,1,2,16,16,0,0.154335
0,2,64,1,1,1,32,0,0.060302
0,2,8,2,2,8,8,0,0.093988
0,8,1,2,1,64,4,0,0.107546
0,1,2,16,128,1,1,0,0.069256
0,4,2,2,1,8,32,0,0.123239
0,8,1,1,512,1,1,0,0.117243
0,1,4,1,4,32,8,0,0.164638
0,1,1,4,32,32,1,0,0.16825
0,2,2,4,16,1,16,0,0.126504
0,1,2,2,4,8,32,0,0.243829
0,16,1,2,32,2,2,0,0.099643
0,32,1,2,8,4,2,0,0.099439
0,2,1,16,1,64,2,0,0.078721
0,16,4,1,2,16,2,0,0.099136
0,1,1,8,32,4,4,0,0.158063
0,8,4,4,16,2,1,0,0.073224
0,2,1,16,16,2,4,0,0.095856
0,64,1,1,32,2,1,0,0.068703
0,8,1,2,128,2,1,0,0.091469
0,2,4,1,2,8,32,0,0.19476
0,2,1,32,1,4,16,0,0.078349
0,1,2,4,16,1,32,0,0.128757
0,8,16,1,16,1,2,0,0.067423
0,2,4,4,4,1,32,0,0.089797
0,4,2,4,8,8,2,0,0.094069
0,32,1,2,1,8,8,0,0.078539
0,2,1,8,4,2,32,0,0.141309
0,4,4,2,64,1,2,0,0.089766
0,1,8,2,32,2,4,0,0.141381
0,4,4,4,1,32,2,0,0.086303
0,1,4,1,1,1024,1,0,0.14431
0,1,8,8,8,1,8,0,0.078807
0,1,2,16,1,8,16,0,0.080166
0,2,8,1,4,4,16,0,0.140475
0,1,4,4,2,8,16,0,0.141311
0,4,4,1,1,32,8,0,0.159191
0,1,2,2,16,16,4,0,0.203425
0,16,1,4,4,1,16,0,0.081396
0,4,4,2,2,16,4,0,0.093888
0,2,16,2,16,2,2,0,0.093998
0,2,4,1,2,16,16,0,0.194947
0,2,1,8,2,16,8,0,0.14069
0,2,1,16,32,4,1,0,0.079788
0,2,2,32,1,8,4,0,0.073768
0,1,2,8,2,8,16,0,0.113595
0,1,8,2,32,4,2,0,0.140847
0,2,2,1,4,32,8,0,0.243689
0,1,1,8,8,16,4,0,0.15834
0,1,1,128,1,4,8,0,0.058494
0,32,2,1,2,4,8,0,0.099521
0,64,1,1,4,8,2,0,0.078345
0,1,1,64,32,1,2,0,0.072024
0,1,8,4,128,1,1,0,0.069216
0,1,32,4,16,1,2,0,0.06723
0,1,4,16,1,4,16,0,0.079977
0,1,1,32,2,2,32,0,0.080482
0,1,1,8,4,32,4,0,0.15832
0,2,8,8,2,8,2,0,0.080376
0,1,16,1,2,2,64,0,0.11229
0,2,1,2,16,32,2,0,0.239673
0,1,1,32,1,8,16,0,0.069249
0,4,2,4,8,1,16,0,0.089343
0,8,1,2,1,8,32,0,0.112249
0,1,64,1,1,64,1,0,0.060776
0,2,1,8,8,4,8,0,0.140532
0,8,2,1,4,1,64,0,0.112169
0,2,4,2,2,16,8,0,0.134389
0,8,2,8,2,4,4,0,0.080317
0,2,2,2,4,32,4,0,0.189776
0,16,2,1,16,2,4,0,0.099207
0,1,4,4,64,1,4,0,0.111414
0,2,4,4,16,1,8,0,0.089726
0,32,4,1,16,1,2,0,0.067555
0,2,4,2,64,4,1,0,0.125506
0,1,64,2,4,8,1,0,0.068352
0,2,2,16,32,1,2,0,0.089285
0,4,2,4,1,64,2,0,0.086146
0,1,1,16,2,8,16,0,0.114991
0,128,1,1,1,8,4,0,0.060176
0,2,1,16,2,16,4,0,0.099426
0,4,8,1,1,16,8,0,0.101539
0,1,32,2,2,4,8,0,0.100195
0,1,4,2,16,8,4,0,0.195037
0,4,4,1,2,4,32,0,0.140083
0,2,1,2,16,4,16,0,0.243104
0,4,1,8,1,32,4,0,0.078949
0,2,16,2,2,16,2,0,0.094051
0,8,2,4,4,8,2,0,0.093813
0,1,4,2,8,16,4,0,0.19499
0,4,1,1,256,2,2,0,0.193049
0,1,2,4,4,2,64,0,0.195684
0,16,4,2,8,1,4,0,0.073568
0,4,1,16,32,2,1,0,0.079516
0,1,64,2,4,4,2,0,0.08474
0,8,1,1,32,2,8,0,0.154539
0,16,4,1,8,2,4,0,0.099138
0,2,1,4,4,32,4,0,0.195523
0,4,2,4,16,4,2,0,0.093676
0,1,4,16,8,8,1,0,0.077893
0,1,4,4,2,16,8,0,0.140868
0,32,4,1,4,4,2,0,0.08433
0,1,4,8,32,1,4,0,0.078263
0,8,16,1,1,8,4,0,0.07681
0,32,1,1,2,2,32,0,0.078479
0,8,4,2,4,8,2,0,0.093272
0,1,16,8,32,1,1,0,0.058531
0,16,1,1,4,16,4,0,0.110612
0,8,1,4,32,4,1,0,0.080129
0,8,8,2,1,4,8,0,0.074099
0,2,4,8,1,1,64,0,0.07914
0,8,4,1,4,32,1,0,0.079026
0,1,2,4,1,32,16,0,0.155803
0,1,16,1,64,4,1,0,0.097725
0,1,1,32,8,4,4,0,0.081975
0,8,2,4,4,2,8,0,0.093652
0,1,32,1,1,128,1,0,0.060961
0,1,4,16,1,2,32,0,0.079712
0,1,4,1,64,8,2,0,0.1932
0,32,2,2,1,8,4,0,0.055847
0,1,4,1,8,8,16,0,0.193501
0,4,4,2,1,4,32,0,0.08348
0,1,16,1,1,16,16,0,0.097553
0,1,4,2,2,64,4,0,0.196193
0,1,8,4,1,32,4,0,0.080198
0,1,1,32,1,2,64,0,0.067395
0,4,4,1,1,128,2,0,0.147999
0,2,2,8,4,2,16,0,0.093568
0,1,1,128,2,16,1,0,0.058435
0,1,2,32,8,4,2,0,0.099668
0,1,16,1,16,16,1,0,0.095488
0,4,2,4,1,32,4,0,0.069113
0,1,4,32,2,16,1,0,0.068219
0,8,4,2,2,32,1,0,0.088689
0,1,8,2,2,32,4,0,0.152126
0,16,1,2,4,8,4,0,0.099751
0,4,1,32,4,4,2,0,0.084793
0,8,1,16,16,2,1,0,0.05014
0,32,1,1,64,1,2,0,0.068554
0,1,64,2,1,32,1,0,0.060455
0,1,8,2,32,1,8,0,0.111482
0,16,1,2,2,2,32,0,0.08024
0,8,1,2,1,128,2,0,0.112277
0,4,2,1,2,128,2,0,0.195476
0,2,16,2,1,2,32,0,0.085969
0,2,2,8,2,1,64,0,0.089345
0,8,16,1,1,32,1,0,0.058791
0,2,32,1,8,1,8,0,0.079009
0,2,32,1,1,2,32,0,0.08807
0,4,1,8,1,8,16,0,0.078594
0,2,4,1,16,1,32,0,0.155948
0,4,2,1,128,1,4,0,0.155935
0,2,32,2,1,4,8,0,0.073594
0,2,1,16,1,4,32,0,0.078489
0,1,4,2,1,16,32,0,0.156151
0,2,1,4,32,16,1,0,0.155544
0,1,2,4,64,2,4,0,0.162761
0,4,32,1,2,16,1,0,0.06694
0,1,32,2,4,1,16,0,0.078846
0,2,2,1,8,16,8,0,0.243909
0,2,2,2,64,1,8,0,0.176378
0,2,2,32,1,16,2,0,0.073915
0,8,4,4,8,4,1,0,0.075394
0,1,64,1,1,2,32,0,0.069214
0,8,8,2,4,4,2,0,0.080754
0,4,2,1,32,8,2,0,0.195209
0,4,8,1,32,2,2,0,0.098878
0,1,4,1,4,4,64,0,0.193638
0,16,1,1,16,2,8,0,0.108861
0,1,1,128,1,8,4,0,0.058557
0,8,2,1,32,4,2,0,0.140526
0,1,1,4,128,8,1,0,0.168233
0,1,32,1,1,16,8,0,0.069351
0,8,2,4,1,32,2,0,0.085835
0,4,4,4,4,8,2,0,0.093424
0,2,16,1,4,2,16,0,0.099111
0,1,2,64,16,1,2,0,0.067105
0,32,4,1,2,16,1,0,0.0673
0,4,32,1,1,4,8,0,0.075494
0,2,64,1,16,2,1,0,0.067112
0,8,2,4,16,4,1,0,0.087674
0,4,2,1,2,4,64,0,0.195436
0,2,4,2,16,4,4,0,0.134737
0,1,4,4,8,8,4,0,0.140554
0,2,2,1,64,4,4,0,0.243689
0,1,8,1,128,4,1,0,0.135521
0,16,1,2,4,4,8,0,0.099898
0,32,1,2,1,16,4,0,0.063135
0,1,1,16,8,16,2,0,0.1149
0,4,16,2,8,1,4,0,0.076501
0,1,4,1,4,256,1,0,0.168382
0,1,16,1,4,4,16,0,0.11202
0,1,2,64,8,4,1,0,0.068116
0,4,2,16,2,8,2,0,0.080727
0,2,4,1,16,8,4,0,0.194838
0,1,32,2,4,2,8,0,0.100012
0,8,16,1,4,4,2,0,0.084992
0,16,2,4,4,1,8,0,0.075648
0,4,4,4,32,1,2,0,0.089838
0,1,8,4,4,32,1,0,0.080313
0,2,64,1,1,32,1,0,0.043802
0,8,2,2,32,1,4,0,0.089144
0,2,1,2,8,128,1,0,0.194846
0,16,1,2,1,16,8,0,0.07888
0,8,2,1,64,1,4,0,0.112028
0,4,16,1,4,16,1,0,0.063643
0,1,1,8,4,4,32,0,0.158297
0,1,1,32,64,2,1,0,0.068478
0,1,16,1,2,16,8,0,0.112287
0,1,1,16,1,16,16,0,0.097739
0,2,8,8,8,1,4,0,0.075901
0,1,16,2,4,1,32,0,0.078774
0,4,2,8,8,4,2,0,0.093849
0,4,2,16,1,32,1,0,0.049863
0,1,2,4,1,512,1,0,0.138196
0,1,4,32,1,32,1,0,0.060539
0,16,4,2,2,8,2,0,0.080314
0,16,8,1,4,1,8,0,0.067273
0,4,1,16,4,16,1,0,0.079741
0,8,16,1,1,1,32,0,0.060275
0,1,2,8,1,4,64,0,0.090102
0,1,4,8,4,4,8,0,0.099247
0,16,4,2,4,8,1,0,0.075315
0,2,8,2,1,16,8,0,0.086186
0,4,8,1,4,32,1,0,0.078786
0,2,2,8,8,1,16,0,0.089456
0,1,32,1,4,32,1,0,0.066045
0,4,2,1,16,16,2,0,0.195323
0,1,4,32,1,4,8,0,0.066728
0,2,1,32,8,1,8,0,0.082107
0,8,2,8,2,8,2,0,0.080253
0,16,1,4,1,4,16,0,0.061257
0,4,2,2,16,16,1,0,0.125517
0,2,1,4,2,4,64,0,0.195562
0,8,1,8,4,16,1,0,0.07993
0,2,8,2,2,2,32,0,0.093366
0,2,16,1,64,2,1,0,0.078986
0,4,2,16,4,1,8,0,0.076172
0,1,8,4,1,2,64,0,0.079632
0,1,16,8,1,4,8,0,0.067971
0,4,8,4,1,8,4,0,0.074113
0,1,1,8,1,128,4,0,0.136544
0,1,2,64,4,1,8,0,0.06702
0,16,4,2,2,16,1,0,0.075293
0,1,8,2,8,16,2,0,0.140414
0,2,1,64,1,4,8,0,0.067014
0,1,16,8,2,8,2,0,0.084875
0,4,1,2,128,2,2,0,0.195139
0,1,1,32,8,16,1,0,0.068428
0,1,8,4,16,1,8,0,0.078239
0,2,4,4,8,2,8,0,0.093983
0,1,2,2,8,128,1,0,0.196456
0,4,2,1,8,8,8,0,0.194651
0,4,2,1,8,16,4,0,0.194682
0,1,32,2,2,2,16,0,0.100352
0,4,4,4,4,4,4,0,0.093517
0,1,1,128,1,1,32,0,0.051399
0,4,8,4,8,1,4,0,0.074618
0,2,2,2,8,4,16,0,0.190418
0,8,1,16,1,8,4,0,0.066856
0,2,2,16,8,2,4,0,0.093585
0,1,8,1,2,4,64,0,0.129851
0,1,4,32,1,8,4,0,0.04974
0,1,1,8,1,32,16,0,0.111764
0,1,1,32,64,1,2,0,0.07139
0,1,4,4,2,64,2,0,0.141197
0,2,4,8,4,16,1,0,0.088144
0,2,2,1,8,2,64,0,0.238902
0,1,8,4,16,4,2,0,0.100006
0,4,1,32,1,1,32,0,0.060309
0,4,1,2,8,1,64,0,0.157868
0,4,2,4,64,1,2,0,0.08571
0,4,1,8,2,4,16,0,0.099853
0,1,16,1,2,4,32,0,0.112402
0,32,1,2,1,2,32,0,0.078328
0,4,1,2,4,8,16,0,0.19596
0,1,4,8,2,4,16,0,0.099939
0,2,16,1,2,16,4,0,0.099406
0,1,8,1,16,4,8,0,0.155459
0,16,1,2,32,1,4,0,0.082332
0,4,2,1,1,8,64,0,0.315433
0,4,4,1,4,64,1,0,0.10135
0,2,16,1,2,4,16,0,0.099492
0,8,1,16,4,1,8,0,0.068909
0,32,1,4,1,32,1,0,0.057979
0,4,2,16,1,1,32,0,0.049618
0,8,1,16,4,8,1,0,0.067627
0,2,16,4,16,2,1,0,0.059799
0,16,1,4,16,4,1,0,0.069952
0,16,1,4,2,1,32,0,0.067633
0,2,1,32,2,2,16,0,0.098984
0,4,2,16,2,16,1,0,0.075192
0,1,4,32,1,16,2,0,0.049917
0,8,2,4,2,32,1,0,0.087808
0,2,1,32,1,1,64,0,0.071325
0,2,1,2,128,4,2,0,0.205574
0,8,16,1,2,4,4,0,0.084361
0,2,2,1,32,1,32,0,0.196165
0,16,1,2,16,4,2,0,0.099801
0,2,16,4,2,1,16,0,0.075977
0,2,64,1,8,1,4,0,0.067223
0,2,8,2,4,8,4,0,0.093876
0,16,1,1,4,32,2,0,0.110609
0,1,4,4,4,16,4,0,0.141129
0,2,16,1,1,8,16,0,0.106543
0,16,2,2,2,1,32,0,0.08988
0,32,2,2,8,4,1,0,0.075383
0,1,8,4,8,8,2,0,0.099882
0,1,1,4,16,32,2,0,0.19559
0,16,2,1,1,8,16,0,0.106616
0,2,1,8,32,2,4,0,0.140845
0,8,2,8,4,2,4,0,0.062317
0,1,1,4,4,8,32,0,0.163207
0,32,1,1,8,1,16,0,0.06793
0,1,64,1,1,32,2,0,0.069703
0,2,2,32,2,2,8,0,0.080789
0,1,4,2,16,4,8,0,0.195519
0,4,4,8,8,1,4,0,0.076241
0,16,2,2,8,8,1,0,0.087954
0,4,4,1,8,1,32,0,0.112079
0,16,2,1,2,8,8,0,0.099288
0,4,4,8,1,16,2,0,0.073902
0,2,2,4,64,4,1,0,0.125593
0,32,2,1,2,8,4,0,0.099413
0,1,16,2,2,32,2,0,0.106474
0,2,4,4,1,2,64,0,0.086075
0,1,2,16,4,16,2,0,0.09514
0,2,2,1,1,128,8,0,0.17604
0,2,4,4,8,1,16,0,0.08926
0,2,64,1,8,2,2,0,0.084871
0,1,8,2,256,1,1,0,0.097913
0,16,1,2,8,1,16,0,0.082225
0,1,4,1,2,512,1,0,0.16863
0,4,16,2,1,16,2,0,0.07357
0,8,4,2,8,4,2,0,0.093538
0,8,1,16,8,1,4,0,0.05244
0,1,2,4,1,16,32,0,0.155897
0,4,1,8,1,16,8,0,0.07868
0,1,1,8,256,1,2,0,0.138227
0,1,16,1,2,128,1,0,0.097615
0,4,2,1,32,2,8,0,0.195154
0,2,2,16,4,4,4,0,0.093173
0,2,2,16,8,4,2,0,0.093353
0,4,2,2,64,4,1,0,0.126039
0,4,2,4,32,1,4,0,0.072363
0,4,4,2,16,4,2,0,0.0938
0,1,1,4,2,64,8,0,0.19638
0,2,4,4,2,4,16,0,0.093714
0,1,1,32,4,2,16,0,0.082214
0,1,4,1,2,256,2,0,0.194044
0,4,2,8,8,1,8,0,0.085833
0,4,4,1,1,8,32,0,0.201562
0,1,2,8,32,2,4,0,0.141344
0,1,1,128,4,1,8,0,0.06082
0,1,2,4,128,4,1,0,0.157302
0,1,8,1,2,128,2,0,0.155967
0,8,4,1,128,1,1,0,0.071164
0,2,32,1,64,1,1,0,0.059588
0,2,1,8,256,1,1,0,0.097965
0,4,1,32,32,1,1,0,0.047019
0,1,4,4,8,1,32,0,0.109867
0,16,1,1,1,4,64,0,0.10055
0,1,8,1,4,4,32,0,0.129253
0,1,8,16,16,1,2,0,0.049588
0,2,2,2,8,32,2,0,0.19108
0,4,1,1,1,64,16,0,0.171514
0,32,2,2,16,2,1,0,0.055076
0,2,4,8,1,64,1,0,0.079261
0,2,16,1,2,2,32,0,0.09987
0,16,1,4,64,1,1,0,0.069462
0,2,1,2,1024,1,1,0,0.142606
0,4,8,4,16,1,2,0,0.076685
0,64,1,2,16,2,1,0,0.067718
0,8,8,1,32,1,2,0,0.078992
0,2,1,32,2,1,32,0,0.082
0,2,8,2,128,1,1,0,0.082584
0,2,2,1,128,4,2,0,0.23919
0,8,8,2,1,2,16,0,0.07455
0,64,1,1,4,1,16,0,0.068621
0,8,4,4,8,1,4,0,0.077015
0,2,32,2,2,2,8,0,0.08121
0,1,2,8,4,4,16,0,0.140216
0,4,1,8,8,16,1,0,0.080185
0,1,4,1,256,2,2,0,0.194432
0,16,1,8,2,1,16,0,0.06951
0,8,1,2,8,2,16,0,0.147152
0,1,1,128,16,1,2,0,0.06008
0,4,1,32,2,2,8,0,0.085191
0,1,8,2,1,128,2,0,0.111451
0,2,1,32,4,1,16,0,0.081764
0,1,4,2,512,1,1,0,0.134805
0,8,8,1,2,1,32,0,0.080221
0,128,1,1,4,4,2,0,0.067174
0,2,16,1,1,32,4,0,0.101145
0,2,32,1,4,2,8,0,0.099817
0,4,2,2,2,64,2,0,0.134394
0,1,2,2,16,64,1,0,0.22842
0,4,4,8,16,2,1,0,0.075755
0,1,4,1,4,8,32,0,0.192055
0,1,128,1,1,1,32,0,0.051496
0,8,1,4,4,32,1,0,0.080047
0,4,1,1,4,32,8,0,0.228427
0,2,64,1,4,8,1,0,0.067748
0,8,1,2,64,2,2,0,0.140774
0,8,2,2,4,1,32,0,0.090478
0,1,2,2,128,1,8,0,0.191705
0,32,2,1,8,8,1,0,0.079713
0,4,1,2,16,32,1,0,0.155255
0,1,2,2,512,2,1,0,0.196275
0,4,2,16,8,1,4,0,0.076701
0,4,4,8,1,2,16,0,0.074526
0,1,2,2,8,2,64,0,0.240794
0,1,8,4,4,8,4,0,0.099431
0,1,4,1,32,8,4,0,0.191533
0,8,1,2,32,1,8,0,0.114722
0,1,2,8,8,16,2,0,0.140056
0,8,1,1,16,32,1,0,0.135753
0,2,1,8,16,1,16,0,0.114883
0,8,1,1,1,128,4,0,0.138824
0,8,8,1,2,32,1,0,0.079419
0,64,1,2,2,8,2,0,0.082352
0,4,4,2,4,8,4,0,0.094403
0,8,1,2,1,16,16,0,0.112572
0,1,4,1,128,4,2,0,0.191729
0,8,1,2,4,16,4,0,0.140829
0,1,16,1,4,16,4,0,0.111766
0,1,8,16,8,4,1,0,0.067985
0,1,8,8,4,8,2,0,0.099694
0,16,4,1,2,8,4,0,0.099814
0,2,2,2,1,512,1,0,0.155123
0,8,4,4,1,8,4,0,0.074917
0,2,1,4,128,4,1,0,0.155236
0,2,1,8,8,8,4,0,0.140382
0,32,1,2,4,16,1,0,0.080063
0,4,8,1,2,1,64,0,0.08009
0,1,1,128,1,2,16,0,0.058611
0,1,8,2,4,16,4,0,0.140384
0,64,1,1,1,1,64,0,0.059295
0,16,2,2,1,1,64,0,0.079962
0,8,4,1,8,1,16,0,0.08003
0,4,8,4,1,1,32,0,0.068108
0,8,4,2,4,2,8,0,0.093537
0,8,1,4,1,128,1,0,0.069102
0,8,1,4,8,2,8,0,0.100245
0,8,1,16,8,4,1,0,0.068094
0,2,4,2,2,8,16,0,0.134144
0,128,1,1,4,1,8,0,0.058482
0,1,1,32,16,4,2,0,0.081957
0,1,2,4,16,16,2,0,0.194359
0,1,4,16,16,2,2,0,0.094574
0,32,1,1,8,4,4,0,0.079024
0,2,8,4,2,8,4,0,0.093957
0,2,1,16,64,1,2,0,0.082028
0,4,2,4,64,2,1,0,0.088944
0,2,2,16,2,8,4,0,0.094182
0,1,4,1,1,128,8,0,0.168638
0,1,32,1,8,2,8,0,0.079586
0,2,4,1,64,4,2,0,0.194658
0,4,8,1,16,8,1,0,0.078717
0,1,2,64,8,1,4,0,0.066916
0,4,1,1,128,2,4,0,0.191356
0,1,4,4,1,32,8,0,0.111657
0,2,2,2,128,2,2,0,0.193013
0,4,1,2,64,8,1,0,0.156756
0,2,32,1,1,1,64,0,0.071988
0,1,8,2,2,8,16,0,0.140493
0,2,16,1,32,4,1,0,0.079654
0,16,4,1,2,1,32,0,0.079743
0,1,8,8,8,2,4,0,0.099789
0,2,4,1,4,16,8,0,0.194351
0,2,8,1,32,1,8,0,0.11242
0,1,1,64,1,8,8,0,0.068731
0,1,16,4,4,4,4,0,0.099563
0,1,1,16,16,1,16,0,0.09994
0,1,16,4,2,32,1,0,0.080004
0,1,2,2,2,256,2,0,0.240383
0,32,1,1,8,8,2,0,0.078895
0,8,4,2,64,1,1,0,0.082936
0,2,1,2,4,8,32,0,0.244319
0,2,16,1,8,4,4,0,0.099707
0,2,2,4,1,32,8,0,0.124028
0,8,2,1,16,16,1,0,0.111766
0,2,2,1,4,128,2,0,0.243817
0,32,4,1,1,1,32,0,0.06084
0,1,4,2,8,64,1,0,0.156087
0,1,8,4,2,16,4,0,0.09972
0,1,2,8,4,8,8,0,0.140165
0,1,8,16,1,32,1,0,0.060805
0,2,8,1,32,8,1,0,0.111785
0,2,2,4,2,16,8,0,0.134567
0,1,2,64,16,2,1,0,0.068164
0,2,1,64,1,2,16,0,0.067336
0,16,2,4,16,1,2,0,0.077001
0,1,32,1,4,2,16,0,0.079689
0,16,2,1,8,8,2,0,0.100209
0,16,2,1,1,128,1,0,0.069474
0,4,1,4,2,8,16,0,0.140963
0,4,1,1,32,32,1,0,0.171289
0,2,4,4,1,4,32,0,0.086903
0,2,4,8,1,16,4,0,0.087146
0,1,1,16,8,4,8,0,0.114742
0,2,1,8,2,8,16,0,0.141019
0,4,1,4,32,2,4,0,0.140794
0,32,2,1,16,4,1,0,0.079642
0,4,2,8,64,1,1,0,0.082986
0,1,4,1,32,2,16,0,0.191911
0,4,4,1,1,16,16,0,0.170355
0,4,8,1,8,2,8,0,0.100004
0,2,1,16,64,2,1,0,0.080511
0,1,8,16,8,1,4,0,0.064887
0,1,1,16,8,1,32,0,0.099928
0,8,1,4,64,2,1,0,0.080298
0,16,4,1,1,64,1,0,0.069709
0,1,4,4,4,32,2,0,0.140406
0,1,8,4,4,16,2,0,0.099887
0,1,4,8,1,128,1,0,0.071771
0,8,2,2,1,16,8,0,0.087287
0,1,1,8,8,32,2,0,0.159094
0,16,2,2,2,32,1,0,0.089251
0,32,4,1,16,2,1,0,0.067836
0,1,16,8,1,1,32,0,0.0592
0,2,8,8,4,8,1,0,0.076167
0,4,1,8,16,4,2,0,0.100025
0,1,1,16,2,128,1,0,0.092719
0,8,2,4,8,1,8,0,0.090274
0,2,8,1,16,1,16,0,0.112364
0,2,2,4,2,4,32,0,0.134079
0,1,32,2,16,4,1,0,0.080057
0,1,2,16,2,32,2,0,0.099825
0,1,16,2,1,64,2,0,0.079827
0,2,2,2,2,8,32,0,0.189303
0,1,16,2,128,1,1,0,0.069302
0,4,8,2,16,1,4,0,0.090465
0,4,1,32,16,1,2,0,0.069513
0,2,1,32,8,8,1,0,0.079872
0,2,2,8,16,2,4,0,0.094484
0,1,16,1,4,2,32,0,0.112048
0,1,32,1,16,8,1,0,0.069193
0,64,1,1,1,2,32,0,0.071588
0,4,32,1,4,1,8,0,0.067815
0,16,1,2,2,64,1,0,0.0798
0,32,2,1,16,1,4,0,0.079772
0,1,8,4,16,2,4,0,0.099959
0,16,1,8,2,4,4,0,0.085261
0,4,1,16,8,8,1,0,0.079687
0,2,8,2,2,1,64,0,0.091093
0,4,1,8,4,32,1,0,0.080057
0,32,1,1,8,16,1,0,0.06955
0,2,4,1,64,8,1,0,0.154767
0,4,1,1,8,2,64,0,0.227574
0,2,1,64,32,1,1,0,0.059112
0,4,8,4,2,16,1,0,0.076063
0,1,2,4,8,8,8,0,0.19415
0,2,4,2,8,4,8,0,0.133825
0,4,32,1,8,4,1,0,0.067604
0,8,1,4,4,2,16,0,0.100094
0,2,16,4,2,8,2,0,0.081153
0,1,4,4,1,128,2,0,0.111963
0,2,2,1,32,8,4,0,0.244215
0,8,2,2,16,1,8,0,0.09099
0,2,2,32,2,1,16,0,0.076937
0,32,1,4,4,8,1,0,0.067894
0,2,4,4,4,2,16,0,0.094467
0,1,4,16,4,2,8,0,0.099482
0,4,2,8,1,1,64,0,0.080358
0,8,2,2,4,32,1,0,0.089232
0,4,4,4,1,2,32,0,0.087009
0,1,4,32,1,2,16,0,0.06791
0,1,2,16,4,32,1,0,0.07982
0,2,4,2,16,1,16,0,0.128078
0,1,2,64,32,1,1,0,0.059022
0,1,1,4,32,4,8,0,0.194373
0,16,1,1,8,16,2,0,0.111841
0,1,16,4,32,1,2,0,0.078145
0,2,1,4,16,4,8,0,0.194955
0,2,4,4,1,32,4,0,0.087152
0,1,2,16,4,1,32,0,0.078113
0,16,4,2,16,2,1,0,0.076023
0,1,4,16,8,2,4,0,0.09603
0,1,1,16,16,2,8,0,0.114356
0,1,8,16,8,2,2,0,0.085015
0,4,8,4,2,2,8,0,0.081008
0,4,1,32,2,8,2,0,0.085214
0,8,1,1,8,32,2,0,0.154263
0,1,32,4,1,16,2,0,0.067552
0,16,8,1,2,1,16,0,0.068026
0,1,8,2,16,8,2,0,0.135116
0,2,1,8,1,4,64,0,0.112079
0,16,1,4,8,8,1,0,0.079711
0,1,8,4,1,8,16,0,0.079516
0,1,4,1,32,1,32,0,0.169428
0,1,1,4,2,256,2,0,0.196541
0,16,4,1,4,8,2,0,0.100088
0,1,1,4,1,64,16,0,0.167699
0,2,2,1,16,1,64,0,0.194112
0,1,2,16,8,16,1,0,0.079977
0,2,8,1,32,2,4,0,0.141357
0,1,1,8,1,256,2,0,0.134906
0,4,1,1,64,8,2,0,0.191762
0,128,1,1,4,2,4,0,0.067079
0,16,1,4,4,8,2,0,0.100452
0,32,1,4,2,4,4,0,0.085188
0,1,32,2,1,1,64,0,0.06924
0,2,32,2,4,2,4,0,0.078935
0,4,8,1,4,2,16,0,0.100192
0,8,1,16,1,32,1,0,0.058674
0,1,1,4,2,512,1,0,0.166537
0,1,2,8,128,1,2,0,0.11077
0,2,1,32,2,32,1,0,0.080184
0,4,1,4,16,8,2,0,0.140236
0,1,8,2,2,128,1,0,0.112326
0,2,16,1,2,8,8,0,0.100037
0,8,4,4,2,2,8,0,0.080876
0,4,1,4,64,4,1,0,0.112529
0,2,1,16,4,1,32,0,0.081794
0,2,1,8,32,8,1,0,0.112274
0,1,8,2,128,1,2,0,0.111511
0,1,4,1,8,32,4,0,0.191609
0,2,1,4,512,1,1,0,0.135822
0,1,1,16,1,4,64,0,0.097418
0,1,2,32,16,1,4,0,0.078402
0,4,2,2,1,128,2,0,0.124569
0,2,4,16,2,16,1,0,0.073423
0,1,2,4,4,16,8,0,0.196268
0,1,4,32,1,1,32,0,0.059216
0,1,8,2,16,16,1,0,0.112115
0,4,8,4,4,1,8,0,0.077043
0,4,8,1,1,32,4,0,0.102356
0,8,2,4,64,1,1,0,0.082594
0,32,2,1,64,1,1,0,0.072043
0,1,8,8,16,1,4,0,0.078161
0,2,1,8,32,4,2,0,0.140583
0,2,2,4,16,4,4,0,0.134448
0,4,1,2,32,2,8,0,0.196984
0,1,2,32,2,4,8,0,0.099801
0,2,8,2,1,32,4,0,0.086978
0,16,1,4,2,4,8,0,0.0996
0,1,2,16,1,2,64,0,0.079584
0,1,1,8,32,2,8,0,0.157832
0,4,32,1,2,8,2,0,0.085243
0,1,2,2,8,16,8,0,0.24389
0,1,2,4,8,1,64,0,0.153895
0,1,16,1,16,4,4,0,0.111909
0,4,1,16,32,1,2,0,0.082068
0,1,2,4,4,128,1,0,0.156164
0,2,32,1,1,8,8,0,0.090408
0,8,1,4,8,16,1,0,0.080133
0,8,2,4,16,2,2,0,0.094045
0,1,2,2,1024,1,1,0,0.168749
0,4,1,1,8,4,32,0,0.194054
0,2,8,1,4,64,1,0,0.111563
0,4,32,1,8,2,2,0,0.085151
0,8,2,1,8,32,1,0,0.111763
0,32,1,2,1,1,64,0,0.071785
0,4,1,1,2,256,2,0,0.191433
0,4,16,2,1,4,8,0,0.074728
0,8,2,1,4,2,32,0,0.140703
0,2,8,1,4,32,2,0,0.14054
0,1,2,32,32,2,1,0,0.079512
0,4,2,16,1,4,8,0,0.074354
0,2,1,4,4,4,32,0,0.194421
0,1,16,1,16,1,16,0,0.099747
0,1,2,8,2,128,1,0,0.112991
0,2,16,4,2,4,4,0,0.080918
0,1,8,8,1,1,64,0,0.069261
0,4,2,1,64,1,8,0,0.155566
0,4,16,2,8,4,1,0,0.075784
0,128,1,1,2,16,1,0,0.057805
0,2,2,2,2,128,2,0,0.189569
