Kernel,gx,gy,gz,bx,by,bz,nx,ny,nz,gpuId,occupancy
1,2,1,320,1,40,4,0,0.077145
1,16,2,10,5,16,4,0,0.081397
1,1,2,160,2,32,5,0,0.079525
1,5,16,4,40,4,2,0,0.095692
1,4,20,8,2,5,16,0,0.075091
1,32,1,5,10,1,64,0,0.081056
1,20,5,4,256,1,1,0,0.016183
1,16,8,5,40,2,2,0,0.077583
1,1,8,20,16,20,2,0,0.081327
1,10,10,8,8,1,16,0,0.018666
1,2,4,80,1,4,40,0,0.076747
1,128,25,1,2,16,1,0,0.758307
1,1,50,4,128,2,2,0,0.02299
1,2,8,40,16,1,10,0,0.076859
0,40,8,2,10,16,1,0,0.172054
1,1,2,100,4,64,2,0,0.023229
1,5,32,1,16,5,8,0,0.076679
1,1,4,25,16,16,4,0,0.012829
1,20,40,1,4,2,16,0,0.021724
1,16,2,25,32,2,2,0,0.01998
1,5,16,5,2,2,64,0,0.021658
1,4,100,2,2,1,64,0,0.022841
1,4,20,5,1,8,32,0,0.015474
1,80,2,2,1,80,4,0,0.079555
0,2,50,2,8,32,2,0,0.128585
1,16,10,2,320,1,1,0,0.079791
1,5,4,20,4,32,2,0,0.022559
1,8,5,5,1,8,64,0,0.019086
1,40,2,8,80,2,1,0,0.076705
0,1,4,25,16,16,4,0,0.105488
1,8,20,5,2,8,8,0,0.017437
1,1,16,40,20,2,4,0,0.07966
1,2,10,8,16,10,4,0,0.081781
1,64,5,10,2,2,8,0,0.752953
1,4,8,20,4,1,40,0,0.077517
0,8,2,10,32,4,5,0,0.17077
0,2,64,1,160,1,5,0,0.296491
1,2,5,64,32,5,1,0,0.078861
1,8,25,4,8,4,4,0,0.02372
1,10,8,4,10,32,1,0,0.11826
1,2,80,1,8,4,20,0,0.080957
1,80,4,2,5,8,4,0,0.077669
1,2,1,800,8,4,2,0,0.515603
1,32,4,1,2,8,50,0,0.239799
1,1,320,1,20,1,16,0,0.081914
1,2,2,40,16,2,20,0,0.082027
1,1,16,200,4,8,1,0,0.753046
1,1,16,40,2,16,5,0,0.078443
1,64,2,5,40,2,2,0,0.079728
1,80,2,4,4,20,2,0,0.075305
1,1,160,4,2,10,8,0,0.078705
1,4,8,25,8,8,2,0,0.021321
1,20,10,8,64,1,1,0,0.513976
1,10,1,64,40,1,4,0,0.0785
1,20,80,1,1,4,16,0,0.531069
1,8,10,2,2,80,4,0,0.081632
1,16,2,25,64,2,1,0,0.025688
1,2,10,8,1,20,32,0,0.082581
1,2,64,1,16,1,50,0,0.240797
1,5,16,2,64,5,2,0,0.08238
1,5,4,20,8,32,1,0,0.02138
0,1,10,10,128,1,8,0,0.101048
1,320,5,1,4,16,1,0,0.516073
1,5,64,1,20,16,1,0,0.081707
1,1,4,100,1,16,16,0,0.020561
1,80,1,4,16,10,2,0,0.080775
1,80,1,2,64,2,5,0,0.081942
1,2,100,4,8,2,8,0,0.019826
1,2,20,40,32,1,2,0,0.514648
1,1,64,10,5,8,4,0,0.078118
1,2,16,100,1,4,8,0,0.753023
0,2,32,2,1,800,1,0,0.297995
1,10,5,16,1,128,1,0,0.021358
1,1,1600,1,4,1,16,0,0.513841
1,1,16,200,2,2,8,0,0.752832
1,10,4,4,16,5,8,0,0.07764
1,1,8,200,2,16,2,0,0.514121
1,2,320,1,80,2,1,0,0.077775
1,1,10,80,8,8,2,0,0.019526
0,1,2,64,2,50,8,0,0.297894
1,100,4,4,8,8,1,0,0.514831
1,80,10,1,2,64,1,0,0.022521
1,10,4,8,2,8,20,0,0.082127
1,1,1,128,80,1,10,0,0.240615
1,10,5,2,32,32,1,0,0.019182
1,10,8,8,1,16,10,0,0.077729
1,8,25,16,2,1,16,0,0.753021
0,5,64,1,16,5,4,0,0.176057
0,2,5,80,32,4,1,0,0.137964
0,1,8,16,40,10,2,0,0.297392
1,64,1,10,16,1,10,0,0.083043
1,160,10,1,1,32,2,0,0.510069
1,8,2,10,80,2,4,0,0.081077
1,2,8,10,80,8,1,0,0.080443
1,50,32,2,4,8,1,0,0.753025
1,2,10,5,16,32,2,0,0.019087
1,1,8,25,4,64,2,0,0.024402
1,2,40,2,4,8,20,0,0.08094
1,10,40,8,16,2,1,0,0.753132
1,2,4,40,40,4,2,0,0.082572
1,4,40,2,8,40,1,0,0.081142
1,2,10,8,8,40,2,0,0.082832
1,10,1,32,1,64,5,0,0.082402
1,128,1,5,2,5,16,0,0.078953
1,2,64,1,16,10,5,0,0.240627
1,25,32,2,4,8,2,0,0.514074
1,40,4,2,4,5,16,0,0.081753
1,2,1,64,8,25,4,0,0.240388
1,4,25,4,16,2,8,0,0.020783
1,160,1,5,4,4,8,0,0.021394
1,4,8,4,2,25,16,0,0.240707
1,8,2,8,10,20,4,0,0.24075
1,40,1,5,2,16,16,0,0.020753
1,40,40,2,2,16,1,0,0.753123
0,2,50,1,128,8,1,0,0.102946
1,1,5,64,8,8,5,0,0.07999
1,16,4,2,20,10,4,0,0.240342
1,5,1,64,64,5,1,0,0.081744
1,1,25,8,16,1,32,0,0.023757
1,80,2,20,4,8,1,0,0.753006
1,32,1,4,2,400,1,0,0.251088
1,5,16,10,8,8,2,0,0.020861
1,50,4,2,1,256,1,0,0.019208
1,2,1,100,8,1,64,0,0.020585
1,4,5,10,256,1,2,0,0.021388
1,25,1,4,256,2,2,0,0.020125
1,1,32,25,128,1,1,0,0.022118
1,2,10,16,8,20,2,0,0.08232
1,8,5,80,1,2,16,0,0.753046
1,32,1,5,5,16,8,0,0.082035
1,2,80,4,1,40,4,0,0.076016
1,2,1,64,16,10,5,0,0.240583
0,5,5,64,4,2,8,0,0.549469
1,2,50,1,2,512,1,0,0.019503
1,1,1,160,20,16,2,0,0.081505
1,8,2,25,2,64,2,0,0.023502
1,1,640,1,2,80,1,0,0.085232
1,5,32,1,32,20,1,0,0.113509
0,16,50,2,2,16,2,0,0.549434
1,16,1,25,2,2,64,0,0.024649
1,2,1,320,1,4,40,0,0.078053
1,2,1,200,8,4,8,0,0.024723
1,10,64,1,1,16,10,0,0.131327
1,1,100,32,4,1,8,0,0.753041
0,8,40,2,10,4,4,0,0.169092
1,10,10,16,1,16,4,0,0.514023
1,8,5,10,32,2,4,0,0.022653
1,1,160,1,8,20,4,0,0.080942
1,10,4,4,1,128,5,0,0.081303
0,2,2,100,4,8,8,0,0.131359
1,1,4,32,50,1,16,0,0.24086
1,2,400,1,16,4,2,0,0.026163
0,16,8,1,8,20,5,0,0.296268
1,320,1,2,1,20,8,0,0.07944
1,4,1,80,5,4,16,0,0.124461
0,2,400,1,16,2,4,0,0.126957
0,80,4,1,10,8,4,0,0.18227
1,32,20,5,2,4,4,0,0.752831
1,2,4,80,20,4,2,0,0.079137
1,10,10,16,4,16,1,0,0.515575
1,50,1,16,2,4,16,0,0.063109
0,10,20,1,8,2,32,0,0.127566
1,1,160,1,32,10,2,0,0.081057
1,2,160,10,2,2,8,0,0.752908
1,16,40,1,2,16,5,0,0.077605
1,40,80,1,4,8,1,0,0.753156
1,160,1,2,16,20,1,0,0.08276
1,4,5,40,4,1,32,0,0.018749
1,200,4,2,32,1,2,0,0.515306
1,80,2,2,40,8,1,0,0.080548
1,16,2,10,8,10,4,0,0.081411
1,4,16,2,5,10,16,0,0.240537
1,50,4,8,4,16,1,0,0.515339
1,1,1,100,1,16,64,0,0.027618
1,8,2,40,2,20,4,0,0.078893
1,2,1,64,4,8,25,0,0.240616
1,4,25,16,2,2,16,0,0.514039
1,100,4,2,1,2,64,0,0.019716
1,10,16,2,1,320,1,0,0.081727
1,2,400,1,1,64,2,0,0.035715
1,4,20,8,5,1,32,0,0.078134
1,4,20,2,64,5,2,0,0.082269
1,1,1,100,256,2,2,0,0.019945
1,80,8,1,16,1,10,0,0.078998
0,2,1,100,64,2,4,0,0.129674
1,80,20,1,1,2,32,0,0.529334
0,1,160,4,16,2,5,0,0.171662
1,4,4,20,1,8,40,0,0.080838
1,5,4,20,2,16,8,0,0.022637
1,20,8,4,8,20,1,0,0.079177
1,100,1,4,128,2,1,0,0.018612
1,20,5,32,8,4,1,0,0.752852
1,20,8,2,4,10,8,0,0.080929
1,2,2,32,2,8,50,0,0.240607
1,5,4,8,64,2,5,0,0.08118
1,25,1,32,4,32,1,0,0.023063
1,2,64,25,1,1,32,0,0.757522
0,1,4,100,64,2,2,0,0.125974
1,8,2,20,1,20,16,0,0.079082
1,4,20,8,4,2,20,0,0.077915
1,5,16,2,5,8,16,0,0.081349
1,20,40,1,16,4,2,0,0.023083
1,8,25,2,4,64,1,0,0.029773
0,64,1,10,32,1,5,0,0.175359
1,20,80,2,4,8,1,0,0.752988
0,2,2,80,1,160,2,0,0.17761
1,4,20,5,32,2,4,0,0.030061
1,4,20,10,8,2,8,0,0.021583
1,2,25,2,1024,1,1,0,0.01907
1,25,1,64,8,8,1,0,0.514534
0,1,32,4,25,32,1,0,0.295771
1,8,2,50,8,8,2,0,0.022334
1,2,40,2,16,4,10,0,0.08207
1,1,80,8,2,2,40,0,0.079191
1,2,4,20,2,10,32,0,0.081221
1,20,20,2,8,8,2,0,0.02013
1,1,160,1,5,32,4,0,0.08166
1,2,10,5,128,2,4,0,0.01934
1,32,20,1,40,1,4,0,0.078603
1,4,4,25,4,4,16,0,0.017941
1,40,2,5,8,8,4,0,0.018363
1,2,16,4,2,400,1,0,0.240244
0,1,128,5,2,80,1,0,0.176169
1,8,2,8,40,4,5,0,0.240812
1,16,1,50,2,8,8,0,0.020477
1,40,4,1,4,16,10,0,0.082436
1,32,4,5,5,8,4,0,0.079242
0,80,1,40,1,16,2,0,0.770993
0,128,1,1,5,32,5,0,0.300001
1,1,40,8,5,1,64,0,0.081164
1,4,5,20,4,64,1,0,0.018883
1,4,50,2,16,8,2,0,0.021425
1,2,4,16,160,5,1,0,0.240626
1,128,5,1,40,2,2,0,0.097274
1,8,8,5,40,2,4,0,0.081084
0,5,4,5,256,2,2,0,0.10784
0,160,2,2,4,4,10,0,0.17658
1,40,1,20,16,4,2,0,0.022423
1,1,40,8,16,2,10,0,0.081586
1,5,40,2,4,16,4,0,0.020904
1,1,10,64,1,32,5,0,0.078912
1,40,1,4,20,8,4,0,0.080641
1,2,20,4,16,4,10,0,0.111577
1,8,20,1,1,128,5,0,0.094482
0,2,20,16,40,4,1,0,0.175402
1,16,20,1,80,1,4,0,0.080809
1,20,4,10,8,1,16,0,0.020096
1,2,50,2,4,8,16,0,0.021868
1,40,1,4,64,1,10,0,0.08153
1,100,8,2,1,2,32,0,0.514352
1,1,128,1,5,20,8,0,0.240628
1,10,2,16,10,8,4,0,0.081764
1,2,8,8,4,20,10,0,0.240361
1,1,16,10,320,2,1,0,0.076348
1,2,80,5,32,4,1,0,0.020917
1,16,1,25,8,2,16,0,0.021102
1,40,4,5,32,4,1,0,0.029249
1,2,5,10,1,1024,1,0,0.01148
1,4,5,8,4,4,40,0,0.081527
1,1,128,5,1,4,40,0,0.07874
1,20,1,16,8,5,8,0,0.081664
1,320,1,2,4,5,8,0,0.079071
1,50,2,4,2,64,2,0,0.021018
1,2,800,1,16,2,2,0,0.515536
1,1,64,2,1,80,10,0,0.240095
1,32,5,1,320,1,2,0,0.081863
1,4,50,1,2,32,8,0,0.020291
1,80,20,1,1,4,16,0,0.530862
1,50,4,2,128,2,1,0,0.020954
1,1,20,80,64,1,1,0,0.515757
1,16,2,4,8,100,1,0,0.240486
1,4,5,5,16,64,1,0,0.019056
1,2,200,2,1,32,4,0,0.020353
1,160,2,1,10,32,1,0,0.078731
1,16,40,1,2,40,2,0,0.078569
0,2,5,10,1,1024,1,0,0.102321
1,160,1,2,32,1,10,0,0.081531
1,4,10,20,8,4,4,0,0.022623
1,10,2,8,1,20,32,0,0.080774
1,40,10,8,1,1,32,0,0.752965
1,2,8,8,8,4,25,0,0.239951
0,1,40,4,8,20,4,0,0.168163
1,50,16,4,2,16,1,0,0.752906
1,1,100,1,4,128,2,0,0.019219
1,100,1,1,1,16,64,0,0.011816
1,200,1,2,2,16,8,0,0.020846
1,16,1,10,2,320,1,0,0.081748
1,8,20,1,10,32,2,0,0.081936
1,40,2,4,10,4,8,0,0.08209
1,64,1,10,80,1,2,0,0.07878
1,64,1,5,2,16,10,0,0.08088
1,80,2,1,16,8,5,0,0.081807
1,20,20,4,2,16,2,0,0.513643
1,64,1,2,8,10,10,0,0.240898
1,80,5,2,8,4,4,0,0.021228
1,80,1,20,2,2,16,0,0.516273
1,20,8,4,5,4,8,0,0.078571
1,160,4,5,4,2,4,0,0.753065
1,32,10,1,1,20,16,0,0.107005
1,8,20,4,1,20,8,0,0.078284
1,4,8,10,320,1,1,0,0.079379
1,5,20,16,2,32,1,0,0.514366
1,2,4,40,32,5,2,0,0.080719
1,64,1,2,100,2,4,0,0.240578
1,1,80,10,1,32,4,0,0.021027
1,4,4,50,8,4,4,0,0.022367
1,1,8,100,4,1,32,0,0.023725
1,8,25,1,128,2,2,0,0.025187
1,4,1,160,1,32,5,0,0.077971
1,4,32,5,16,10,1,0,0.076878
1,1,25,4,1,256,4,0,0.019074
1,4,16,25,4,1,16,0,0.514635
1,8,50,2,128,1,1,0,0.018301
1,1,2,160,16,10,2,0,0.080793
1,2,5,64,4,10,4,0,0.079104
1,16,10,4,20,1,8,0,0.076929
1,10,1,160,1,4,16,0,0.516179
1,50,32,1,8,8,1,0,0.512129
1,1,50,64,8,1,4,0,0.753032
1,160,1,5,4,32,1,0,0.023165
1,1,32,20,10,4,4,0,0.07824
1,8,80,1,1,10,16,0,0.125604
1,8,200,2,2,16,1,0,0.752923
0,8,16,1,4,5,40,0,0.294758
1,2,16,50,1,4,16,0,0.51569
1,5,20,8,1,32,4,0,0.021087
1,10,8,40,2,2,8,0,0.752923
1,2,40,2,40,1,16,0,0.081681
1,4,20,10,16,4,2,0,0.025114
1,5,4,80,4,4,4,0,0.514582
1,160,4,1,4,8,5,0,0.078849
1,20,8,1,32,4,5,0,0.082529
1,200,2,2,8,16,1,0,0.019605
1,4,80,2,1,160,1,0,0.079455
1,2,5,20,2,64,4,0,0.021944
1,8,10,8,40,4,1,0,0.077357
1,1,16,10,2,5,64,0,0.081759
1,1,2,320,10,2,8,0,0.078522
1,1,50,32,1,2,32,0,0.51289
1,4,1,800,2,2,8,0,0.755845
1,160,1,2,40,2,4,0,0.08078
1,2,200,2,1,8,16,0,0.021025
1,10,16,4,10,1,16,0,0.079271
0,5,1,64,40,2,4,0,0.183246
0,32,2,5,5,2,32,0,0.179923
1,4,4,200,1,32,1,0,0.752863
1,1,2,64,5,16,10,0,0.240084
1,1,80,10,8,16,1,0,0.023263
1,2,10,8,5,32,4,0,0.081557
1,50,1,4,8,4,16,0,0.020684
1,400,2,2,2,8,4,0,0.514735
1,2,2,400,8,2,4,0,0.512395
1,50,2,2,256,2,1,0,0.025331
0,50,4,4,2,32,2,0,0.137004
0,8,10,20,16,2,2,0,0.550171
1,1,2,64,100,2,4,0,0.240713
1,4,4,20,8,10,4,0,0.080417
1,1,1,3200,2,8,2,0,0.756078
1,10,1,16,5,64,2,0,0.082168
1,10,20,2,4,2,32,0,0.0187
1,4,2,25,64,8,1,0,0.02115
1,5,80,8,4,1,8,0,0.75293
1,8,10,2,128,5,1,0,0.081503
1,2,2,80,10,4,8,0,0.08105
0,1,3200,1,4,4,2,0,0.770458
0,4,4,20,2,5,32,0,0.181604
1,16,2,20,160,1,1,0,0.078764
0,32,5,1,8,80,1,0,0.170668
1,100,1,8,2,1,64,0,0.017375
1,4,1,160,10,4,4,0,0.078974
1,8,2,50,1,8,16,0,0.025655
1,32,1,5,160,4,1,0,0.081609
1,20,1,16,20,4,4,0,0.081033
1,2,8,40,4,1,40,0,0.079161
1,8,1,16,1,32,25,0,0.240409
1,8,20,5,2,4,16,0,0.02379
1,32,4,5,4,40,1,0,0.078959
1,1,10,80,16,4,2,0,0.023452
1,1,5,40,1,8,64,0,0.022014
1,5,1,40,8,1,64,0,0.020982
1,80,1,20,4,4,4,0,0.514839
1,20,2,5,4,64,2,0,0.02207
1,40,5,2,4,32,2,0,0.020681
1,1,2,100,4,32,4,0,0.020801
1,32,4,1,1,50,16,0,0.251215
1,4,2,20,5,2,64,0,0.081734
1,32,50,2,1,2,16,0,0.75298
1,2,40,20,64,1,1,0,0.514663
0,8,4,5,10,32,2,0,0.170049
0,1,10,40,16,2,8,0,0.129317
0,64,1,2,2,100,4,0,0.296522
1,20,1,160,1,32,1,0,0.753822
1,2,64,1,32,1,25,0,0.240629
1,1,20,8,10,1,64,0,0.082039
0,160,1,10,4,4,4,0,0.550649
1,8,25,8,1,32,2,0,0.513329
1,1,16,8,200,2,2,0,0.240232
1,4,100,1,2,32,4,0,0.018692
1,8,20,1,128,5,1,0,0.081558
1,2,5,20,2,256,1,0,0.024019
1,1,4,100,2,32,4,0,0.024533
1,1,2,400,8,8,2,0,0.022516
1,160,10,1,1,64,1,0,0.513474
0,10,10,1,512,1,2,0,0.103688
0,1,4,32,5,40,4,0,0.297203
1,4,80,1,1,160,2,0,0.086911
0,8,20,5,2,2,32,0,0.133681
1,4,16,5,1,320,1,0,0.082307
0,20,1,40,4,8,4,0,0.133534
1,1,32,25,1,32,4,0,0.019758
1,5,8,5,2,128,2,0,0.016769
1,10,20,16,16,2,1,0,0.753021
1,2,4,16,50,1,16,0,0.240848
1,2,32,2,100,1,8,0,0.240854
0,160,5,4,32,1,1,0,0.771163
1,1,8,16,16,2,25,0,0.240414
1,8,40,2,2,5,16,0,0.077527
1,1,2,80,1,40,16,0,0.081355
1,2,2,40,5,32,4,0,0.082103
0,1,32,5,128,5,1,0,0.174963
1,5,16,10,4,8,4,0,0.021285
1,100,8,2,32,1,2,0,0.51404
1,8,100,2,1,64,1,0,0.512673
1,128,1,1,8,50,2,0,0.240702
1,4,200,2,1,8,8,0,0.513162
1,4,8,5,2,20,16,0,0.081903
0,1,40,20,8,16,1,0,0.134886
1,4,20,8,5,16,2,0,0.078112
0,4,32,1,4,200,1,0,0.296874
1,1,20,8,2,32,10,0,0.081459
1,8,50,2,1,4,32,0,0.02224
1,4,5,8,4,40,4,0,0.081732
1,4,40,4,1,5,32,0,0.078666
1,320,1,1,1,64,5,0,0.081309
0,2,4,20,32,20,1,0,0.170345
1,16,40,5,4,2,4,0,0.753172
1,8,10,10,2,2,32,0,0.020035
1,20,10,1,1,256,2,0,0.03296
1,40,1,4,32,20,1,0,0.082601
1,25,2,2,1024,1,1,0,0.019111
1,1,32,5,32,10,2,0,0.082726
0,8,8,2,5,5,32,0,0.299224
0,1,8,16,10,20,4,0,0.298155
0,10,16,20,8,1,4,0,0.770986
1,2,5,160,2,4,8,0,0.515872
1,10,5,2,8,64,2,0,0.011879
1,10,4,8,2,4,40,0,0.078889
1,8,5,4,8,4,20,0,0.081729
0,16,1,100,1,64,1,0,0.552441
1,40,10,1,1,64,4,0,0.041251
1,16,5,2,5,16,8,0,0.081348
1,2,5,320,1,32,1,0,0.75311
1,10,32,2,1,80,2,0,0.078866
1,8,25,4,64,2,1,0,0.021793
1,2,32,2,16,10,5,0,0.23971
0,2,8,25,4,16,4,0,0.123835
1,2,5,16,640,1,1,0,0.081931
1,1,1,640,10,2,8,0,0.079367
1,5,64,1,4,16,5,0,0.081169
1,2,8,40,40,4,1,0,0.07891
1,25,4,1,512,2,1,0,0.012322
1,20,4,8,10,16,1,0,0.078781
1,5,32,1,2,40,8,0,0.082992
1,2,50,2,16,2,16,0,0.024551
1,8,40,10,2,1,16,0,0.753081
1,1,4,160,4,8,5,0,0.079541
0,1,4,32,25,4,8,0,0.300067
0,4,50,2,8,32,1,0,0.131886
0,320,1,2,10,1,16,0,0.170491
0,2,1,160,5,16,4,0,0.180361
1,20,2,8,16,20,1,0,0.082353
1,20,32,5,16,2,1,0,0.75307
1,50,4,2,32,8,1,0,0.017899
1,1,4,32,100,2,4,0,0.240583
1,5,1,160,4,1,32,0,0.022758
1,64,2,1,20,5,8,0,0.240235
1,4,16,2,1,200,4,0,0.239934
1,16,40,1,2,5,16,0,0.079173
1,160,1,4,2,80,1,0,0.078815
1,2,1,200,4,1,64,0,0.018222
1,4,80,1,2,8,20,0,0.081148
0,10,32,2,2,10,8,0,0.170209
0,400,4,1,1,8,8,0,0.546801
1,8,20,2,4,8,10,0,0.081189
1,1,5,320,4,2,8,0,0.514867
1,4,4,8,10,4,20,0,0.240657
0,1,5,128,2,20,4,0,0.168136
0,2,20,4,20,2,16,0,0.172183
0,128,5,1,1,4,40,0,0.168664
0,1,64,2,100,8,1,0,0.300282
1,16,5,2,2,64,5,0,0.080612
0,40,4,2,1,20,16,0,0.180899
0,5,8,8,16,10,2,0,0.180524
1,2,50,16,2,32,1,0,0.514215
1,16,1,10,40,4,4,0,0.081162
1,2,5,32,160,2,1,0,0.082084
1,32,50,1,1,4,16,0,0.531387
0,160,5,4,1,32,1,0,0.7712
1,5,16,8,1,4,40,0,0.077276
0,4,25,4,8,2,16,0,0.13532
1,1,1600,1,8,4,2,0,0.514098
1,4,40,4,8,5,4,0,0.079007
1,80,4,1,2,16,10,0,0.080405
1,8,20,10,2,4,8,0,0.513379
1,5,2,10,8,2,64,0,0.018496
1,10,1,16,80,1,8,0,0.082097
1,8,1,50,4,16,4,0,0.01624
0,2,1,320,1,40,4,0,0.173913
1,16,4,2,5,40,4,0,0.250511
0,2,1,50,32,4,8,0,0.103355
1,10,1,320,8,1,4,0,0.753144
1,100,1,1,2,16,32,0,0.011749
1,1,1,3200,1,32,1,0,0.753056
1,8,2,10,32,4,5,0,0.081824
1,5,40,8,4,2,8,0,0.51411
1,5,4,16,16,5,4,0,0.118575
1,32,5,20,2,16,1,0,0.753083
1,2,1,80,32,1,20,0,0.081821
1,1,20,8,2,40,8,0,0.080768
1,160,2,1,20,4,4,0,0.082184
1,8,1,16,50,16,1,0,0.240501
1,5,2,20,4,64,2,0,0.025338
1,4,1,40,8,5,16,0,0.081775
1,10,4,16,80,1,2,0,0.079289
1,2,40,4,4,5,16,0,0.081042
0,16,25,2,1,128,1,0,0.134166
1,10,16,1,16,40,1,0,0.081822
1,25,64,1,1,1,64,0,0.514299
1,32,5,10,1,8,8,0,0.513914
1,4,25,2,32,16,1,0,0.024177
1,1,64,5,8,40,1,0,0.082011
0,32,1,5,64,1,10,0,0.167777
0,1,10,80,8,8,2,0,0.127903
0,4,400,1,2,2,16,0,0.549578
1,1,80,10,1,8,16,0,0.020063
1,50,1,64,2,4,4,0,0.752956
1,5,64,1,16,5,4,0,0.081117
0,5,1,64,1,40,8,0,0.177558
1,4,2,25,8,64,1,0,0.021598
1,10,8,4,16,1,20,0,0.082158
1,5,1,32,2,80,4,0,0.081858
1,2,40,8,16,5,2,0,0.077783
1,10,4,8,10,4,8,0,0.080241
1,5,2,20,4,16,8,0,0.020481
0,1,8,25,4,64,2,0,0.128649
0,2,40,2,4,8,20,0,0.17266
0,25,32,2,4,8,2,0,0.549675
1,1,25,4,2,128,4,0,0.018531
1,1,64,50,4,1,8,0,0.75314
1,5,32,1,4,16,10,0,0.081311
1,5,16,4,2,10,16,0,0.079332
1,2,320,1,8,10,2,0,0.078861
0,5,8,8,2,80,2,0,0.183458
0,10,64,1,1,16,10,0,0.165459
1,5,128,1,8,10,2,0,0.079148
1,10,4,5,1,512,1,0,0.020573
1,640,5,1,4,4,2,0,0.757557
1,64,1,10,10,2,8,0,0.079181
1,2,10,40,4,16,2,0,0.018287
1,2,80,4,10,1,16,0,0.078573
1,4,40,2,160,2,1,0,0.078541
1,1,4,32,1,25,32,0,0.240911
1,4,5,160,16,2,1,0,0.752903
1,4,4,8,160,5,1,0,0.240798
1,2,10,32,1,40,4,0,0.079789
1,1,8,16,10,2,40,0,0.240859
1,2,8,25,8,2,16,0,0.018901
1,20,20,4,2,8,4,0,0.514379
0,1,8,20,40,2,8,0,0.174184
0,1,1600,2,1,16,2,0,0.770874
1,10,10,1,4,64,4,0,0.012838
1,160,2,1,5,4,16,0,0.081591
1,1,1,320,8,20,2,0,0.081167
1,1,5,128,20,8,1,0,0.079013
1,2,2,25,32,4,8,0,0.018445
1,2,20,4,1,40,16,0,0.081842
1,2,4,20,2,32,10,0,0.081043
1,2,8,8,2,8,50,0,0.240802
1,25,2,8,4,64,1,0,0.022784
1,1,16,20,10,4,8,0,0.080396
1,2,25,4,4,32,4,0,0.021045
1,40,2,8,5,32,1,0,0.077262
1,8,50,2,4,4,8,0,0.024568
1,4,80,2,8,20,1,0,0.078137
1,8,2,20,16,1,20,0,0.082345
1,4,4,20,5,1,64,0,0.081236
1,10,5,2,1,64,16,0,0.012233
1,400,4,1,4,2,8,0,0.514005
1,5,32,5,1,64,2,0,0.022369
1,8,20,5,2,1,64,0,0.020259
1,16,4,5,2,10,16,0,0.081152
1,16,50,1,16,4,2,0,0.0211
1,80,10,4,4,1,8,0,0.752932
1,2,16,5,16,5,8,0,0.08193
1,20,2,8,10,2,16,0,0.0822
1,4,200,4,1,1,32,0,0.753038
1,1,32,5,4,80,2,0,0.081137
1,64,10,1,16,1,10,0,0.077325
1,400,1,1,1,256,1,0,0.020935
1,10,2,40,1,32,4,0,0.022231
1,25,16,2,1,16,8,0,0.024576
1,2,2,160,1,10,16,0,0.079195
1,10,4,8,16,20,1,0,0.081812
1,4,5,8,1,10,64,0,0.07735
1,5,1,640,4,4,2,0,0.753111
1,5,20,32,1,32,1,0,0.752967
1,1,40,8,1,8,40,0,0.081089
1,2,50,2,1,512,1,0,0.024306
1,16,1,20,5,2,32,0,0.078775
1,1,25,64,2,16,2,0,0.515763
1,4,2,16,800,1,1,0,0.240331
1,32,25,2,8,4,2,0,0.515113
1,8,2,20,20,8,2,0,0.081389
1,100,2,16,1,16,2,0,0.752881
1,20,20,1,1,64,4,0,0.044492
1,1,4,40,16,2,20,0,0.077224
1,10,8,2,1,80,8,0,0.076477
1,2,32,5,4,80,1,0,0.080711
1,1,200,1,8,32,2,0,0.0245
1,10,80,1,1,2,64,0,0.04723
1,320,10,1,4,2,4,0,0.753045
1,640,1,1,32,1,5,0,0.078258
1,40,20,2,16,4,1,0,0.515138
1,40,5,1,64,4,2,0,0.012884
1,2,16,5,2,32,10,0,0.081439
1,1,5,20,8,32,4,0,0.012876
1,20,40,1,1,128,1,0,0.020971
1,2,80,2,8,4,10,0,0.081879
1,16,2,25,8,2,8,0,0.022309
1,10,64,1,8,2,10,0,0.078929
1,20,2,16,16,10,1,0,0.077977
1,4,200,4,1,32,1,0,0.752958
1,4,10,10,64,1,4,0,0.024653
1,4,32,1,8,10,10,0,0.240338
1,160,2,1,16,2,10,0,0.080938
0,16,2,5,640,1,1,0,0.171001
1,2,10,8,80,2,4,0,0.076692
0,1,64,10,20,4,2,0,0.172481
1,40,4,1,20,4,8,0,0.081106
1,10,4,80,1,2,16,0,0.753147
1,40,5,2,64,2,2,0,0.021258
1,16,8,1,2,16,25,0,0.240425
1,4,4,10,16,5,8,0,0.081514
1,50,1,16,32,4,1,0,0.01824
1,8,5,10,1,8,32,0,0.021191
1,5,1,32,40,2,8,0,0.081716
1,5,4,40,4,2,16,0,0.019246
1,5,64,1,2,4,40,0,0.118763
1,160,1,1,1,160,4,0,0.081184
1,4,5,5,128,1,8,0,0.018736
1,40,1,80,2,2,8,0,0.75311
1,5,5,64,4,2,8,0,0.515055
0,10,20,1,2,8,32,0,0.123334
0,160,10,1,4,8,2,0,0.549582
1,1,400,1,32,2,4,0,0.021299
1,1,32,20,20,4,2,0,0.078159
1,10,20,2,16,8,2,0,0.019042
1,16,2,4,5,5,32,0,0.2406
1,16,50,2,2,16,2,0,0.5138
0,160,1,20,8,1,4,0,0.771081
1,1,4,25,128,8,1,0,0.019205
1,2,32,2,20,5,8,0,0.240613
1,20,40,4,4,2,4,0,0.752881
1,20,8,5,4,4,8,0,0.020875
1,10,20,8,1,64,1,0,0.515619
1,5,16,5,4,2,32,0,0.021716
1,1,200,16,4,2,4,0,0.755823
1,4,2,80,80,1,2,0,0.079064
0,1,32,20,1,4,40,0,0.171286
1,10,16,4,4,10,4,0,0.079403
1,1,8,20,20,1,32,0,0.081113
1,16,8,5,1,10,16,0,0.077938
1,16,10,20,8,2,2,0,0.753035
1,16,8,5,5,8,4,0,0.078514
1,2,64,1,4,25,8,0,0.240654
1,32,2,2,8,2,50,0,0.240532
1,8,1,200,1,1,64,0,0.514008
0,20,2,4,5,2,64,0,0.171206
1,10,20,1,8,2,32,0,0.057166
1,10,8,8,5,1,32,0,0.078437
1,4,2,50,32,2,4,0,0.019983
1,10,5,8,32,8,1,0,0.018066
1,8,4,10,5,8,8,0,0.080564
1,2,25,8,64,2,2,0,0.018518
1,10,1,32,4,4,20,0,0.079547
1,50,4,16,2,4,4,0,0.753053
1,4,8,5,10,32,2,0,0.082229
1,20,20,4,2,1,32,0,0.515323
1,2,4,16,8,100,1,0,0.240212
1,80,2,2,4,20,4,0,0.08113
0,100,4,2,1,2,64,0,0.135082
0,2,40,40,2,8,2,0,0.770785
1,1,50,4,128,4,1,0,0.025042
1,1,10,160,1,8,8,0,0.513339
1,10,1,32,2,4,40,0,0.08128
1,32,4,5,4,2,20,0,0.079004
1,8,10,4,4,80,1,0,0.080989
0,20,20,2,2,16,4,0,0.126953
1,32,5,1,160,4,1,0,0.081478
1,2,80,4,5,16,2,0,0.077928
1,4,1,200,1,4,32,0,0.022096
1,20,8,2,320,1,1,0,0.081118
0,128,1,5,20,4,2,0,0.178425
0,2,5,80,1,64,2,0,0.132697
1,25,128,1,4,1,8,0,0.752862
0,2,2,100,256,1,1,0,0.130487
0,32,10,2,20,8,1,0,0.174562
1,10,1,10,1,128,8,0,0.011322
0,10,1,10,1,128,8,0,0.100579
1,25,1,4,256,4,1,0,0.060537
1,160,5,4,32,1,1,0,0.75312
1,1,4,800,1,32,1,0,0.753057
1,64,5,1,16,5,4,0,0.079587
1,1,100,1,16,2,32,0,0.019091
1,5,16,8,40,4,1,0,0.078446
1,40,4,5,1,16,8,0,0.024344
1,1,200,1,64,4,2,0,0.02415
1,32,4,1,4,20,10,0,0.240326
1,5,2,32,4,10,8,0,0.080427
1,8,16,1,8,20,5,0,0.240227
1,1,128,5,10,1,16,0,0.094467
1,80,1,2,128,5,1,0,0.081787
1,10,20,1,1,8,64,0,0.038915
1,1,16,10,10,2,32,0,0.08161
1,16,10,1,2,20,16,0,0.082209
1,1,32,4,40,4,5,0,0.240244
1,64,5,2,4,10,4,0,0.078069
1,40,1,20,32,4,1,0,0.023443
1,32,10,2,8,20,1,0,0.077892
1,20,2,16,4,1,40,0,0.078089
1,25,2,32,1,16,4,0,0.515337
0,8,25,1,8,16,4,0,0.129732
1,20,2,80,4,8,1,0,0.753074
1,1,1,200,128,1,4,0,0.019314
1,20,2,5,4,32,4,0,0.020472
1,8,5,8,2,8,20,0,0.080932
1,320,1,1,1,32,10,0,0.080904
1,2,40,4,10,2,16,0,0.081159
1,1,3200,1,1,32,1,0,0.753043
1,8,8,2,25,4,8,0,0.240847
1,16,5,8,2,16,5,0,0.076412
1,160,2,10,2,4,4,0,0.753179
1,8,5,80,8,2,2,0,0.754142
1,10,16,10,2,16,2,0,0.513287
1,16,2,10,320,1,1,0,0.081028
1,16,10,5,16,4,2,0,0.033423
0,2,10,8,20,2,16,0,0.171017
1,10,2,5,1,1024,1,0,0.012121
1,1,2,100,8,2,32,0,0.020896
1,2,10,80,32,1,2,0,0.51616
1,1,100,4,4,2,32,0,0.018045
1,4,50,4,2,32,2,0,0.025097
1,2,8,100,1,16,4,0,0.516022
1,80,1,8,10,16,1,0,0.07858
1,16,4,5,32,2,5,0,0.081516
1,4,2,400,2,1,16,0,0.753027
1,2,80,1,16,10,4,0,0.081877
1,16,50,2,4,8,2,0,0.514828
1,2,8,8,2,400,1,0,0.240234
1,1,800,1,1,8,16,0,0.020316
1,4,16,2,10,40,2,0,0.240231
0,16,1,8,5,160,1,0,0.298915
1,1,200,4,16,8,1,0,0.022636
1,200,4,4,2,4,4,0,0.7532
1,8,5,80,4,2,4,0,0.752843
1,1,1,640,16,2,5,0,0.079416
0,64,25,1,2,1,32,0,0.54926
0,8,5,16,5,4,8,0,0.175305
0,4,4,8,1,200,4,0,0.301562
1,16,5,20,2,2,16,0,0.518542
1,1,160,4,1,5,32,0,0.077709
0,4,16,50,2,4,4,0,0.770986
1,16,2,20,1,80,2,0,0.077813
0,5,320,1,1,64,1,0,0.548654
1,160,1,10,16,2,2,0,0.515134
1,64,10,5,1,2,16,0,0.752827
1,1,320,1,32,10,1,0,0.080857
1,1,4,160,40,4,1,0,0.07634
1,160,2,2,4,4,10,0,0.078455
0,2,20,4,16,4,10,0,0.170809
1,10,2,40,32,2,2,0,0.02066
0,2,16,10,8,40,1,0,0.173232
0,64,10,1,2,5,16,0,0.175864
0,1,128,1,5,20,8,0,0.298557
1,10,64,5,16,2,1,0,0.753022
1,1,4,160,40,2,2,0,0.078004
1,10,20,2,4,64,1,0,0.015714
0,64,1,2,16,1,50,0,0.296902
0,10,1,16,1,10,64,0,0.173481
1,1,10,20,16,8,4,0,0.017454
1,1,10,320,4,8,1,0,0.753079
1,50,1,8,32,2,4,0,0.019024
1,5,2,32,16,20,1,0,0.080703
1,800,2,2,1,8,4,0,0.752949
0,2,2,25,8,128,1,0,0.109066
1,5,8,8,40,1,8,0,0.081173
1,40,10,1,64,1,4,0,0.020997
1,4,16,10,8,20,1,0,0.078688
1,8,10,20,16,2,2,0,0.515122
0,2,2,80,10,4,8,0,0.180993
1,10,8,4,2,40,4,0,0.081401
1,80,1,4,5,2,32,0,0.082114
1,8,40,1,10,4,8,0,0.124271
1,8,8,5,2,20,8,0,0.079883
1,8,2,40,16,10,1,0,0.079262
0,4,1,25,8,128,1,0,0.100686
0,16,2,20,160,1,1,0,0.17427
0,25,2,4,4,64,2,0,0.131696
1,1,40,5,8,4,16,0,0.03279
1,1,5,320,1,64,1,0,0.514355
1,1,5,32,40,2,8,0,0.081149
0,8,1,16,1,32,25,0,0.297608
0,10,5,2,128,1,8,0,0.104158
0,32,4,5,4,40,1,0,0.168997
1,200,8,2,1,16,2,0,0.753071
1,16,1,8,2,100,4,0,0.240221
1,1,5,64,16,5,4,0,0.081182
1,160,1,5,128,1,1,0,0.020736
1,5,20,2,4,8,16,0,0.020915
1,5,16,4,160,2,1,0,0.081099
0,1,2,100,4,32,4,0,0.123649
1,40,20,1,16,1,8,0,0.025415
0,10,1,16,1,640,1,0,0.175985
1,64,1,2,2,100,4,0,0.240614
1,160,1,10,4,4,4,0,0.51542
1,20,16,10,4,4,2,0,0.753015
0,80,8,1,32,1,5,0,0.176367
1,1,128,1,16,2,25,0,0.24009
1,8,5,5,32,2,8,0,0.020961
1,4,2,100,16,8,1,0,0.022755
1,5,1,20,1,32,32,0,0.051015
1,2,20,20,32,1,4,0,0.031175
0,1,40,4,5,32,4,0,0.169237
1,20,1,40,4,8,4,0,0.019422
0,10,1,80,8,8,2,0,0.136462
1,2,4,200,2,4,8,0,0.515153
0,16,4,2,4,5,40,0,0.298358
1,2,200,1,64,1,4,0,0.022404
1,4,2,20,16,40,1,0,0.081947
1,4,2,20,8,80,1,0,0.081984
1,4,16,2,16,10,5,0,0.240442
0,10,80,2,2,8,4,0,0.549934
1,40,5,16,2,4,4,0,0.753048
1,1,2,160,5,32,2,0,0.082453
1,16,4,5,16,4,5,0,0.081157
1,4,32,1,4,200,1,0,0.240359
1,1,50,32,8,4,2,0,0.515734
1,4,16,2,1,40,20,0,0.240645
1,8,1,40,64,5,1,0,0.081245
1,8,5,5,16,32,1,0,0.021385
1,5,5,16,2,64,2,0,0.01854
1,50,1,2,512,1,2,0,0.010878
1,1,5,32,20,8,4,0,0.081296
1,80,4,1,2,10,16,0,0.079489
1,1,32,4,5,160,1,0,0.240531
1,40,1,4,5,4,32,0,0.081512
1,2,16,4,20,4,10,0,0.239965
1,20,16,1,5,1,64,0,0.082093
1,1,2,400,16,1,8,0,0.019735
1,800,2,1,4,8,2,0,0.515519
1,4,5,8,80,8,1,0,0.08105
1,1,8,100,4,16,2,0,0.016338
1,10,1,20,32,1,16,0,0.016808
1,1,20,16,4,4,20,0,0.080592
1,5,1,32,40,8,2,0,0.081863
1,8,2,20,8,40,1,0,0.080488
1,1,2,160,8,10,4,0,0.081483
1,1,64,25,1,16,4,0,0.518215
1,2,1,160,80,1,4,0,0.079447
1,2,1,80,10,16,4,0,0.080528
1,32,10,5,2,16,2,0,0.516
1,16,5,8,20,2,4,0,0.077723
1,100,8,1,2,1,64,0,0.020404
1,20,1,8,16,2,20,0,0.08178
1,8,16,1,4,8,25,0,0.239651
1,10,2,8,2,320,1,0,0.081348
1,8,8,10,80,1,2,0,0.077906
0,50,1,2,512,1,2,0,0.101828
1,2,25,8,8,32,1,0,0.017677
1,16,10,4,2,16,5,0,0.079718
1,2,10,16,16,2,10,0,0.080821
1,2,200,2,16,1,8,0,0.023516
1,1,10,10,8,2,64,0,0.019179
1,4,2,100,1,64,2,0,0.01688
1,16,20,1,64,5,1,0,0.081085
1,1,40,5,4,16,8,0,0.02494
1,1,40,5,64,1,8,0,0.02158
1,32,4,1,1,40,20,0,0.251173
1,50,1,4,8,64,1,0,0.020447
1,32,1,20,20,4,2,0,0.078398
1,4,5,8,64,1,10,0,0.081281
1,4,80,2,16,10,1,0,0.077937
1,10,320,1,4,8,1,0,0.753099
1,32,2,2,5,5,32,0,0.240447
1,8,2,8,40,1,20,0,0.240348
1,5,10,32,4,4,4,0,0.512939
1,2,10,32,5,2,16,0,0.121224
1,1,10,320,1,4,8,0,0.753052
1,2,5,160,1,32,2,0,0.515084
1,10,4,8,4,5,16,0,0.080777
1,1,8,16,80,5,2,0,0.240466
1,160,2,1,40,1,8,0,0.081521
1,1,800,2,8,1,8,0,0.513835
1,1,20,160,16,1,2,0,0.753083
1,10,64,1,40,2,2,0,0.077973
1,1,20,10,1,32,16,0,0.06543
1,40,4,1,2,5,64,0,0.081236
1,2,32,50,1,8,4,0,0.753027
1,1,1,800,64,1,2,0,0.01905
1,50,4,16,2,1,16,0,0.75294
1,4,2,400,8,4,1,0,0.75299
1,4,16,2,2,50,8,0,0.239633
1,2,1,80,20,2,16,0,0.080841
1,40,2,8,4,8,5,0,0.078638
1,16,2,5,40,8,2,0,0.081439
1,32,50,1,2,4,8,0,0.515668
1,10,2,16,8,10,4,0,0.083466
1,40,10,4,2,32,1,0,0.513386
1,160,1,4,1,20,8,0,0.078718
1,5,8,40,2,16,2,0,0.514957
1,200,8,1,2,32,1,0,0.513656
1,40,4,4,8,1,20,0,0.082626
0,2,2,50,2,256,1,0,0.128671
1,50,2,32,16,2,1,0,0.753002
1,2,160,1,4,4,20,0,0.08093
1,20,2,8,10,16,2,0,0.081821
1,400,1,2,4,8,4,0,0.023502
1,10,160,1,1,4,16,0,0.530978
1,10,16,10,2,32,1,0,0.515002
1,1,160,2,1,320,1,0,0.081666
1,1,64,25,1,8,8,0,0.513093
1,25,4,4,2,16,8,0,0.02317
1,8,1,25,4,4,32,0,0.02168
1,80,2,1,1,64,10,0,0.102609
1,5,2,64,20,4,2,0,0.078312
1,25,16,2,8,2,8,0,0.020186
1,8,5,16,8,2,10,0,0.077614
1,16,8,5,4,4,10,0,0.078362
1,1,128,1,160,5,1,0,0.240623
1,1,1,320,1,320,1,0,0.080864
1,16,2,10,4,4,20,0,0.081239
1,100,2,2,64,4,1,0,0.018415
1,64,2,1,2,80,5,0,0.240595
1,1,200,2,1,128,2,0,0.014355
1,20,32,5,2,8,2,0,0.752945
1,50,64,1,2,8,2,0,0.759274
1,2,2,100,16,8,2,0,0.021945
1,1,80,4,20,16,1,0,0.081405
1,64,50,1,8,1,4,0,0.753175
1,4,80,1,10,32,1,0,0.08181
1,25,2,2,2,8,64,0,0.018688
1,5,2,10,8,64,2,0,0.019343
1,1,4,400,2,1,32,0,0.512836
1,2,400,4,16,1,2,0,0.752939
1,10,40,2,128,1,1,0,0.0217
1,64,50,1,1,4,8,0,0.753704
1,16,5,2,4,4,40,0,0.080586
1,2,50,8,4,8,4,0,0.031173
1,1,800,1,32,4,1,0,0.024612
1,10,8,5,8,8,4,0,0.018946
1,8,8,10,20,8,1,0,0.079637
1,2,10,10,64,4,2,0,0.020668
1,40,8,1,10,4,8,0,0.082016
1,10,2,32,4,4,10,0,0.078435
0,64,5,1,8,40,1,0,0.180516
1,4,1,32,8,10,10,0,0.240685
0,320,1,1,64,1,5,0,0.177801
0,40,20,1,2,64,1,0,0.136669
0,2,5,160,2,4,8,0,0.55069
1,2,32,50,1,32,1,0,0.753079
1,1,20,20,1,4,64,0,0.022886
1,4,10,4,40,8,2,0,0.081099
1,20,4,10,16,1,8,0,0.021762
1,1,5,80,2,16,8,0,0.022137
1,10,2,8,2,20,16,0,0.081993
0,1,4,32,40,10,2,0,0.296092
0,2,2,100,2,64,2,0,0.127066
1,4,20,5,1,128,2,0,0.020067
1,4,50,2,8,32,1,0,0.018061
0,20,2,16,4,1,40,0,0.173006
1,5,2,20,4,2,64,0,0.021037
1,1,80,4,64,1,5,0,0.081867
1,160,1,5,32,4,1,0,0.019671
1,50,2,2,16,2,16,0,0.02188
0,20,2,8,16,20,1,0,0.181948
0,1,2,160,16,5,4,0,0.173864
1,4,25,1,16,8,8,0,0.011681
1,1,5,40,64,1,8,0,0.021952
1,5,1,128,1,10,16,0,0.077516
1,5,64,2,5,2,16,0,0.077556
0,4,80,1,2,8,20,0,0.179347
0,10,10,32,1,32,1,0,0.771055
0,8,2,10,40,2,8,0,0.168825
1,40,4,2,1,20,16,0,0.080334
1,8,1,100,16,4,2,0,0.022183
0,1,1,800,2,1,64,0,0.136304
1,40,8,1,2,32,5,0,0.081299
1,16,10,20,2,2,8,0,0.753018
1,4,20,4,16,20,1,0,0.118857
1,5,16,20,2,2,16,0,0.513125
1,1,40,4,2,80,4,0,0.081102
0,64,1,10,32,5,1,0,0.175735
1,5,40,1,32,16,1,0,0.041828
1,5,8,8,2,8,20,0,0.082211
1,80,40,1,8,2,2,0,0.752894
1,2,80,2,20,4,4,0,0.079301
1,20,8,4,80,1,2,0,0.078306
1,2,320,1,20,2,4,0,0.077077
1,5,5,4,2,8,64,0,0.01899
1,2,32,5,2,5,32,0,0.079079
1,5,8,8,2,4,40,0,0.081143
1,200,8,1,8,1,8,0,0.51585
1,32,1,4,400,1,2,0,0.240588
1,1,100,16,2,4,8,0,0.515645
1,5,4,40,32,2,2,0,0.023717
1,4,32,1,50,4,4,0,0.240131
1,40,1,4,5,32,4,0,0.081235
0,4,4,8,4,25,8,0,0.295902
0,16,20,1,10,32,1,0,0.180209
1,4,8,20,2,8,10,0,0.077834
1,16,40,1,1,80,2,0,0.078887
1,4,4,25,1,4,64,0,0.019248
1,4,8,5,128,5,1,0,0.08025
1,4,1,400,1,8,8,0,0.515233
1,4,80,1,10,8,4,0,0.082133
1,1,80,2,8,4,20,0,0.08235
1,2,5,80,16,2,4,0,0.020911
1,32,5,4,16,10,1,0,0.07888
1,4,1,50,2,128,2,0,0.021264
1,128,1,1,800,1,1,0,0.240074
1,40,4,5,4,1,32,0,0.025179
1,32,1,4,1,16,50,0,0.240791
1,8,20,1,5,32,4,0,0.080874
1,2,5,40,2,128,1,0,0.02154
1,40,4,2,2,8,20,0,0.081795
1,16,4,25,32,1,2,0,0.51228
1,16,1,8,8,10,10,0,0.240662
1,1,32,4,8,20,5,0,0.240476
1,4,20,10,1,8,16,0,0.019283
1,1,20,80,1,4,16,0,0.513764
1,100,1,1,1,32,32,0,0.011433
1,10,1,40,32,1,8,0,0.018545
1,16,8,1,10,40,2,0,0.240763
1,10,40,2,4,2,16,0,0.02623
1,5,20,4,256,1,1,0,0.018135
1,40,1,8,5,1,64,0,0.080906
1,1,2,160,5,1,64,0,0.081552
1,400,4,2,1,8,4,0,0.75295
1,10,4,4,1,320,2,0,0.077995
1,1,320,10,1,8,4,0,0.752985
0,32,2,25,2,16,2,0,0.549847
1,10,5,4,8,2,32,0,0.020328
1,4,1,40,16,40,1,0,0.081394
1,50,32,2,2,16,1,0,0.753072
1,2,10,16,80,4,1,0,0.08203
1,2,16,4,1,25,32,0,0.240407
1,4,4,40,10,2,8,0,0.078584
1,50,32,2,8,1,4,0,0.752942
1,2,40,4,2,4,40,0,0.081593
1,32,25,2,1,64,1,0,0.51503
1,8,2,8,40,20,1,0,0.240788
1,1,5,32,16,4,10,0,0.080911
1,2,80,4,16,10,1,0,0.078045
1,2,25,4,2,4,64,0,0.021567
1,2,8,20,1,10,32,0,0.080718
0,200,1,4,1,64,2,0,0.135814
1,1,64,2,2,40,10,0,0.240619
1,1,16,10,1,16,40,0,0.078258
1,16,8,1,16,1,50,0,0.240379
1,5,64,2,2,4,20,0,0.076685
1,16,8,1,50,8,2,0,0.240987
1,2,10,32,160,1,1,0,0.121554
1,1,8,50,16,1,16,0,0.017813
1,5,64,2,10,16,1,0,0.077376
1,100,8,4,2,8,2,0,0.752906
1,25,2,2,2,64,8,0,0.011912
1,10,4,4,10,32,2,0,0.077753
1,50,16,4,8,4,1,0,0.75305
1,8,40,2,4,2,20,0,0.079151
1,10,1,16,32,10,2,0,0.081932
1,32,50,2,2,1,16,0,0.753034
1,16,2,4,200,1,4,0,0.240264
1,1,64,10,40,2,2,0,0.07945
1,2,2,32,20,4,10,0,0.240808
1,1,5,80,8,2,16,0,0.023495
1,1,5,128,4,20,2,0,0.085248
1,10,20,2,1,8,32,0,0.022423
1,4,40,10,8,2,4,0,0.51529
1,160,2,1,1,320,1,0,0.081363
1,20,80,1,1,32,2,0,0.510105
1,128,1,1,10,8,10,0,0.2406
1,1,200,16,4,8,1,0,0.752985
1,2,800,1,64,1,1,0,0.513983
1,1,2,160,10,4,8,0,0.079889
1,4,1,200,16,8,1,0,0.024442
1,1,16,8,50,8,2,0,0.240822
1,4,200,2,4,1,16,0,0.515508
1,2,80,20,1,16,2,0,0.75285
1,16,5,40,2,1,16,0,0.752899
1,4,10,4,1,64,10,0,0.081176
1,4,1,32,40,20,1,0,0.240815
1,4,25,1,8,4,32,0,0.019153
1,4,2,50,32,1,8,0,0.018033
0,8,8,25,1,64,1,0,0.550029
1,8,2,8,8,100,1,0,0.240356
1,20,8,2,16,5,4,0,0.081894
1,2,32,10,2,10,8,0,0.079129
1,64,2,1,32,5,5,0,0.240907
0,1,8,400,2,16,1,0,0.771045
1,16,1,40,10,2,8,0,0.078725
1,4,4,8,5,40,4,0,0.240267
1,1,2,64,25,16,2,0,0.240755
1,16,4,10,4,5,8,0,0.078649
1,5,20,1,2,512,1,0,0.019211
1,4,16,2,50,2,8,0,0.240252
0,4,50,1,16,16,2,0,0.128287
1,80,10,4,2,4,4,0,0.75301
1,1,10,80,4,4,8,0,0.01974
1,160,5,2,32,2,1,0,0.514243
1,8,16,1,50,1,16,0,0.240633
1,1,2,80,10,64,1,0,0.081153
1,16,50,1,1,128,1,0,0.021594
1,10,32,2,160,1,1,0,0.078519
1,5,4,5,32,4,8,0,0.01882
1,8,1,50,8,8,4,0,0.018515
0,8,1,16,50,16,1,0,0.29854
1,4,8,50,1,4,16,0,0.515653
1,80,2,5,8,2,8,0,0.0197
1,2,80,1,1,80,8,0,0.102009
0,40,5,2,64,1,4,0,0.130552
1,1,40,4,40,2,8,0,0.081528
1,10,20,1,64,4,2,0,0.021016
1,32,1,5,64,1,10,0,0.080992
0,320,1,1,16,20,1,0,0.179185
0,100,4,4,8,8,1,0,0.550719
1,2,100,1,1,16,32,0,0.035693
0,1,32,100,1,4,8,0,0.77097
0,4,2,25,8,64,1,0,0.130577
1,50,1,8,1,4,64,0,0.021318
1,5,2,20,16,2,16,0,0.020875
1,40,1,20,8,16,1,0,0.024543
1,10,4,4,4,40,4,0,0.082493
1,8,1,16,8,5,20,0,0.240226
0,2,320,1,8,10,2,0,0.166904
0,2,32,2,4,5,40,0,0.297838
1,2,50,1,128,8,1,0,0.010178
1,2,5,64,2,4,20,0,0.077427
1,20,2,8,4,16,5,0,0.119171
1,16,2,4,5,4,40,0,0.240894
0,4,5,5,128,1,8,0,0.103031
1,16,2,25,2,4,16,0,0.024364
0,5,640,1,1,32,1,0,0.771054
0,40,16,1,1,40,4,0,0.16149
1,4,5,5,16,2,32,0,0.019644
1,160,1,20,8,1,4,0,0.753053
1,8,16,1,5,8,20,0,0.240182
0,320,1,1,2,10,16,0,0.183623
0,40,4,5,4,2,16,0,0.133829
1,1,64,10,1,32,5,0,0.077212
1,8,20,1,4,16,10,0,0.082196
0,40,1,16,8,2,10,0,0.170583
0,16,2,5,2,320,1,0,0.172368
0,1,20,10,4,64,2,0,0.127575
1,5,4,40,8,4,4,0,0.035381
1,10,8,2,64,1,10,0,0.08119
0,2,160,10,2,2,8,0,0.770752
1,20,4,2,1,320,2,0,0.081828
1,20,4,4,1,16,20,0,0.081071
1,4,1,25,16,2,32,0,0.018612
0,4,8,5,10,32,2,0,0.169892
1,160,1,1,5,128,1,0,0.077848
0,8,2,40,8,2,10,0,0.168885
0,1,128,1,16,2,25,0,0.297077
1,10,64,1,2,2,40,0,0.077456
1,20,20,2,2,16,4,0,0.02088
1,320,5,2,4,1,8,0,0.753015
0,2,200,1,2,128,1,0,0.132378
0,16,10,1,1,40,16,0,0.155874
0,8,2,20,1,20,16,0,0.177789
0,4,20,8,4,2,20,0,0.175649
1,320,1,2,20,8,1,0,0.078576
1,64,5,10,2,8,2,0,0.756814
0,128,1,1,50,8,2,0,0.295979
0,8,2,50,8,8,2,0,0.132379
1,5,4,20,2,2,64,0,0.016658
1,16,4,50,1,8,4,0,0.752869
1,4,10,16,20,1,8,0,0.079156
0,2,32,10,40,1,4,0,0.173151
0,5,4,8,2,160,2,0,0.167578
1,4,4,8,1,200,4,0,0.240483
1,160,1,1,2,8,40,0,0.080583
0,2,8,8,5,16,10,0,0.29938
0,1,40,8,5,1,64,0,0.179754
1,8,20,1,4,80,2,0,0.08127
0,32,4,1,20,40,1,0,0.299183
1,8,8,10,4,2,20,0,0.078628
0,16,10,1,8,16,5,0,0.166311
1,64,10,1,2,5,16,0,0.077669
1,10,32,2,1,8,20,0,0.079115
0,4,4,8,4,100,2,0,0.29641
0,1,8,200,4,4,4,0,0.549127
0,1,16,20,1,32,10,0,0.182772
1,25,128,1,32,1,1,0,0.753096
1,10,2,16,20,16,1,0,0.080743
0,800,1,1,4,8,4,0,0.135756
0,20,8,2,4,2,40,0,0.178785
1,4,32,1,4,8,25,0,0.240394
1,8,1,16,10,8,10,0,0.240775
1,2,32,10,20,1,8,0,0.079346
0,10,8,4,2,40,4,0,0.17942
0,200,4,1,16,8,1,0,0.136551
1,4,1,25,8,128,1,0,0.019291
1,80,2,20,16,2,1,0,0.753101
1,25,2,4,4,64,2,0,0.021132
1,2,100,2,1,128,2,0,0.022316
1,80,8,1,2,8,10,0,0.07631
1,80,4,2,8,2,10,0,0.078342
1,1,80,5,64,4,1,0,0.018788
1,20,1,5,1,1024,1,0,0.019613
1,20,1,32,40,4,1,0,0.079413
1,16,20,2,20,4,2,0,0.080104
1,5,20,1,2,16,32,0,0.019559
1,16,4,10,80,2,1,0,0.078388
1,4,100,1,16,16,1,0,0.019679
1,2,8,10,4,32,5,0,0.08122
1,8,25,4,4,8,4,0,0.023756
1,2,100,1,2,4,64,0,0.021182
1,2,1,50,8,64,2,0,0.027952
1,4,20,4,1,5,64,0,0.080739
1,40,20,2,2,1,32,0,0.515138
1,2,16,50,4,16,1,0,0.514194
1,8,2,20,2,16,10,0,0.081164
1,1,128,1,100,2,4,0,0.250889
1,2,4,16,8,10,10,0,0.240407
1,10,16,10,8,4,2,0,0.513804
1,4,200,1,32,1,4,0,0.023432
1,160,1,2,8,8,5,0,0.081986
1,1,64,2,40,5,4,0,0.240183
1,1,200,4,4,8,4,0,0.021114
1,8,4,5,2,160,2,0,0.081907
1,2,1,64,1,160,5,0,0.240066
1,1,320,2,16,10,1,0,0.07808
1,2,80,1,40,8,2,0,0.080935
0,8,20,5,64,2,1,0,0.134006
1,16,10,1,5,64,2,0,0.08198
1,5,8,16,5,8,4,0,0.077456
1,5,8,4,64,1,10,0,0.081947
1,1,20,40,4,1,32,0,0.020987
1,80,5,1,8,16,2,0,0.019105
1,10,1,80,1,32,4,0,0.024093
1,4,4,8,2,10,40,0,0.240192
1,16,5,4,16,20,1,0,0.080298
1,50,4,1,8,8,8,0,0.020958
1,5,160,2,16,2,2,0,0.512316
1,10,8,2,8,10,8,0,0.081379
1,5,32,5,1,8,16,0,0.022424
1,2,16,50,8,4,2,0,0.515393
1,50,2,1,2,512,1,0,0.019697
1,32,2,5,8,10,4,0,0.081232
1,80,1,8,20,1,8,0,0.077833
1,10,160,2,2,1,16,0,0.756177
1,20,1,5,16,16,4,0,0.019129
1,2,100,1,2,128,2,0,0.021837
1,50,2,8,8,4,4,0,0.019272
1,1,5,32,4,20,8,0,0.081201
1,10,16,1,8,80,1,0,0.112331
1,4,1,80,2,40,4,0,0.080917
1,2,32,2,1,200,4,0,0.240437
1,100,2,8,8,2,4,0,0.514847
1,2,1,1600,16,1,2,0,0.753045
1,1,20,80,16,4,1,0,0.514208
1,5,8,8,40,2,4,0,0.081812
1,2,1,320,5,4,8,0,0.079458
1,4,1,100,32,2,4,0,0.022556
1,5,1,80,8,16,2,0,0.022301
1,1,160,10,8,1,8,0,0.513186
1,4,2,100,4,4,8,0,0.019654
1,5,5,4,4,32,8,0,0.018935
1,1,1,800,4,2,16,0,0.017662
1,4,200,2,4,8,2,0,0.515862
1,1,16,8,5,40,4,0,0.240664
0,40,20,1,16,1,8,0,0.142853
0,2,1,320,1,16,10,0,0.17149
1,2,2,32,20,10,4,0,0.240309
1,8,1,20,2,80,4,0,0.081357
1,25,8,2,2,4,32,0,0.015477
1,16,25,1,64,2,2,0,0.018239
1,2,320,1,1,32,5,0,0.100558
1,160,5,1,2,16,4,0,0.022062
1,1,160,10,2,4,8,0,0.526605
1,5,80,4,1,1,64,0,0.516365
1,2,32,5,2,10,16,0,0.080587
0,8,25,8,1,32,2,0,0.550517
1,5,64,1,8,8,5,0,0.080418
1,80,8,1,32,1,5,0,0.077561
1,5,160,1,1,16,8,0,0.070656
1,1,10,80,1,8,16,0,0.020213
1,20,160,1,1,2,16,0,0.754524
1,1,32,50,4,4,4,0,0.513601
1,20,4,4,16,5,4,0,0.11944
1,16,4,25,4,16,1,0,0.513225
1,4,20,10,2,4,16,0,0.023441
1,200,1,1,16,16,2,0,0.021647
1,2,10,16,10,16,2,0,0.081695
1,800,1,1,2,4,16,0,0.024298
1,50,16,4,4,4,2,0,0.753124
1,1,20,40,1,64,2,0,0.021506
1,4,32,25,4,4,2,0,0.752845
1,8,2,25,4,16,4,0,0.019018
1,80,2,4,4,8,5,0,0.078996
1,2,100,2,32,2,4,0,0.018875
1,10,10,1,512,1,2,0,0.020541
1,1,4,32,5,40,4,0,0.241087
0,16,5,4,64,1,5,0,0.184398
1,1,40,8,1,64,5,0,0.081668
0,320,1,1,4,20,4,0,0.18285
1,8,8,10,10,4,4,0,0.079496
1,50,4,1,512,1,1,0,0.021334
1,25,2,4,1,512,1,0,0.020849
1,5,64,1,160,1,2,0,0.081394
1,1,2,80,32,4,5,0,0.08253
1,16,2,10,2,10,16,0,0.081067
1,2,8,8,200,2,2,0,0.240191
1,2,25,8,8,8,4,0,0.020136
0,1,2,80,1,40,16,0,0.169707
1,40,5,4,2,2,32,0,0.021902
0,1,64,10,2,80,1,0,0.175098
1,100,1,4,2,32,4,0,0.021475
1,4,4,10,16,2,20,0,0.081588
1,200,1,1,128,4,1,0,0.021702
1,5,32,4,5,32,1,0,0.079282
1,2,10,10,4,64,2,0,0.024154
0,2,8,8,16,25,2,0,0.295642
1,128,1,5,32,5,1,0,0.078728
1,32,5,4,40,4,1,0,0.083053
1,32,5,1,10,32,2,0,0.081751
1,80,4,1,8,20,2,0,0.08131
0,2,400,4,2,16,1,0,0.771118
1,1,200,8,16,1,4,0,0.515732
1,5,4,5,16,4,16,0,0.011056
1,1,10,10,2,256,2,0,0.011624
1,5,4,160,16,1,2,0,0.752925
1,32,50,2,1,8,4,0,0.752855
1,20,16,1,2,40,4,0,0.080558
1,40,2,4,1,320,1,0,0.08157
1,2,20,4,128,5,1,0,0.081328
1,100,2,1,128,1,4,0,0.022995
1,1,800,2,2,4,8,0,0.51403
0,8,5,5,16,32,1,0,0.132565
1,5,64,10,1,32,1,0,0.753247
1,25,8,1,8,2,32,0,0.020959
1,25,2,2,2,16,32,0,0.019802
1,2,5,160,1,8,8,0,0.513312
1,8,1,100,1,128,1,0,0.021753
1,4,40,4,16,10,1,0,0.079076
1,25,8,8,2,2,16,0,0.513348
1,4,32,5,80,1,2,0,0.079205
0,2,1,100,16,1,32,0,0.132562
0,5,5,16,2,64,2,0,0.128821
1,8,1,50,16,2,8,0,0.018297
1,160,1,5,4,1,32,0,0.024819
1,1,4,40,4,10,16,0,0.081553
1,640,5,1,16,1,2,0,0.753156
1,2,160,1,2,5,32,0,0.08077
1,2,2,160,16,10,1,0,0.07794
1,80,1,4,80,4,1,0,0.080643
1,8,4,4,1,800,1,0,0.240933
1,32,25,1,32,4,1,0,0.0225
1,5,2,64,2,40,2,0,0.078472
1,1,8,80,1,8,20,0,0.07765
1,320,1,1,64,1,5,0,0.081064
1,20,4,2,2,40,8,0,0.081312
1,40,1,10,2,16,8,0,0.018164
1,40,2,40,4,2,4,0,0.752967
1,40,20,1,2,64,1,0,0.023001
1,8,2,40,1,80,2,0,0.078442
1,1,16,10,2,160,2,0,0.082217
1,4,1,32,1,16,50,0,0.240558
1,4,10,10,32,4,2,0,0.03068
1,10,4,4,20,8,4,0,0.077452
1,5,320,1,8,4,2,0,0.514768
1,1,16,50,8,1,16,0,0.025169
1,8,8,10,5,32,1,0,0.077486
1,40,8,1,2,40,4,0,0.081019
1,16,10,1,10,16,4,0,0.080695
1,4,8,4,200,1,4,0,0.240251
1,1,5,160,2,32,2,0,0.02044
1,32,10,1,4,10,8,0,0.08317
1,16,1,25,64,2,2,0,0.022685
1,5,1,64,8,2,20,0,0.081543
0,20,8,20,2,2,8,0,0.770463
1,1,4,32,40,10,2,0,0.240861
1,1,8,40,16,4,5,0,0.08355
1,40,4,4,1,10,16,0,0.07797
1,5,16,8,8,10,2,0,0.077344
1,8,2,40,10,16,1,0,0.078527
1,1,32,20,20,1,8,0,0.077791
1,50,1,16,32,2,2,0,0.020306
1,8,16,5,16,10,1,0,0.078705
1,80,4,1,5,32,2,0,0.080932
1,2,800,1,1,32,2,0,0.510895
1,8,1,100,4,4,8,0,0.020425
1,4,8,20,20,1,8,0,0.079027
1,2,80,4,1,160,1,0,0.077501
1,4,5,8,160,2,2,0,0.082
1,80,40,1,1,16,2,0,0.754526
1,5,4,16,2,20,8,0,0.0806
1,8,16,25,16,1,2,0,0.753135
1,4,2,25,64,1,8,0,0.02136
1,4,8,25,8,4,4,0,0.019195
1,80,2,2,4,2,40,0,0.080725
1,2,80,4,160,1,1,0,0.078626
1,20,8,5,16,8,1,0,0.023559
1,4,20,5,4,32,2,0,0.023079
1,8,16,5,2,80,1,0,0.085881
1,16,2,50,2,32,1,0,0.514227
1,2,10,5,128,1,8,0,0.01919
1,8,200,1,8,2,4,0,0.513264
1,8,1,16,20,4,10,0,0.240217
1,10,2,10,2,32,8,0,0.022329
0,20,16,10,1,2,16,0,0.770864
1,16,2,5,5,16,8,0,0.080898
0,160,1,2,8,4,10,0,0.179048
1,20,80,2,1,1,32,0,0.753014
1,2,400,2,2,2,16,0,0.514016
1,10,80,2,2,8,4,0,0.514888
1,16,10,4,20,2,4,0,0.12145
1,1,16,40,20,4,2,0,0.079218
1,2,5,64,4,20,2,0,0.079056
1,2,50,2,64,4,2,0,0.016772
1,200,8,2,4,2,4,0,0.753006
1,1,80,4,2,4,40,0,0.081353
1,320,1,2,16,2,5,0,0.079197
1,10,64,1,20,1,8,0,0.078121
1,5,64,5,1,16,4,0,0.514604
1,2,64,1,40,4,5,0,0.241087
1,40,10,4,1,32,2,0,0.51386
1,5,320,1,2,32,1,0,0.514865
1,4,40,4,8,20,1,0,0.078567
1,40,2,2,5,16,8,0,0.082161
1,16,4,2,10,8,10,0,0.240519
1,8,1,40,1,5,64,0,0.080324
1,20,8,1,32,1,20,0,0.081847
1,1,1,400,4,1,64,0,0.018354
1,1,160,1,20,32,1,0,0.081646
1,4,1,40,32,4,5,0,0.080263
1,1,40,4,5,2,64,0,0.077486
1,32,1,10,10,16,2,0,0.081031
1,5,2,16,2,160,2,0,0.080523
1,25,2,4,64,2,4,0,0.020618
1,8,1,200,8,1,8,0,0.51475
1,1,50,2,4,8,32,0,0.011665
1,1,8,25,64,2,4,0,0.025028
1,4,10,5,1,128,4,0,0.02013
1,1,16,8,8,50,2,0,0.240887
1,40,1,8,2,20,8,0,0.08139
1,1,8,25,128,2,2,0,0.024153
1,1,320,2,160,1,1,0,0.077183
1,2,8,10,4,80,2,0,0.082562
1,1,20,16,8,1,40,0,0.081136
1,100,8,4,2,1,16,0,0.753573
1,320,1,2,10,1,16,0,0.077729
0,320,1,2,5,2,16,0,0.176265
1,320,10,1,1,8,4,0,0.75369
0,32,5,5,2,8,8,0,0.134778
1,2,5,10,4,4,64,0,0.018867
0,5,1,64,4,20,4,0,0.177735
1,2,80,4,20,8,1,0,0.079205
0,16,5,4,32,5,2,0,0.178841
1,400,4,1,1,8,8,0,0.528169
0,4,2,20,32,2,10,0,0.173789
0,32,2,10,4,40,1,0,0.169837
0,1,16,20,16,10,2,0,0.181209
1,4,4,40,1,160,1,0,0.120518
1,100,1,8,1,4,32,0,0.018861
0,32,1,10,1,32,10,0,0.178075
1,10,64,5,16,1,2,0,0.753065
1,1,128,1,16,1,50,0,0.240289
1,640,1,1,8,1,20,0,0.078985
1,2,160,10,4,8,1,0,0.752953
1,5,80,1,4,1,64,0,0.017715
1,4,8,4,80,10,1,0,0.240548
1,4,4,8,20,5,8,0,0.240735
1,64,1,5,40,2,4,0,0.08062
1,1,32,10,1,5,64,0,0.081132
0,2,20,8,4,4,20,0,0.175049
0,50,16,4,8,2,2,0,0.771277
0,400,1,4,8,8,1,0,0.552292
1,16,1,10,16,20,2,0,0.077323
0,1,32,5,2,20,16,0,0.16811
1,2,10,40,2,4,16,0,0.025113
1,40,1,40,1,64,1,0,0.515608
1,5,4,16,32,10,1,0,0.081445
1,5,10,32,1,64,1,0,0.514457
0,16,8,1,1,50,16,0,0.290167
1,1,10,10,128,1,8,0,0.019135
0,1,4,100,2,128,1,0,0.130628
1,40,1,4,10,32,2,0,0.077293
0,4,8,10,4,2,40,0,0.182418
0,16,2,4,20,40,1,0,0.299356
1,4,1,32,1,100,8,0,0.238321
1,32,1,10,5,4,16,0,0.082184
0,2,32,2,40,1,20,0,0.300741
1,10,1,10,2,8,64,0,0.011588
1,2,50,16,4,2,8,0,0.514579
1,8,8,5,5,2,32,0,0.080778
1,8,5,4,5,4,32,0,0.081534
1,5,8,8,2,80,2,0,0.081576
1,2,20,4,20,1,32,0,0.081446
0,1,4,25,2,64,8,0,0.103384
0,1,8,25,8,8,8,0,0.127866
1,1,1,160,1,640,1,0,0.081267
1,1,32,50,2,16,2,0,0.515599
0,128,1,1,100,8,1,0,0.299204
1,20,1,8,1,320,2,0,0.081031
0,1,100,1,4,64,4,0,0.09836
0,5,4,32,4,10,4,0,0.177938
1,5,1,20,2,8,64,0,0.012109
1,2,8,200,8,1,4,0,0.753042
1,1,20,32,1,5,32,0,0.078816
1,2,1,80,8,20,4,0,0.081877
1,200,4,4,1,32,1,0,0.752978
1,2,8,200,1,2,16,0,0.753098
1,2,1,64,5,160,1,0,0.240498
1,10,5,16,64,2,1,0,0.019167
1,4,8,10,32,5,2,0,0.118791
1,16,20,10,4,1,8,0,0.753061
1,20,5,32,1,4,8,0,0.753031
1,1,50,2,2,128,4,0,0.011608
1,40,2,4,1,160,2,0,0.080163
1,320,2,1,160,1,1,0,0.079551
1,20,2,20,1,2,64,0,0.02251
1,4,400,1,4,8,2,0,0.513823
1,5,5,64,16,4,1,0,0.515188
1,32,2,5,1,40,8,0,0.07987
1,8,10,8,8,5,4,0,0.085507
1,4,5,40,8,1,16,0,0.019592
1,16,10,10,1,64,1,0,0.515902
1,40,8,1,16,1,20,0,0.080258
1,5,4,16,8,8,5,0,0.080667
1,5,32,2,2,16,10,0,0.082398
1,32,2,2,200,2,2,0,0.240466
1,2,2,32,4,40,5,0,0.240506
1,2,8,20,2,40,4,0,0.080654
1,2,20,5,8,64,1,0,0.020058
1,4,1,100,8,2,16,0,0.019068
1,800,4,1,1,1,32,0,0.753086
1,80,1,4,2,20,8,0,0.080846
1,40,1,16,5,32,1,0,0.078227
0,8,16,1,5,8,20,0,0.294562
1,5,20,1,2,256,2,0,0.019332
1,4,32,1,100,4,2,0,0.240737
1,320,1,10,8,2,2,0,0.753174
1,2,80,4,80,1,2,0,0.07927
1,1,16,10,8,5,16,0,0.08154
1,1,2,400,2,1,64,0,0.021915
1,4,10,16,8,20,1,0,0.07826
1,64,5,1,4,10,8,0,0.081953
1,2,8,20,1,160,2,0,0.081931
1,5,4,10,1,16,32,0,0.028354
1,1,1,640,20,2,4,0,0.078172
0,160,4,5,1,8,4,0,0.770097
1,2,50,32,32,1,1,0,0.752953
1,10,16,5,2,8,8,0,0.020244
1,8,2,8,1,80,10,0,0.240549
1,20,5,8,16,8,1,0,0.023128
1,1,1600,1,16,4,1,0,0.514592
1,8,100,1,16,1,8,0,0.023278
1,2,100,1,8,16,4,0,0.021014
1,4,16,2,32,5,5,0,0.240433
1,1,25,32,2,4,16,0,0.021727
1,2,2,40,2,80,4,0,0.081449
1,8,5,4,1,320,2,0,0.081314
1,32,4,25,1,4,8,0,0.753069
1,80,2,1,40,4,4,0,0.080807
0,20,16,1,1,32,10,0,0.170493
1,20,4,2,10,4,16,0,0.081013
1,8,20,1,4,4,40,0,0.081289
0,20,2,8,5,16,4,0,0.175935
0,1,800,1,2,64,1,0,0.138303
1,2,400,4,2,4,4,0,0.753007
1,1,20,80,16,2,2,0,0.517757
1,5,16,8,40,2,2,0,0.078155
1,2,2,32,10,8,10,0,0.240749
1,50,2,2,2,128,2,0,0.021177
1,4,20,2,4,32,5,0,0.082193
1,8,50,4,4,2,8,0,0.51505
1,1,32,10,20,8,2,0,0.08114
0,50,8,1,32,1,8,0,0.130277
1,2,400,1,16,2,4,0,0.024503
0,10,16,2,10,8,4,0,0.180379
1,25,2,16,64,1,2,0,0.021211
1,10,16,1,1,80,8,0,0.090561
1,200,2,2,32,4,1,0,0.018432
1,1,25,128,2,1,16,0,0.752953
1,5,8,20,2,16,4,0,0.019482
1,5,8,4,10,32,2,0,0.081327
1,320,2,5,4,8,1,0,0.752989
1,200,4,2,4,16,1,0,0.513851
1,8,2,10,20,16,2,0,0.0817
1,1,800,1,16,1,8,0,0.0244
1,10,80,2,64,1,1,0,0.514521
1,1,16,10,8,20,4,0,0.081431
1,1,8,16,8,25,4,0,0.240839
1,160,5,1,128,1,1,0,0.020536
1,1,25,16,4,64,1,0,0.023491
1,40,5,2,8,2,16,0,0.018547
1,8,2,40,8,2,10,0,0.078111
1,2,8,10,20,2,16,0,0.081228
1,4,20,20,1,32,2,0,0.514861
1,2,16,20,40,2,2,0,0.077511
0,20,4,10,4,32,1,0,0.13658
1,32,5,2,5,16,4,0,0.081293
1,1,20,16,1,20,16,0,0.080529
1,1,40,40,16,4,1,0,0.513411
1,1,50,32,8,8,1,0,0.514314
1,40,4,20,1,1,32,0,0.752981
1,64,1,2,10,2,40,0,0.240321
1,16,1,40,4,20,2,0,0.07885
1,100,32,1,8,1,4,0,0.753109
1,400,4,1,32,1,2,0,0.515087
1,40,20,2,2,16,2,0,0.514871
0,10,16,4,20,2,4,0,0.175061
1,2,25,2,16,2,32,0,0.012122
1,2,4,40,4,16,5,0,0.081059
1,32,5,10,2,1,32,0,0.51501
1,1,100,4,1,64,4,0,0.016818
1,4,20,2,640,1,1,0,0.081257
1,4,10,8,8,4,10,0,0.08159
1,2,2,32,160,5,1,0,0.240677
1,5,20,8,16,2,4,0,0.021266
0,40,20,2,8,1,8,0,0.550846
1,1,80,20,1,2,32,0,0.515787
1,10,10,32,32,1,1,0,0.753039
1,40,2,5,64,4,1,0,0.020914
0,5,40,16,2,16,1,0,0.770913
1,2,20,8,40,1,8,0,0.081629
1,4,32,5,32,1,5,0,0.079207
1,80,4,5,8,4,2,0,0.515121
1,4,20,4,1,16,20,0,0.081238
1,1,5,64,80,1,4,0,0.08159
1,1,4,200,32,4,1,0,0.021065
1,2,8,10,8,4,20,0,0.11198
0,8,5,16,4,2,20,0,0.174732
1,20,8,1,4,4,40,0,0.080385
1,25,2,8,128,1,2,0,0.026536
1,4,4,20,80,2,2,0,0.080874
0,8,25,1,1,128,4,0,0.119441
1,8,1,80,8,1,20,0,0.079202
0,8,25,4,4,32,1,0,0.137035
1,2,40,5,1,64,4,0,0.018589
1,20,2,10,2,8,16,0,0.019066
1,4,1,25,128,8,1,0,0.019534
1,1,32,4,100,1,8,0,0.240274
1,128,5,1,2,10,8,0,0.079125
1,20,40,1,32,1,4,0,0.023616
1,1,128,5,1,32,5,0,0.0784
1,4,2,20,2,320,1,0,0.113645
1,10,2,8,8,5,16,0,0.082035
1,5,40,4,128,1,1,0,0.02607
1,1,10,32,1,10,32,0,0.081853
1,5,1,20,2,512,1,0,0.011552
1,50,2,1,32,4,8,0,0.019657
0,50,4,4,4,1,32,0,0.135041
1,4,10,4,16,20,2,0,0.081539
1,5,40,2,256,1,1,0,0.01892
1,1,640,5,2,16,1,0,0.753
1,4,20,40,4,1,8,0,0.75313
1,32,25,1,4,16,2,0,0.025289
1,10,1,10,16,1,64,0,0.011872
1,8,1,16,2,10,40,0,0.240522
1,40,8,2,1,10,16,0,0.078995
1,200,8,1,8,4,2,0,0.514614
1,16,1,40,80,1,2,0,0.12185
1,2,4,50,1,16,16,0,0.022461
1,20,5,4,8,32,1,0,0.023552
1,640,5,1,2,16,1,0,0.753015
0,16,1,25,2,8,16,0,0.126784
1,5,4,8,2,16,20,0,0.081999
1,1,25,4,4,4,64,0,0.012145
1,40,20,2,8,4,2,0,0.515808
0,8,8,5,40,2,4,0,0.179011
0,8,4,50,16,2,2,0,0.550605
1,2,2,32,20,8,5,0,0.240887
1,80,8,1,20,8,1,0,0.07913
1,50,4,1,4,16,8,0,0.024526
1,4,5,40,2,16,4,0,0.022981
1,16,1,40,2,8,10,0,0.078985
1,40,10,1,4,1,64,0,0.019498
0,5,4,10,32,4,4,0,0.125226
1,1,128,1,25,32,1,0,0.240682
1,32,1,10,64,5,1,0,0.081582
1,2,400,1,4,16,2,0,0.022481
1,5,32,5,32,2,2,0,0.017883
1,1,320,1,10,32,1,0,0.083091
1,160,1,1,320,2,1,0,0.082662
1,1,4,400,2,16,2,0,0.514528
1,32,4,1,8,5,20,0,0.240746
1,10,10,1,64,4,4,0,0.018873
1,5,8,4,32,2,10,0,0.081585
1,20,20,4,2,2,16,0,0.515457
1,160,1,1,80,8,1,0,0.081273
1,80,2,1,32,10,2,0,0.081444
1,20,5,2,4,2,64,0,0.024462
1,16,5,2,10,1,64,0,0.082607
1,1,16,8,50,1,16,0,0.240943
1,5,32,4,1,5,32,0,0.079156
1,64,25,2,8,4,1,0,0.753123
1,10,8,8,4,4,10,0,0.079513
1,5,16,5,64,2,2,0,0.018824
1,2,20,4,2,40,8,0,0.081279
1,128,5,1,16,5,2,0,0.078649
1,4,2,20,2,64,5,0,0.077974
1,4,1,50,1,512,1,0,0.016424
1,10,1,10,512,1,2,0,0.019702
1,2,100,16,1,1,32,0,0.753106
0,4,1,40,2,16,20,0,0.167226
1,10,32,5,2,8,4,0,0.512957
1,800,4,1,1,32,1,0,0.752913
1,10,10,8,16,2,4,0,0.025166
1,80,40,1,2,8,2,0,0.752936
1,1,8,40,2,16,10,0,0.082089
1,1,200,4,1,64,2,0,0.020049
1,5,80,2,4,1,32,0,0.021805
1,5,2,16,2,8,40,0,0.081219
1,10,4,4,4,8,20,0,0.081465
1,1,400,4,4,8,2,0,0.515238
1,1,5,128,40,1,4,0,0.077803
1,2,1,64,40,5,4,0,0.240418
1,1,32,100,16,2,1,0,0.753308
1,4,2,20,4,8,20,0,0.082423
1,16,8,1,20,2,20,0,0.240044
1,25,16,1,8,1,32,0,0.019478
1,80,2,2,10,1,32,0,0.080546
1,4,16,10,32,1,5,0,0.078509
0,8,40,5,4,2,8,0,0.550636
1,1,400,4,4,4,4,0,0.514635
1,400,2,1,2,8,8,0,0.024671
1,160,1,10,2,1,32,0,0.514451
1,5,4,32,1,20,8,0,0.07972
1,4,8,5,2,32,10,0,0.080994
1,32,20,1,1,160,1,0,0.077963
1,1,160,2,20,4,4,0,0.081159
1,4,4,10,32,20,1,0,0.081194
1,5,2,40,1,16,16,0,0.02134
1,1,32,10,10,32,1,0,0.080868
1,1,200,4,8,8,2,0,0.021252
1,8,1,40,2,40,4,0,0.081844
1,10,16,1,40,1,16,0,0.116317
1,4,16,5,5,32,2,0,0.082013
1,1,2,160,2,10,16,0,0.080601
1,1,40,8,5,8,8,0,0.080441
1,2,5,16,8,20,4,0,0.082173
1,100,1,32,1,1,32,0,0.75301
1,1,1,160,8,16,5,0,0.081646
1,10,2,80,4,16,1,0,0.515957
1,2,200,1,4,16,4,0,0.018678
1,100,4,2,2,1,64,0,0.076233
1,25,16,4,2,32,1,0,0.51532
1,10,1,10,32,32,1,0,0.01957
0,8,80,5,2,16,1,0,0.770966
1,64,5,5,2,16,2,0,0.514827
1,80,2,4,1,80,2,0,0.080076
0,40,2,4,2,32,5,0,0.182702
1,16,1,8,1,80,10,0,0.240551
1,2,10,32,32,5,1,0,0.077721
0,32,10,2,2,5,16,0,0.171523
0,1,64,25,4,1,16,0,0.551009
1,1,400,2,1,32,4,0,0.019127
1,2,20,16,2,40,2,0,0.078342
1,32,2,50,1,32,1,0,0.752876
1,1,200,1,4,2,64,0,0.021515
1,2,5,40,4,16,4,0,0.020321
0,1,32,50,2,2,16,0,0.549352
0,2,8,8,25,8,4,0,0.300843
1,1,16,8,32,25,1,0,0.240252
1,10,2,10,16,2,16,0,0.021113
1,25,1,128,1,4,8,0,0.753062
0,5,10,2,32,1,32,0,0.107696
1,8,2,8,50,16,1,0,0.240749
1,1,80,8,16,2,5,0,0.077423
1,4,800,1,2,2,8,0,0.752887
0,4,20,2,10,16,4,0,0.16989
1,160,1,2,5,8,8,0,0.081003
1,4,8,4,5,160,1,0,0.240497
0,2,32,5,2,10,16,0,0.180156
1,32,4,1,5,80,2,0,0.241039
1,2,8,25,32,2,4,0,0.019226
1,64,1,2,80,5,2,0,0.240616
1,400,2,4,8,1,4,0,0.752873
0,200,1,1,16,16,2,0,0.131691
1,4,80,1,16,20,1,0,0.081346
1,32,4,1,2,50,8,0,0.24025
1,32,4,1,5,10,16,0,0.240189
0,2,16,20,16,10,1,0,0.176039
0,5,2,16,20,16,2,0,0.173182
0,5,20,4,1,64,4,0,0.125951
1,4,10,8,64,1,5,0,0.082086
1,20,1,8,20,2,16,0,0.081748
1,25,16,2,2,8,8,0,0.019788
0,5,32,4,5,32,1,0,0.17739
1,8,50,2,2,1,64,0,0.021376
1,1,100,32,1,32,1,0,0.752919
0,5,16,10,4,8,4,0,0.130936
1,8,4,4,5,10,16,0,0.240517
0,2,32,2,160,1,5,0,0.30225
1,8,1,20,16,4,10,0,0.081402
0,5,64,5,4,8,2,0,0.550354
1,10,40,1,2,128,1,0,0.016863
1,2,1,100,16,1,32,0,0.058553
1,1,8,50,1,4,64,0,0.019107
1,32,1,10,80,2,2,0,0.081664
1,20,5,2,2,4,64,0,0.016453
0,1,50,32,2,1,32,0,0.551785
1,40,5,1,1,16,32,0,0.038926
1,1,4,200,128,1,1,0,0.020051
1,2,40,10,16,2,4,0,0.016977
1,2,25,64,1,2,16,0,0.752948
0,8,20,4,10,1,16,0,0.177009
1,2,8,25,4,16,4,0,0.018708
1,5,8,8,16,10,2,0,0.079144
1,8,1,20,2,20,16,0,0.076664
1,32,10,1,2,4,40,0,0.080734
1,1,4,40,1,80,8,0,0.081681
1,1,25,4,64,1,16,0,0.019028
0,32,1,4,10,80,1,0,0.296582
1,8,10,2,80,4,2,0,0.082265
1,1,320,2,5,8,4,0,0.076878
1,8,1,20,10,32,2,0,0.080489
1,2,80,2,20,1,16,0,0.080019
1,20,1,32,5,4,8,0,0.079085
1,1,64,10,5,32,1,0,0.121502
1,40,1,16,4,5,8,0,0.079195
1,100,1,1,2,8,64,0,0.010663
1,800,1,2,1,16,4,0,0.515192
1,5,1,40,16,16,2,0,0.024661
1,5,16,4,2,8,20,0,0.080698
1,5,1,128,8,4,5,0,0.078203
1,20,16,1,5,16,4,0,0.081444
1,4,50,2,1,16,16,0,0.018129
1,40,5,4,16,8,1,0,0.019862
1,4,25,1,32,4,8,0,0.019031
1,8,2,8,5,4,40,0,0.24028
1,8,1,40,1,320,1,0,0.082006
1,32,5,1,2,16,20,0,0.081555
1,8,25,1,8,8,8,0,0.02123
1,64,1,25,64,1,1,0,0.514248
1,1,100,1,16,32,2,0,0.019018
1,10,16,5,64,2,1,0,0.060801
1,5,32,4,10,8,2,0,0.078835
1,4,160,1,80,2,1,0,0.07833
1,80,10,2,8,2,4,0,0.5156
1,5,160,1,1,2,64,0,0.044907
1,10,2,16,4,16,5,0,0.080548
1,2,64,5,2,2,40,0,0.078652
1,100,8,4,4,2,4,0,0.753072
1,20,8,2,1,32,10,0,0.081402
1,40,1,4,2,10,32,0,0.081647
1,4,80,1,5,8,8,0,0.081761
1,1,4,40,10,32,2,0,0.081399
1,4,1,200,4,16,2,0,0.01948
1,32,5,2,10,2,16,0,0.080315
1,2,10,5,2,256,2,0,0.01913
1,4,5,160,16,1,2,0,0.753107
1,80,1,4,64,1,5,0,0.080451
1,2,4,100,32,1,4,0,0.020028
1,2,5,16,64,10,1,0,0.082021
1,10,2,5,128,2,4,0,0.018752
1,1,40,8,16,20,1,0,0.082132
1,10,4,8,8,8,5,0,0.120475
1,20,1,16,160,1,2,0,0.080801
1,10,8,2,1,320,2,0,0.081952
1,1,160,5,4,4,8,0,0.062831
1,4,50,8,2,8,4,0,0.513566
1,5,16,20,4,1,16,0,0.51403
1,32,1,10,32,1,10,0,0.081613
1,2,32,10,4,20,2,0,0.077665
1,4,5,80,8,4,2,0,0.5149
1,20,4,4,32,1,10,0,0.081421
1,8,20,1,128,1,5,0,0.081473
1,5,5,8,1,256,2,0,0.021831
1,16,1,20,8,2,20,0,0.08145
1,32,4,1,4,50,4,0,0.240745
1,32,5,5,2,8,8,0,0.026991
0,1,4,32,100,2,4,0,0.296827
0,50,1,8,1,4,64,0,0.126205
1,4,5,5,4,32,8,0,0.019509
1,16,1,25,4,4,16,0,0.021167
1,1,10,20,4,16,8,0,0.021342
1,5,2,64,4,4,10,0,0.07905
1,2,32,2,5,160,1,0,0.240458
1,4,80,5,4,2,8,0,0.514271
0,10,10,16,4,8,2,0,0.550031
1,2,8,20,4,5,16,0,0.081273
1,10,32,2,2,10,8,0,0.078441
0,4,40,1,160,2,2,0,0.166078
1,160,5,2,64,1,1,0,0.515865
0,25,1,8,4,128,1,0,0.134294
1,2,16,10,1,8,40,0,0.08149
1,8,5,4,10,2,32,0,0.082065
1,1,25,64,1,64,1,0,0.514253
1,16,1,50,2,64,1,0,0.018993
1,2,2,32,2,80,5,0,0.240733
1,1,8,25,8,2,32,0,0.021766
0,1,32,10,10,4,8,0,0.170868
1,10,1,10,2,512,1,0,0.018341
0,8,1,100,16,4,2,0,0.132573
1,20,4,4,8,10,4,0,0.080372
1,1,25,32,64,2,1,0,0.023458
1,5,5,4,8,32,4,0,0.019821
1,1,1,400,2,128,1,0,0.021323
1,5,2,32,5,32,2,0,0.082098
1,4,25,1,32,8,4,0,0.012017
1,4,40,1,320,2,1,0,0.081418
1,2,200,4,2,4,8,0,0.516486
1,160,5,4,1,32,1,0,0.753125
1,64,1,10,32,5,1,0,0.078422
1,1,10,160,1,4,16,0,0.514629
1,1,5,32,10,4,16,0,0.081552
1,2,40,2,2,32,10,0,0.08242
1,2,1,320,8,2,10,0,0.078963
1,50,1,16,16,2,4,0,0.021662
1,2,2,40,1,640,1,0,0.080779
1,1,640,1,4,4,10,0,0.078857
1,5,10,64,1,1,32,0,0.752832
1,50,8,1,16,2,8,0,0.020819
1,8,25,4,2,8,8,0,0.018186
1,25,4,2,16,4,8,0,0.024533
1,2,64,1,10,4,20,0,0.24061
1,2,100,1,64,1,8,0,0.021199
1,1,16,50,8,16,1,0,0.018998
1,1,20,10,16,2,16,0,0.01345
1,20,1,32,1,4,40,0,0.079227
1,16,1,20,1,5,64,0,0.080463
1,1,4,80,40,1,8,0,0.081588
1,4,5,40,2,2,32,0,0.025652
1,8,100,2,4,2,8,0,0.51494
0,4,8,4,80,10,1,0,0.297346
0,1,50,4,128,2,2,0,0.130432
1,10,1,32,4,80,1,0,0.081121
1,1,80,5,1,32,8,0,0.022133
1,2,40,2,320,1,2,0,0.081199
0,4,2,80,5,8,4,0,0.177874
1,25,4,8,64,1,2,0,0.022283
1,1,80,2,640,1,1,0,0.080704
1,5,32,2,40,1,8,0,0.081708
1,50,1,8,128,2,1,0,0.022635
1,100,1,1,8,32,4,0,0.011879
1,20,10,1,32,8,2,0,0.024445
1,1,128,25,1,8,4,0,0.752953
0,50,1,4,32,8,2,0,0.129736
1,20,5,1,1,512,2,0,0.035095
1,16,1,8,16,25,2,0,0.240412
0,16,40,1,1,160,1,0,0.167022
1,16,20,1,10,32,1,0,0.081138
1,5,2,16,1,32,20,0,0.081198
1,2,10,5,4,256,1,0,0.011659
1,1,1,128,5,5,32,0,0.24039
1,32,4,1,20,4,10,0,0.240562
0,32,4,5,10,8,2,0,0.172115
1,2,10,8,8,80,1,0,0.081487
1,2,2,80,16,1,20,0,0.082103
1,80,1,2,20,1,32,0,0.081624
1,4,1,40,160,1,4,0,0.080879
1,8,50,1,2,128,1,0,0.020611
1,1,64,2,4,20,10,0,0.240949
1,10,1,64,20,1,8,0,0.079153
1,64,5,1,16,10,2,0,0.080537
1,1,200,8,2,2,16,0,0.514984
1,2,16,10,8,20,2,0,0.080441
1,5,10,8,8,32,1,0,0.019417
1,20,80,1,32,2,1,0,0.51416
1,64,1,5,40,1,8,0,0.081168
1,1,64,5,16,2,10,0,0.080702
1,5,20,2,32,8,2,0,0.021051
0,2,40,4,4,5,16,0,0.17764
1,40,5,2,64,1,4,0,0.018261
1,40,8,1,8,8,5,0,0.119716
1,20,1,8,32,5,4,0,0.081071
1,5,4,40,4,8,4,0,0.028297
1,1,10,32,2,40,4,0,0.08098
1,4,10,8,5,32,2,0,0.119645
1,320,1,2,16,5,2,0,0.079075
1,2,8,8,16,1,50,0,0.2403
1,1,80,10,32,1,4,0,0.021166
1,20,2,8,1,16,20,0,0.081962
1,32,10,10,1,1,32,0,0.7528
1,1,8,50,2,8,16,0,0.021044
1,5,32,2,160,2,1,0,0.081522
1,8,1,16,50,2,8,0,0.240441
1,8,5,80,1,16,2,0,0.75286
1,2,10,16,4,2,40,0,0.120175
1,32,5,4,8,5,4,0,0.079327
1,2,10,16,8,8,5,0,0.080081
1,40,16,5,4,4,2,0,0.757776
1,2,40,8,10,1,16,0,0.078467
1,8,25,1,4,16,8,0,0.020916
0,8,200,1,4,2,8,0,0.548913
1,2,100,16,16,1,2,0,0.753038
1,32,5,1,2,160,2,0,0.081379
1,32,1,10,5,8,8,0,0.081673
1,4,5,10,32,16,1,0,0.021102
1,2,8,8,10,80,1,0,0.240262
1,400,1,2,4,1,32,0,0.022512
1,16,4,2,8,10,10,0,0.240461
1,80,4,1,16,1,20,0,0.081774
1,1,4,40,20,1,32,0,0.081547
1,5,32,4,1,40,4,0,0.120231
1,5,5,4,32,8,4,0,0.01179
1,16,1,10,20,2,16,0,0.080905
1,1,20,8,20,32,1,0,0.081874
1,50,8,2,8,2,8,0,0.022843
1,5,16,2,20,16,2,0,0.081479
1,10,1,320,32,1,1,0,0.752906
1,100,2,4,4,32,1,0,0.019518
1,100,1,2,4,64,2,0,0.017053
1,1,40,4,320,2,1,0,0.081646
1,2,20,16,40,2,2,0,0.079049
1,4,32,5,2,8,10,0,0.079021
1,400,1,4,64,1,1,0,0.51471
1,4,16,10,4,2,20,0,0.079405
1,32,1,10,1,160,2,0,0.08099
1,1,40,16,5,4,8,0,0.078903
1,40,2,8,2,4,20,0,0.078247
1,2,5,16,160,1,4,0,0.081351
1,5,2,16,4,5,32,0,0.0818
1,10,32,2,1,32,5,0,0.078141
1,25,2,64,1,8,4,0,0.752968
1,16,2,5,32,4,5,0,0.080957
1,160,1,2,4,4,20,0,0.081839
1,100,2,2,1,256,1,0,0.018344
1,8,200,1,16,2,2,0,0.515084
1,20,20,8,2,1,16,0,0.752895
1,40,2,2,1,640,1,0,0.081997
1,4,5,32,2,8,10,0,0.077633
1,8,1,20,10,64,1,0,0.08141
1,25,4,2,32,1,16,0,0.020848
1,160,4,1,160,1,1,0,0.07823
1,640,1,1,8,20,1,0,0.078312
1,80,5,1,16,8,2,0,0.035929
0,16,5,4,64,5,1,0,0.177662
1,16,10,2,5,1,64,0,0.081067
1,8,25,2,32,4,2,0,0.018621
1,5,20,16,1,8,8,0,0.516214
1,4,10,8,1,5,64,0,0.080776
1,4,160,1,16,2,5,0,0.078194
1,160,1,1,1,10,64,0,0.081432
1,5,1,128,160,1,1,0,0.07823
1,10,8,4,8,2,20,0,0.081113
1,20,10,1,8,4,16,0,0.021751
1,8,10,5,32,8,1,0,0.022761
1,1,640,5,16,2,1,0,0.752999
1,5,160,4,4,1,8,0,0.753046
1,25,2,64,8,1,4,0,0.752907
0,10,1,10,2,8,64,0,0.105431
1,16,2,5,16,40,1,0,0.081278
0,320,5,1,1,8,8,0,0.549214
1,2,4,25,8,4,16,0,0.021559
1,5,4,16,2,80,2,0,0.082525
0,1,160,1,1,20,32,0,0.172172
1,1,10,40,128,1,2,0,0.020542
1,1,320,2,1,4,40,0,0.078846
1,4,4,20,20,4,4,0,0.081785
0,40,5,2,64,2,2,0,0.131949
0,10,4,10,1,4,64,0,0.129713
1,2,8,20,5,1,64,0,0.081272
1,2,1,800,16,2,2,0,0.513832
1,40,4,1,4,5,32,0,0.082104
1,1,100,1,4,64,4,0,0.018961
0,5,128,1,8,4,5,0,0.171147
0,8,40,1,64,5,1,0,0.178389
0,20,1,8,8,4,20,0,0.168726
1,100,2,4,8,1,16,0,0.019932
1,20,160,1,4,8,1,0,0.752942
1,2,2,100,4,8,8,0,0.019048
0,5,2,20,1,32,16,0,0.129399
1,1,8,20,5,4,32,0,0.081769
0,2,1,800,4,4,4,0,0.551121
1,5,10,8,1,128,2,0,0.019337
1,4,1,80,160,1,2,0,0.080718
1,200,8,1,1,1,64,0,0.516104
1,100,1,8,1,64,2,0,0.023749
0,4,1,25,16,2,32,0,0.104509
0,1,25,16,4,64,1,0,0.132448
1,1,16,10,8,8,10,0,0.080844
0,4,25,8,4,4,8,0,0.136514
1,1,5,20,64,4,4,0,0.019865
1,10,1,32,5,8,8,0,0.082707
1,1,16,20,40,4,2,0,0.08155
1,100,1,4,2,16,8,0,0.018745
0,5,16,20,2,1,32,0,0.551435
1,1,4,100,64,2,2,0,0.019767
1,4,25,1,16,64,1,0,0.050175
1,2,1,320,5,32,1,0,0.078387
1,16,25,1,8,4,8,0,0.01813
0,1,800,1,1,8,16,0,0.135764
1,1,8,25,2,8,32,0,0.021323
0,4,25,32,8,4,1,0,0.771049
1,64,25,1,4,4,4,0,0.515588
1,8,40,1,4,5,16,0,0.080705
0,64,5,2,1,10,16,0,0.170473
1,25,1,32,16,8,1,0,0.022827
1,1,64,2,20,20,2,0,0.240047
0,100,1,8,4,4,8,0,0.135804
1,2,8,8,5,16,10,0,0.240127
1,160,1,20,2,16,1,0,0.752942
1,50,1,8,1,8,32,0,0.019004
0,5,32,4,10,4,4,0,0.175046
1,2,160,2,1,8,20,0,0.078153
0,40,10,1,4,1,64,0,0.132282
1,5,4,10,32,4,4,0,0.020629
1,20,10,1,4,2,64,0,0.020913
1,10,1,20,8,2,32,0,0.024714
1,2,5,40,16,2,8,0,0.020595
1,10,1,10,8,32,4,0,0.01143
1,20,8,20,2,16,1,0,0.753214
1,16,2,20,16,5,2,0,0.078866
1,5,4,5,1,256,4,0,0.012399
1,1,4,40,8,5,16,0,0.081286
1,5,40,1,4,4,32,0,0.025104
1,5,20,32,8,4,1,0,0.753154
1,5,2,10,4,256,1,0,0.019492
1,4,4,200,32,1,1,0,0.753212
1,40,1,40,4,2,8,0,0.513675
1,8,200,1,32,1,2,0,0.514251
1,10,2,16,4,80,1,0,0.080848
1,10,16,1,1,128,5,0,0.086336
1,40,2,4,32,5,2,0,0.081736
1,5,160,1,128,1,1,0,0.021599
1,8,20,2,5,8,8,0,0.080807
1,1600,1,1,1,1,64,0,0.515077
1,2,2,80,1,40,8,0,0.081227
1,1,4,25,128,4,2,0,0.019218
1,16,1,10,16,1,40,0,0.081988
1,200,4,2,4,4,4,0,0.516215
1,2,32,25,1,1,64,0,0.516702
1,1,4,32,32,25,1,0,0.240504
1,1,5,80,1,128,2,0,0.02514
1,1,10,160,16,2,2,0,0.513991
1,320,2,1,40,4,1,0,0.120497
1,8,1,40,8,8,5,0,0.082217
1,10,4,5,64,8,1,0,0.024872
1,32,4,1,10,4,20,0,0.24068
1,16,20,1,16,2,10,0,0.082279
1,8,80,5,1,8,4,0,0.753065
1,4,40,4,16,5,2,0,0.128081
1,8,4,5,2,20,16,0,0.082223
1,5,32,1,4,80,2,0,0.081762
1,4,8,10,20,8,2,0,0.081189
1,16,2,50,8,4,2,0,0.513799
1,1,20,80,4,4,4,0,0.513799
1,8,5,40,1,16,4,0,0.515728
1,80,1,20,8,2,4,0,0.51466
1,1,100,2,32,8,2,0,0.024791
1,100,4,2,64,2,1,0,0.022842
1,8,4,4,10,5,16,0,0.240554
1,2,80,1,5,8,16,0,0.082415
1,2,1,320,10,4,4,0,0.07916
1,50,4,1,8,32,2,0,0.020757
1,200,2,1,1,256,1,0,0.019996
1,20,4,4,5,2,32,0,0.081857
1,8,1,16,1,80,10,0,0.240492
1,2,4,20,40,4,4,0,0.081102
1,40,2,4,2,32,5,0,0.080521
1,32,10,1,16,4,5,0,0.079602
1,64,10,1,5,8,4,0,0.077437
1,2,2,200,1,8,16,0,0.070965
1,16,1,25,2,128,1,0,0.018096
1,20,1,8,16,40,1,0,0.08098
1,8,8,2,160,5,1,0,0.240475
1,20,1,10,1,16,32,0,0.021275
0,10,2,16,20,16,1,0,0.18086
0,5,64,1,32,2,5,0,0.176542
1,4,8,10,10,1,32,0,0.081681
0,1,400,2,1,32,4,0,0.134096
1,4,40,4,4,20,2,0,0.078563
1,20,5,2,32,8,2,0,0.025682
1,40,2,8,5,1,32,0,0.078477
1,4,4,40,4,20,2,0,0.078338
1,5,8,4,1,20,32,0,0.081837
1,8,2,8,32,1,25,0,0.24051
1,2,80,10,1,2,32,0,0.51475
0,1,4,50,64,4,2,0,0.128908
1,4,10,8,5,16,4,0,0.08215
1,40,10,2,16,2,4,0,0.025618
1,10,20,1,16,1,32,0,0.021079
1,2,1,200,16,4,4,0,0.018754
1,2,5,64,2,5,16,0,0.078498
1,1,80,8,10,2,8,0,0.078149
1,1,32,50,2,2,16,0,0.515098
0,8,5,40,16,1,4,0,0.549681
1,16,1,10,4,16,10,0,0.081497
0,10,2,10,16,2,16,0,0.129776
1,10,1,320,2,1,16,0,0.758658
1,2,4,100,4,16,2,0,0.02258
1,4,5,8,1,64,10,0,0.081424
1,2,1,100,8,2,32,0,0.02532
1,5,2,16,4,40,4,0,0.077396
1,5,8,8,10,8,4,0,0.08041
1,1,64,2,1,200,4,0,0.240504
1,160,2,1,1,8,40,0,0.11891
1,2,8,20,8,1,40,0,0.080903
1,5,4,16,16,20,1,0,0.082016
1,2,160,2,16,5,2,0,0.078974
1,80,1,8,4,20,2,0,0.078895
1,5,4,8,640,1,1,0,0.08202
1,25,32,4,1,8,4,0,0.753057
0,5,5,32,4,8,4,0,0.136256
0,16,50,2,16,4,1,0,0.549649
1,10,16,1,10,4,16,0,0.08161
1,8,25,8,2,1,32,0,0.51248
1,1,64,2,200,2,2,0,0.240742
1,5,16,4,4,4,20,0,0.081037
1,2,32,50,8,1,4,0,0.752967
1,2,1,64,8,100,1,0,0.239951
1,100,1,8,4,32,1,0,0.022533
1,32,10,10,2,4,4,0,0.753115
1,2,2,40,4,16,10,0,0.081226
1,80,1,2,80,4,2,0,0.081917
1,80,1,8,32,1,5,0,0.078644
1,8,25,4,8,2,8,0,0.025049
1,2,16,20,1,160,1,0,0.078964
1,16,5,2,2,5,64,0,0.082108
1,20,80,2,4,1,8,0,0.752934
1,40,4,1,16,5,8,0,0.07793
1,20,1,10,2,256,1,0,0.021577
1,4,5,5,8,128,1,0,0.011761
1,4,5,80,1,1,64,0,0.513502
1,4,80,1,8,5,8,0,0.081035
0,8,20,1,128,5,1,0,0.17357
1,20,20,8,8,1,4,0,0.757518
1,1,400,4,2,16,2,0,0.514831
1,8,1,100,64,2,1,0,0.018243
1,40,1,10,2,2,64,0,0.021289
1,2,4,40,160,1,2,0,0.08149
0,2,8,20,8,40,1,0,0.184458
0,20,20,1,16,4,4,0,0.127264
1,16,5,4,64,1,5,0,0.080618
1,4,2,100,1,128,1,0,0.021389
1,2,32,25,1,2,32,0,0.513238
1,40,2,2,640,1,1,0,0.081543
0,80,1,5,4,4,16,0,0.130748
0,16,2,25,2,8,8,0,0.12916
1,5,10,2,64,16,1,0,0.018303
1,4,8,20,1,4,40,0,0.121562
1,100,4,8,16,1,2,0,0.753063
1,10,1,16,32,4,5,0,0.081813
1,20,2,4,1,320,2,0,0.081488
0,2,25,8,8,8,4,0,0.130354
0,25,1,8,512,1,1,0,0.128986
1,16,4,5,5,32,2,0,0.082027
1,20,1,16,5,64,1,0,0.081339
1,2,80,2,1,20,16,0,0.08182
1,8,25,1,16,1,32,0,0.020763
1,2,20,4,4,8,20,0,0.082029
1,10,4,4,10,4,16,0,0.081391
1,1,5,64,1,64,5,0,0.081003
1,4,16,2,32,1,25,0,0.241058
1,2,20,8,16,2,10,0,0.082162
1,5,80,4,4,4,4,0,0.515471
1,2,1,800,1,32,2,0,0.514852
0,2,80,4,8,4,5,0,0.177848
0,8,40,10,2,1,16,0,0.770925
1,4,1,32,160,1,5,0,0.240499
1,2,2,160,32,1,5,0,0.079156
1,128,5,1,1,16,10,0,0.120768
1,10,10,4,1,128,2,0,0.018136
0,4,5,16,16,1,20,0,0.184
0,40,4,1,4,32,5,0,0.173068
1,2,10,8,1,320,2,0,0.081485
1,80,2,2,5,1,64,0,0.080701
1,40,8,5,64,1,1,0,0.516278
0,4,20,8,5,16,2,0,0.17376
1,1,40,10,1,64,4,0,0.018804
1,8,2,50,64,2,1,0,0.026676
1,16,8,1,5,80,2,0,0.240871
1,8,8,10,20,2,4,0,0.079352
1,5,8,4,8,4,20,0,0.08235
1,4,20,4,32,5,2,0,0.081391
1,2,25,16,2,16,4,0,0.062341
1,128,5,5,2,16,1,0,0.752943
1,10,10,32,8,4,1,0,0.760458
1,1,10,32,80,4,1,0,0.07936
1,4,1,40,80,8,1,0,0.080732
1,32,4,1,8,2,50,0,0.24069
1,2,25,16,64,1,2,0,0.021495
1,20,5,1,1024,1,1,0,0.012368
1,4,4,8,16,2,25,0,0.240304
1,80,2,4,1,40,4,0,0.078142
1,10,16,1,5,16,8,0,0.082279
1,1,8,25,1,64,8,0,0.058025
1,5,2,16,20,8,4,0,0.082403
1,1,10,32,40,8,1,0,0.081039
1,4,160,1,1,40,4,0,0.096973
1,40,1,80,4,4,2,0,0.753003
1,20,8,2,2,160,1,0,0.082005
1,160,1,5,32,2,2,0,0.022389
1,8,1,25,256,1,2,0,0.012954
1,50,8,2,4,16,2,0,0.021619
1,8,50,4,8,1,8,0,0.51972
1,5,10,4,8,16,4,0,0.021731
1,5,64,2,5,4,8,0,0.078024
1,10,4,5,8,4,16,0,0.024671
1,160,1,2,16,2,10,0,0.081227
1,5,4,16,16,10,2,0,0.082333
1,1,32,50,2,8,4,0,0.513398
1,20,16,5,2,32,1,0,0.516323
1,8,50,2,4,1,32,0,0.026015
1,4,16,2,2,25,16,0,0.240793
1,4,2,100,2,4,16,0,0.020871
1,20,1,16,16,4,5,0,0.080929
1,2,1,200,16,8,2,0,0.021194
1,8,2,100,4,2,8,0,0.515243
1,10,16,1,16,20,2,0,0.081677
1,40,1,16,5,8,4,0,0.08445
1,8,8,5,1,20,16,0,0.082076
0,4,80,1,4,4,20,0,0.178846
1,80,5,2,64,2,1,0,0.018535
1,1,32,10,2,8,20,0,0.07957
1,128,1,1,2,100,4,0,0.240576
1,1,1,320,2,160,1,0,0.081042
1,1,25,128,1,32,1,0,0.753039
1,8,1,400,2,2,8,0,0.752851
1,5,1,32,32,2,10,0,0.081556
1,4,1,32,400,2,1,0,0.240385
1,4,8,4,4,5,40,0,0.240653
1,20,16,5,2,2,16,0,0.513824
1,1,320,5,1,4,16,0,0.516198
0,1,2,200,8,32,1,0,0.132405
1,32,1,5,8,10,8,0,0.080848
1,1,4,160,4,4,10,0,0.07802
1,1,2,80,2,20,16,0,0.080986
1,40,2,2,10,1,64,0,0.08194
1,16,10,1,128,5,1,0,0.081672
1,2,400,1,8,8,2,0,0.024176
1,1,5,64,4,16,5,0,0.081671
1,1,1,100,128,2,4,0,0.018567
1,4,2,16,1,400,2,0,0.240477
1,1,10,32,64,5,1,0,0.080752
1,100,1,1,2,128,4,0,0.018899
1,5,1,64,1,160,2,0,0.079561
1,2,16,100,8,2,2,0,0.753055
1,100,16,2,1,4,8,0,0.752959
1,1,16,20,32,5,2,0,0.080606
1,8,50,1,4,16,4,0,0.018833
1,1,1,200,16,4,8,0,0.020997
1,10,4,8,8,10,4,0,0.08154
0,4,10,4,40,8,2,0,0.167202
1,50,4,2,1,16,16,0,0.02091
1,10,16,5,32,2,2,0,0.020563
1,400,4,2,2,8,2,0,0.753054
0,4,20,5,1,128,2,0,0.129025
1,1,4,160,1,20,8,0,0.078596
1,4,20,2,10,16,4,0,0.080418
1,16,5,8,8,5,4,0,0.077693
0,4,20,40,2,1,16,0,0.77044
1,160,2,1,2,20,8,0,0.079757
1,5,1,64,4,20,4,0,0.082577
1,1,4,80,32,1,10,0,0.081208
1,8,1,20,32,2,10,0,0.081762
0,25,8,16,1,2,16,0,0.770842
0,4,4,25,1,16,16,0,0.123979
1,8,2,10,40,2,8,0,0.112638
0,10,1,10,2,512,1,0,0.09882
1,1,320,1,4,16,5,0,0.08159
1,4,16,50,2,1,16,0,0.753129
1,10,20,1,4,64,2,0,0.020972
0,16,1,10,1,10,64,0,0.166407
0,5,40,1,32,16,1,0,0.130577
1,10,8,8,10,4,4,0,0.079485
0,50,1,16,16,2,4,0,0.133836
0,5,8,8,2,8,20,0,0.180794
1,400,2,4,8,2,2,0,0.753091
1,32,2,2,400,1,2,0,0.240792
1,8,25,1,1,128,4,0,0.033254
1,2,1,50,32,4,8,0,0.018105
1,1,1,128,8,5,20,0,0.240431
1,2,10,32,1,8,20,0,0.078568
1,16,1,20,5,64,1,0,0.082027
1,16,40,1,1,160,1,0,0.079037
1,4,8,4,1,32,25,0,0.240501
0,5,1,80,2,16,8,0,0.131399
1,2,4,40,2,80,2,0,0.081429
1,80,1,10,2,8,8,0,0.021822
1,2,100,2,8,8,4,0,0.01847
1,2,100,16,1,16,2,0,0.752995
1,2,1,80,80,1,8,0,0.081324
1,16,8,5,2,40,2,0,0.078277
1,1,200,2,16,16,1,0,0.021382
1,40,2,8,20,4,2,0,0.079061
1,16,10,1,64,1,10,0,0.081421
1,1,160,1,16,5,8,0,0.081667
1,5,32,1,4,20,8,0,0.082104
1,320,1,1,16,20,1,0,0.081092
1,20,10,1,64,1,8,0,0.02115
1,100,4,1,4,32,2,0,0.025056
0,1,50,64,2,2,8,0,0.770609
1,4,1,100,1,128,2,0,0.021914
1,4,100,2,1,32,4,0,0.019165
1,2,8,8,40,5,4,0,0.240498
1,16,5,8,10,1,16,0,0.079023
1,40,4,10,2,2,16,0,0.51476
1,1,80,20,1,64,1,0,0.513578
1,25,2,64,2,1,16,0,0.753077
1,16,1,100,16,2,2,0,0.514464
1,2,2,50,1,8,64,0,0.024448
1,4,10,4,8,20,4,0,0.081332
1,20,16,2,2,4,20,0,0.076739
1,20,5,4,16,1,16,0,0.017889
1,16,10,4,10,8,2,0,0.079085
1,4,10,16,5,32,1,0,0.07874
1,20,4,20,4,1,16,0,0.513822
1,16,25,8,1,16,2,0,0.752883
1,5,8,4,4,40,4,0,0.081685
1,10,2,80,1,4,16,0,0.515015
1,160,1,4,2,10,8,0,0.079255
1,32,1,20,5,32,1,0,0.078076
1,16,50,4,1,8,4,0,0.752845
1,4,10,16,2,80,1,0,0.079264
1,2,10,8,32,5,4,0,0.082325
1,4,8,10,40,2,4,0,0.080646
1,8,50,8,4,4,2,0,0.753013
1,40,5,8,1,1,64,0,0.514745
1,8,8,5,2,160,1,0,0.080687
1,16,10,4,5,4,8,0,0.07978
1,1,320,1,1,5,64,0,0.081552
1,2,8,8,16,10,5,0,0.240218
1,4,10,40,4,1,16,0,0.515724
1,8,16,1,1,32,25,0,0.251256
1,1,200,2,32,1,8,0,0.017845
1,5,20,16,32,1,2,0,0.512495
1,10,5,4,32,16,1,0,0.021737
1,64,10,1,1,20,8,0,0.121695
1,5,5,8,4,4,32,0,0.025766
1,16,2,100,32,1,1,0,0.753256
1,10,32,10,8,4,1,0,0.753165
1,2,8,40,8,5,4,0,0.078319
1,2,5,16,20,32,1,0,0.081809
1,1,10,20,64,4,2,0,0.020946
1,25,2,8,2,4,32,0,0.01605
0,4,100,4,32,1,2,0,0.550986
1,8,20,10,8,2,4,0,0.514014
1,10,16,1,1,32,20,0,0.082902
1,4,10,80,1,32,1,0,0.753028
1,5,20,2,2,64,4,0,0.020779
1,5,5,16,1,16,16,0,0.020641
1,5,80,4,64,1,1,0,0.513396
1,400,2,4,4,8,1,0,0.752964
1,1,200,2,16,8,2,0,0.021094
1,800,1,4,8,1,4,0,0.752969
1,8,4,50,2,8,4,0,0.515123
1,4,2,50,1,8,32,0,0.018191
1,2,100,1,32,16,1,0,0.025081
1,25,2,64,16,2,1,0,0.752942
1,32,1,20,4,5,8,0,0.078922
1,5,2,32,2,20,8,0,0.08074
1,64,25,1,4,1,16,0,0.515572
1,2,64,1,2,200,2,0,0.238868
1,80,1,5,8,16,2,0,0.020673
0,40,1,10,2,2,64,0,0.125119
1,16,50,1,8,2,8,0,0.022035
1,1,2,80,80,2,4,0,0.080693
0,10,4,4,4,40,4,0,0.166536
1,5,4,16,1,8,40,0,0.082503
1,10,1,10,16,16,4,0,0.019308
1,1,160,4,1,10,16,0,0.07814
1,2,8,10,32,2,10,0,0.081387
1,160,1,2,1,160,2,0,0.081372
1,1,4,400,4,1,16,0,0.513879
1,5,1,32,32,4,5,0,0.082416
1,1,400,1,8,4,8,0,0.018854
1,40,20,4,1,1,32,0,0.753061
1,10,8,2,80,2,4,0,0.081904
1,32,20,5,4,4,2,0,0.753045
1,10,5,2,1,32,32,0,0.019144
1,25,8,8,2,16,2,0,0.514456
1,1,8,25,8,8,8,0,0.022609
1,10,8,2,20,2,16,0,0.082069
1,1600,2,1,32,1,1,0,0.758837
1,10,64,1,8,20,1,0,0.075765
1,1,1,640,2,8,10,0,0.077759
1,128,5,5,1,32,1,0,0.753056
1,20,1,8,40,16,1,0,0.080789
1,4,20,2,32,10,2,0,0.081801
1,16,2,5,2,32,10,0,0.082239
1,2,1,320,40,4,1,0,0.079486
0,1,5,40,1,32,16,0,0.127217
0,8,1,25,64,8,1,0,0.136617
0,8,5,4,4,40,4,0,0.167621
1,100,16,1,1,32,2,0,0.508746
1,16,2,50,16,2,2,0,0.51361
1,5,4,32,4,8,5,0,0.079459
1,50,8,1,64,2,2,0,0.018418
0,40,8,5,1,4,16,0,0.549618
1,10,8,2,8,2,40,0,0.115753
0,100,2,4,8,1,16,0,0.136956
1,40,1,20,1,8,16,0,0.023667
1,10,2,10,32,8,2,0,0.021469
1,32,10,10,2,2,8,0,0.752825
1,5,1,64,160,2,1,0,0.081357
1,10,10,16,4,1,16,0,0.51617
1,8,40,2,10,4,4,0,0.079125
1,40,4,1,128,5,1,0,0.081397
1,2,4,16,80,1,10,0,0.240216
1,2,2,25,2,512,1,0,0.019082
1,8,1,80,4,8,5,0,0.07786
1,2,40,5,2,16,8,0,0.018771
1,100,1,8,32,4,1,0,0.025549
1,32,20,1,5,2,16,0,0.078791
1,1,16,40,8,4,5,0,0.079681
1,1,320,1,64,1,5,0,0.080994
1,100,2,16,4,1,8,0,0.753172
0,16,10,1,5,64,2,0,0.167962
0,5,10,8,1,128,2,0,0.133945
1,20,16,1,1,16,20,0,0.129397
1,80,10,1,32,1,4,0,0.023081
1,50,1,64,4,1,8,0,0.758983
1,4,10,8,80,1,4,0,0.081682
1,25,4,32,2,8,2,0,0.752846
1,20,8,2,1,5,64,0,0.081723
1,8,20,2,1,40,8,0,0.08033
1,4,160,5,1,4,8,0,0.752955
1,32,4,5,8,5,4,0,0.07762
1,25,32,4,2,16,1,0,0.752938
1,1,25,16,1,8,32,0,0.018714
1,1,32,5,8,20,4,0,0.0806
1,1,16,8,100,8,1,0,0.240272
0,8,25,8,1,1,64,0,0.550928
1,20,40,4,2,8,2,0,0.753066
1,5,16,2,5,32,4,0,0.081267
1,1,8,80,1,16,10,0,0.079039
1,2,5,32,64,5,1,0,0.080504
1,1,1,800,1,64,2,0,0.021084
1,8,16,5,2,20,4,0,0.07886
1,1,32,5,8,80,1,0,0.083013
1,20,1,16,2,32,5,0,0.080866
1,4,20,8,1,32,5,0,0.078158
1,1,1,128,16,5,10,0,0.240102
1,10,16,2,10,4,8,0,0.082006
1,8,16,25,8,4,1,0,0.753028
1,20,4,8,160,1,1,0,0.079016
1,20,1,20,4,32,2,0,0.018296
1,64,2,1,16,1,50,0,0.240242
1,20,32,1,2,16,5,0,0.078128
1,32,10,2,16,5,2,0,0.078914
1,4,4,8,80,2,5,0,0.238126
1,5,10,2,2,512,1,0,0.020146
1,2,1,200,1,32,8,0,0.024389
1,5,8,4,160,1,4,0,0.111697
1,1,40,8,32,1,10,0,0.081012
1,2,1,100,64,2,4,0,0.025183
1,5,1,40,8,64,1,0,0.021322
1,40,4,1,1,20,32,0,0.103124
1,25,8,2,2,8,16,0,0.022066
1,8,1,40,2,8,20,0,0.080116
1,20,2,4,32,10,2,0,0.08042
1,2,1,320,4,40,1,0,0.079555
1,2,4,50,1,128,2,0,0.021989
1,64,1,2,100,1,8,0,0.240914
1,2,1,100,64,1,8,0,0.021108
1,4,40,4,4,8,5,0,0.078888
1,1,2,200,128,1,2,0,0.019014
1,200,8,1,2,2,16,0,0.513679
1,16,4,2,4,200,1,0,0.240273
1,10,8,8,8,10,2,0,0.077441
1,10,16,1,4,4,40,0,0.082315
1,1,64,10,20,2,4,0,0.079287
1,4,8,4,20,8,5,0,0.240221
0,2,2,50,2,8,32,0,0.12972
1,5,20,8,32,4,1,0,0.020489
1,40,1,80,4,2,4,0,0.753083
1,2,8,20,80,2,2,0,0.079443
1,1,400,1,8,2,16,0,0.019173
1,4,1,32,25,1,32,0,0.240612
1,8,20,4,4,2,20,0,0.079175
1,10,32,2,80,1,2,0,0.078476
1,80,5,2,16,8,1,0,0.020947
1,2,8,8,2,50,8,0,0.240618
1,8,5,10,1,32,8,0,0.019516
1,4,1,32,80,5,2,0,0.240232
0,5,32,4,1,5,32,0,0.175469
1,1,4,80,20,4,4,0,0.080498
1,2,10,16,5,16,4,0,0.081863
1,1,2,200,16,16,1,0,0.017769
1,2,1,320,1,20,8,0,0.07889
1,8,4,10,160,1,2,0,0.082179
1,16,5,4,80,2,2,0,0.080547
0,4,50,2,16,2,8,0,0.125563
1,4,8,5,10,16,4,0,0.082362
1,2,16,20,80,2,1,0,0.078471
1,8,1,80,2,80,1,0,0.078512
1,1,20,8,5,32,4,0,0.081281
1,2,40,4,4,10,8,0,0.081785
1,8,8,10,8,10,2,0,0.078269
1,4,5,20,128,2,1,0,0.019379
1,5,2,32,10,16,2,0,0.081769
1,1,2,100,64,8,1,0,0.021312
1,1,160,2,4,40,2,0,0.079811
1,40,10,4,4,8,2,0,0.514579
1,4,20,20,16,2,2,0,0.51323
1,4,5,10,512,1,1,0,0.028173
1,25,4,8,2,64,1,0,0.01868
1,16,1,40,10,16,1,0,0.07844
1,2,1,100,64,8,1,0,0.021706
1,16,4,2,100,4,2,0,0.240594
1,1,8,16,5,10,16,0,0.240411
1,1,8,50,32,2,4,0,0.018174
1,2,50,32,8,4,1,0,0.753144
1,8,4,5,10,32,2,0,0.081496
1,1,2,64,32,5,5,0,0.240677
1,16,2,20,2,8,10,0,0.079448
1,2,10,40,8,8,2,0,0.024002
1,25,4,1,64,1,16,0,0.01886
1,8,10,8,16,2,5,0,0.078401
1,2,1,64,1,25,32,0,0.240474
1,160,4,1,5,1,32,0,0.077919
1,16,4,2,40,5,4,0,0.240622
1,10,5,32,1,8,8,0,0.514485
1,16,25,8,8,4,1,0,0.75308
1,80,10,2,1,16,4,0,0.514021
1,40,80,1,2,8,2,0,0.753114
1,8,20,1,16,20,2,0,0.080382
1,100,4,4,1,32,2,0,0.515285
1,16,5,8,2,20,4,0,0.07754
1,4,2,80,16,2,5,0,0.078944
1,2,16,10,8,40,1,0,0.082332
1,2,2,80,2,5,32,0,0.080695
1,1,100,2,2,256,1,0,0.02089
1,4,100,1,16,1,16,0,0.023449
1,1,32,20,8,5,4,0,0.078256
0,5,4,20,2,2,64,0,0.127942
0,4,2,20,2,320,1,0,0.169814
1,16,1,20,2,40,4,0,0.080961
0,10,8,4,4,80,1,0,0.17907
1,16,40,5,2,2,8,0,0.753088
0,5,40,2,256,1,1,0,0.132718
1,20,20,1,1,128,2,0,0.028808
1,1,50,2,256,2,2,0,0.019457
1,4,5,8,5,8,16,0,0.082017
1,4,50,1,2,4,64,0,0.022049
1,5,4,5,256,2,2,0,0.011422
1,2,25,64,2,16,1,0,0.753126
1,50,8,1,16,4,4,0,0.020624
1,8,2,10,2,160,2,0,0.081564
1,25,4,4,1,256,1,0,0.018909
1,5,10,2,32,4,8,0,0.019248
1,4,80,1,1,20,16,0,0.104803
0,10,20,2,4,64,1,0,0.131321
1,40,5,4,1,4,32,0,0.06282
1,64,5,2,4,4,10,0,0.077836
1,8,5,4,1,10,64,0,0.08138
1,16,10,1,2,8,40,0,0.080847
1,2,50,1,32,16,2,0,0.019142
0,2,16,4,32,25,1,0,0.299972
1,5,320,2,4,8,1,0,0.753117
0,2,20,16,2,40,2,0,0.169826
1,8,10,8,40,2,2,0,0.078834
0,4,16,10,160,1,1,0,0.176769
1,4,5,8,16,40,1,0,0.08197
0,2,80,5,2,8,8,0,0.128652
1,64,5,1,32,1,10,0,0.080855
1,20,8,5,2,16,4,0,0.02124
1,1,2,200,32,8,1,0,0.017835
0,1,1,800,4,2,16,0,0.140032
1,4,20,20,4,1,16,0,0.515816
0,40,5,2,4,32,2,0,0.129002
1,64,1,5,2,4,40,0,0.08286
1,10,2,32,8,10,2,0,0.078402
0,4,2,16,2,80,5,0,0.300682
1,10,8,8,5,4,8,0,0.078285
1,4,80,1,4,10,8,0,0.08041
1,4,10,16,2,8,10,0,0.078807
0,32,4,1,5,80,2,0,0.29948
1,4,32,1,200,1,4,0,0.240513
1,2,20,5,4,64,2,0,0.024562
1,2,32,2,1,800,1,0,0.240727
1,2,40,40,16,2,1,0,0.753019
1,40,2,2,2,64,5,0,0.081752
1,20,32,5,16,1,2,0,0.753167
0,20,20,1,1,64,4,0,0.113321
1,10,4,16,2,20,4,0,0.078427
0,2,8,40,2,2,40,0,0.175354
1,1,25,32,4,2,16,0,0.022753
1,20,8,2,8,10,4,0,0.082145
1,200,2,1,1,32,8,0,0.042132
1,2,80,1,320,1,2,0,0.081515
0,4,80,1,5,4,16,0,0.179236
1,5,64,1,1,5,64,0,0.128195
1,40,1,10,16,1,16,0,0.021234
1,1,32,5,128,5,1,0,0.081111
1,8,10,4,2,8,20,0,0.081052
0,40,8,2,40,1,4,0,0.173222
1,4,32,5,4,4,10,0,0.078695
1,1,20,8,5,16,8,0,0.081734
1,2,8,25,2,4,32,0,0.018677
1,16,20,5,4,1,16,0,0.514919
1,1,8,16,2,8,50,0,0.240564
1,10,2,40,8,1,16,0,0.023631
1,1,4,25,2,64,8,0,0.019884
1,128,1,5,5,1,32,0,0.078158
1,50,2,4,32,2,4,0,0.022963
1,2,16,10,2,4,40,0,0.0816
1,40,2,5,4,1,64,0,0.020398
1,5,20,1,8,2,64,0,0.019992
1,20,1,32,1,10,16,0,0.078606
1,1,5,20,32,16,2,0,0.018554
1,20,1,16,5,1,64,0,0.081112
1,160,1,1,32,2,10,0,0.080392
1,100,16,2,2,4,4,0,0.753136
1,25,4,4,8,16,2,0,0.018556
1,4,80,10,2,8,2,0,0.758648
1,10,10,8,4,8,4,0,0.022693
1,5,32,4,10,4,4,0,0.07717
1,1,40,5,8,1,64,0,0.021692
1,2,50,2,8,1,64,0,0.021528
1,1,8,200,2,2,16,0,0.516411
1,8,200,2,1,1,32,0,0.752839
1,20,1,80,2,2,16,0,0.516447
1,40,2,2,5,4,32,0,0.081217
1,320,1,1,1,16,20,0,0.080299
1,40,4,1,10,32,2,0,0.082547
1,10,20,8,2,1,32,0,0.514378
1,5,20,1,1,16,64,0,0.024606
1,1,64,2,400,2,1,0,0.240152
1,32,2,2,5,32,5,0,0.24071
1,2,25,4,16,16,2,0,0.021386
1,1,640,1,4,5,8,0,0.079342
1,1,32,4,1,40,20,0,0.240744
1,2,20,5,64,2,4,0,0.020966
1,100,32,1,16,2,1,0,0.755985
1,5,32,2,1,80,4,0,0.08158
1,100,1,1,16,4,16,0,0.027584
1,5,20,2,8,16,4,0,0.020436
1,40,2,20,2,4,8,0,0.512937
0,2,5,32,20,8,2,0,0.181456
0,5,10,8,1,16,16,0,0.132574
1,32,1,5,5,32,4,0,0.082159
1,5,4,160,8,4,1,0,0.753064
1,1,100,2,64,1,8,0,0.021898
1,4,1,800,8,1,4,0,0.753076
1,8,4,10,20,4,4,0,0.080506
1,8,1,16,16,10,5,0,0.240613
1,1,20,16,5,8,8,0,0.081043
1,8,25,2,4,1,64,0,0.022355
1,16,20,2,40,4,1,0,0.079335
1,40,4,2,20,2,8,0,0.080612
1,4,40,10,4,1,16,0,0.514386
1,2,160,2,8,20,1,0,0.078902
1,5,2,32,32,5,2,0,0.081751
1,32,2,5,16,5,4,0,0.082068
1,4,5,32,5,1,32,0,0.077922
1,64,2,1,5,32,5,0,0.240474
0,8,1,50,16,2,8,0,0.13152
1,1,40,80,4,4,2,0,0.753198
0,5,5,64,8,1,8,0,0.55059
1,16,2,5,5,8,16,0,0.082171
1,8,5,10,16,4,4,0,0.021997
1,80,20,1,16,2,2,0,0.515213
1,40,2,2,40,2,8,0,0.081427
1,2,800,2,1,1,32,0,0.752903
1,5,1,32,20,2,16,0,0.080792
1,2,1,80,1,64,10,0,0.081864
0,1,1,200,16,4,8,0,0.129183
1,2,80,1,40,2,8,0,0.081203
1,16,4,10,16,2,5,0,0.078341
1,2,4,40,10,8,4,0,0.081434
1,40,2,10,8,4,4,0,0.022482
1,10,2,5,16,16,4,0,0.019405
1,2,2,32,4,5,40,0,0.2404
1,4,4,10,20,1,32,0,0.081868
1,2,1,320,1,80,2,0,0.079065
1,100,4,4,2,1,32,0,0.515951
1,2,64,5,16,2,5,0,0.077678
1,80,4,2,8,10,2,0,0.078117
1,2,32,2,10,20,4,0,0.24076
1,5,16,4,32,1,10,0,0.080759
1,1,128,1,4,4,50,0,0.240722
1,1,5,40,2,128,2,0,0.021181
1,2,200,8,4,1,8,0,0.752968
1,1,80,20,8,1,8,0,0.514956
1,40,2,10,1,128,1,0,0.017685
1,4,8,5,5,32,4,0,0.079438
1,160,20,1,8,4,1,0,0.752809
1,4,2,40,32,1,10,0,0.080512
0,10,16,2,320,1,1,0,0.177094
0,80,1,2,4,80,2,0,0.172479
1,128,1,1,4,40,5,0,0.23994
1,2,100,2,4,4,16,0,0.024784
1,200,2,8,1,2,16,0,0.753132
1,80,2,1,80,4,2,0,0.081842
1,1600,1,2,1,32,1,0,0.753092
1,50,16,4,2,1,16,0,0.756154
1,50,4,4,1,128,1,0,0.021896
1,8,200,2,2,8,2,0,0.756284
1,40,1,10,16,16,1,0,0.022196
1,32,10,5,64,1,1,0,0.515534
1,10,1,10,4,4,64,0,0.01909
1,4,100,1,64,1,4,0,0.018184
1,4,16,5,40,8,1,0,0.080946
1,32,2,2,50,4,4,0,0.240727
1,40,10,1,128,1,2,0,0.020307
1,10,2,16,20,4,4,0,0.080654
1,8,200,2,4,2,4,0,0.752992
1,5,16,10,1,8,16,0,0.018567
1,2,50,2,1,8,64,0,0.021286
1,8,5,16,32,1,5,0,0.078545
1,2,10,10,16,2,16,0,0.021215
1,16,25,1,32,8,1,0,0.023991
1,2,20,4,20,2,16,0,0.081452
1,4,50,8,16,4,1,0,0.515099
0,64,1,10,2,4,20,0,0.178904
0,8,16,5,1,80,2,0,0.174388
1,40,2,40,1,32,1,0,0.753019
1,10,5,32,2,16,2,0,0.513707
1,8,2,20,4,8,10,0,0.082304
1,1,8,40,2,5,32,0,0.080866
1,160,1,10,1,2,32,0,0.515047
1,5,1,320,4,1,16,0,0.512235
1,1,64,2,20,4,10,0,0.240756
1,5,1,128,20,4,2,0,0.078003
1,20,32,5,4,1,8,0,0.753038
1,8,10,8,1,32,5,0,0.078233
1,20,4,10,4,16,2,0,0.022336
1,2,8,100,2,1,32,0,0.515261
1,1,16,200,1,8,4,0,0.753013
1,80,4,2,4,4,10,0,0.078801
1,16,1,8,80,5,2,0,0.238231
1,1,50,2,128,2,4,0,0.018891
0,1,40,4,160,1,4,0,0.169666
1,8,40,1,4,80,1,0,0.078844
1,10,1,80,1,16,8,0,0.021659
1,1,400,2,1,128,1,0,0.03097
1,16,1,10,1,10,64,0,0.081475
1,8,10,5,1,4,64,0,0.021608
1,10,20,1,1,64,8,0,0.032241
1,25,4,4,4,32,2,0,0.0206
1,1,40,20,16,1,8,0,0.02602
1,5,1,64,5,64,1,0,0.080661
1,2,64,1,50,8,2,0,0.238252
1,50,4,1,16,1,32,0,0.024099
1,5,8,4,4,10,16,0,0.081457
1,2,1,80,8,4,20,0,0.08129
1,80,4,5,4,1,16,0,0.514817
1,4,1,32,50,1,16,0,0.240644
1,20,10,2,2,8,16,0,0.021875
1,10,2,10,64,2,4,0,0.020319
0,1,320,1,80,1,4,0,0.177558
0,10,5,2,16,8,8,0,0.107421
0,2,100,1,64,1,8,0,0.129016
1,2,10,8,160,2,2,0,0.080845
1,2,4,50,2,2,64,0,0.023148
1,1,8,80,8,1,20,0,0.078846
1,8,10,2,8,2,40,0,0.082116
1,5,5,32,4,4,8,0,0.02624
0,4,1,160,10,2,8,0,0.178681
1,50,2,1,64,2,8,0,0.018172
1,20,16,10,32,1,1,0,0.752756
1,1,5,64,10,16,2,0,0.080753
1,800,1,2,2,2,16,0,0.51456
1,5,8,10,1,128,2,0,0.01769
1,2,20,4,1,16,40,0,0.081393
1,100,1,16,1,32,2,0,0.515827
1,80,1,8,5,2,16,0,0.079039
1,2,5,20,64,1,8,0,0.024928
1,8,20,1,32,1,20,0,0.081508
1,2,8,10,160,4,1,0,0.081131
1,20,4,4,32,10,1,0,0.081948
1,40,5,16,2,16,1,0,0.752905
1,1,5,32,40,4,4,0,0.081581
1,2,10,10,128,1,4,0,0.021341
1,20,2,16,32,5,1,0,0.078253
1,4,32,25,1,16,2,0,0.753117
1,20,20,2,4,8,4,0,0.031456
1,20,2,8,5,4,16,0,0.082259
1,2,80,1,5,2,64,0,0.082134
1,10,32,1,5,1,64,0,0.081791
0,40,1,16,2,5,16,0,0.175239
1,1,32,4,10,80,1,0,0.240779
1,20,5,32,4,8,1,0,0.753079
1,32,2,2,5,160,1,0,0.240281
1,4,25,2,2,16,16,0,0.024775
1,16,2,4,5,80,2,0,0.240916
1,40,10,4,4,1,16,0,0.514739
1,1,10,64,10,1,16,0,0.079781
1,2,40,20,1,4,16,0,0.514967
1,160,1,4,8,10,2,0,0.12061
1,2,800,1,1,16,4,0,0.522891
1,16,5,5,32,8,1,0,0.021125
1,1,50,2,8,4,32,0,0.018662
1,4,4,10,1,320,2,0,0.082439
1,1,2,200,64,2,2,0,0.022373
1,4,80,2,8,1,20,0,0.121116
1,50,2,16,8,4,2,0,0.514979
1,2,5,16,4,20,8,0,0.081466
1,1,5,160,16,2,4,0,0.020034
1,80,2,1,4,20,8,0,0.08084
1,20,2,4,2,320,1,0,0.081232
1,40,1,20,2,16,4,0,0.021265
1,5,8,80,16,2,1,0,0.752972
1,4,80,2,160,1,1,0,0.07935
1,4,16,5,4,80,1,0,0.081585
1,20,80,1,2,1,32,0,0.513782
1,1,5,128,1,20,8,0,0.07923
0,16,1,50,16,1,8,0,0.138363
1,200,1,2,16,16,1,0,0.01886
1,4,20,2,8,16,5,0,0.081761
1,50,1,4,2,64,4,0,0.021643
1,1,8,80,4,8,5,0,0.078871
1,10,2,5,64,16,1,0,0.018968
1,5,32,10,4,1,16,0,0.521861
0,1,32,20,4,10,4,0,0.17722
1,4,50,2,8,8,4,0,0.030025
1,10,4,8,1,320,1,0,0.080962
1,64,1,25,16,2,2,0,0.514719
1,4,10,4,32,4,5,0,0.082416
1,4,1,160,1,4,40,0,0.078738
1,2,100,2,128,2,1,0,0.017773
1,8,2,8,100,2,4,0,0.240168
1,100,4,1,4,16,4,0,0.018515
1,25,4,1,1,256,4,0,0.025365
1,32,5,1,1,40,16,0,0.09049
1,2,400,1,2,2,32,0,0.021073
1,32,2,2,4,40,5,0,0.240404
1,1,1,128,32,25,1,0,0.240589
1,40,8,1,2,16,10,0,0.081942
1,25,8,1,8,1,64,0,0.020523
0,1,8,40,2,32,5,0,0.176813
1,1,1,200,64,4,2,0,0.021359
1,32,10,1,1,40,8,0,0.131881
1,8,8,2,200,4,1,0,0.240229
1,5,40,2,4,32,2,0,0.019133
0,8,25,1,4,16,8,0,0.130286
0,8,5,4,32,4,5,0,0.171612
1,16,1,25,64,1,4,0,0.024344
1,5,128,1,10,4,4,0,0.084111
0,40,2,10,8,8,2,0,0.128206
1,1,1,160,40,2,8,0,0.112194
1,1,128,1,25,16,2,0,0.239891
1,1,8,16,1,80,10,0,0.240602
1,16,5,2,80,8,1,0,0.077445
1,20,2,4,40,1,16,0,0.082927
1,80,1,2,2,20,16,0,0.081006
1,5,5,8,64,4,2,0,0.021621
1,80,2,2,2,32,5,0,0.081017
1,20,1,32,5,32,1,0,0.078834
1,1,2,50,8,8,16,0,0.018682
1,16,50,1,4,16,2,0,0.062996
1,16,1,8,2,50,8,0,0.240515
1,40,16,1,1,40,4,0,0.098708
1,4,25,2,1,64,8,0,0.020625
1,1,10,10,4,64,4,0,0.011725
1,4,20,20,1,8,8,0,0.515025
1,40,40,1,1,1,64,0,0.514132
1,10,1,10,4,128,2,0,0.019633
1,50,8,1,32,1,8,0,0.022899
1,5,160,4,8,4,1,0,0.752933
1,5,80,2,2,32,2,0,0.023409
1,8,20,1,5,64,2,0,0.081521
1,1,5,64,4,4,20,0,0.080696
1,1,40,20,32,4,1,0,0.022811
0,10,1,32,4,4,20,0,0.181405
1,8,5,10,8,2,16,0,0.020652
1,5,4,10,4,16,8,0,0.012903
