Kernel,gx,gy,gz,bx,by,bz,gpuId,occupancy
0,4,2,4,2,16,16,0,0.343181
0,4,4,2,128,1,4,0,0.343238
0,8,2,8,1,4,32,0,0.347425
1,4,2,4,2,16,16,0,0.32314
0,2,32,8,1,32,1,0,0.77253
1,32,1,1,16,2,16,0,0.323265
1,1,4,128,1,16,2,0,0.768122
1,1,8,2,32,4,8,0,0.293192
1,2,16,2,1,16,16,0,0.335957
0,1,8,2,32,4,8,0,0.346369
1,2,128,2,1,32,1,0,0.767925
1,4,4,16,2,32,1,0,0.503228
1,2,64,2,4,8,2,0,0.5033
1,32,2,1,4,32,2,0,0.336188
1,64,4,2,2,16,1,0,0.767594
0,1,256,1,2,2,16,0,0.574671
0,2,4,4,512,1,1,0,0.343125
0,32,1,16,32,1,1,0,0.769825
0,1,32,1,8,4,16,0,0.342445
1,1,8,2,1,512,2,0,0.293778
1,4,2,8,1,128,2,0,0.336284
1,1,16,1,16,32,2,0,0.293384
1,4,64,2,4,8,1,0,0.761966
1,2,1,16,64,4,2,0,0.323301
1,8,2,1,8,16,8,0,0.293737
1,8,4,2,2,16,8,0,0.335767
1,4,2,2,2,512,1,0,0.293228
0,16,4,4,2,2,16,0,0.577408
0,1,2,8,8,64,2,0,0.346673
0,4,64,1,16,4,1,0,0.576393
1,2,1,32,1,16,16,0,0.33608
0,1,16,4,1,16,16,0,0.344663
1,64,1,1,16,1,16,0,0.336142
1,2,128,1,1,32,2,0,0.529171
0,4,4,2,64,1,8,0,0.342981
0,128,1,2,2,1,32,0,0.576989
1,2,4,32,32,1,2,0,0.503135
1,128,2,1,1,2,32,0,0.512835
1,8,2,8,1,64,2,0,0.339844
1,1,8,2,1,16,64,0,0.292005
1,4,8,4,1,64,2,0,0.339834
1,8,1,4,1,8,64,0,0.323352
1,8,32,1,8,4,2,0,0.503318
1,16,1,2,2,128,2,0,0.323409
1,1,16,2,64,2,4,0,0.323519
0,2,4,2,32,16,2,0,0.347021
1,8,2,1,8,64,2,0,0.292029
1,16,32,1,1,32,1,0,0.767983
1,16,1,16,16,2,2,0,0.503299
1,4,8,16,1,1,32,0,0.765314
1,2,8,4,16,2,8,0,0.336704
1,2,128,1,8,4,2,0,0.503333
1,2,2,16,64,2,2,0,0.336663
1,4,8,1,32,1,16,0,0.323293
1,4,2,4,2,8,32,0,0.323867
1,8,2,8,16,1,8,0,0.339872
0,4,4,32,1,32,1,0,0.770845
1,16,1,1,16,1,64,0,0.290262
0,8,8,1,1,16,16,0,0.345194
1,1,1,32,512,1,1,0,0.323287
0,8,2,32,8,4,1,0,0.773858
1,16,1,4,8,2,16,0,0.336909
0,4,2,4,8,1,64,0,0.343833
1,2,16,1,1,8,64,0,0.322954
1,1,8,2,256,1,4,0,0.289296
1,1,2,64,32,1,4,0,0.340076
1,1,64,8,2,4,4,0,0.765478
0,1,4,8,16,2,16,0,0.34379
1,2,64,4,32,1,1,0,0.769273
1,4,4,4,1,256,1,0,0.336744
0,4,8,2,128,2,1,0,0.345983
0,8,1,2,128,1,8,0,0.347273
0,32,4,1,2,1,64,0,0.349148
0,32,2,8,4,8,1,0,0.770671
0,1,2,16,256,1,2,0,0.343604
1,4,8,1,64,4,2,0,0.323246
1,2,32,1,128,1,2,0,0.336879
0,2,2,4,8,64,2,0,0.347145
1,16,4,2,16,2,4,0,0.340312
0,1,8,2,256,1,4,0,0.347847
1,1,32,1,8,2,32,0,0.323656
1,1,8,4,32,4,4,0,0.32374
1,16,8,1,32,1,4,0,0.340455
0,4,8,8,2,4,8,0,0.578392
1,16,1,8,8,16,1,0,0.34043
1,128,1,4,1,16,2,0,0.768503
0,4,1,8,16,32,1,0,0.343812
0,16,1,4,1,4,64,0,0.345351
1,2,4,4,1,64,8,0,0.323326
1,8,1,2,1,16,64,0,0.289408
1,2,2,64,8,1,8,0,0.503796
0,8,4,4,2,4,16,0,0.349514
0,16,8,1,4,2,16,0,0.348729
1,8,1,2,64,1,16,0,0.28951
1,1,1,256,16,2,2,0,0.503691
1,16,1,8,2,16,4,0,0.340402
1,8,4,4,2,1,64,0,0.340095
0,2,16,4,2,4,16,0,0.348883
1,2,64,4,1,1,32,0,0.768279
0,1,2,128,16,4,1,0,0.577252
1,4,8,1,4,16,8,0,0.323457
0,2,16,1,16,4,8,0,0.343725
1,8,2,2,8,16,4,0,0.323598
1,1,1,16,16,1,64,0,0.28972
1,8,16,1,1,64,2,0,0.351015
1,128,2,1,8,8,1,0,0.504122
0,1,64,1,1,32,8,0,0.34587
0,2,4,2,2,32,16,0,0.347873
0,4,4,1,4,128,2,0,0.347063
0,4,16,1,2,16,8,0,0.345412
1,32,16,1,4,2,4,0,0.765702
1,32,1,4,32,1,4,0,0.341734
1,1,8,64,2,1,16,0,0.765848
0,1,1,16,256,1,4,0,0.347145
1,1,2,256,4,8,1,0,0.769349
1,1,1,128,2,8,8,0,0.341696
1,16,1,2,1,64,8,0,0.326782
0,16,2,1,32,16,1,0,0.343866
1,1,16,8,2,32,2,0,0.341037
1,4,32,1,8,1,16,0,0.341591
1,1,1,32,8,1,64,0,0.326699
1,2,1,64,4,32,1,0,0.34155
1,1,2,32,64,4,1,0,0.341154
0,128,1,2,32,1,2,0,0.578308
1,8,1,64,8,4,1,0,0.76896
1,1,32,1,16,1,32,0,0.326579
0,1,2,32,1,32,8,0,0.345877
1,16,2,1,8,2,32,0,0.327203
1,16,1,16,4,16,1,0,0.504356
1,2,2,64,64,1,1,0,0.504157
1,128,1,4,8,1,4,0,0.76906
1,4,1,8,64,8,1,0,0.3269
1,32,1,4,16,2,4,0,0.341474
1,8,4,2,16,2,8,0,0.341132
1,2,8,8,1,2,64,0,0.341565
1,8,8,1,1,8,32,0,0.344742
0,16,4,1,4,4,16,0,0.345325
1,4,32,4,1,1,32,0,0.769709
1,32,4,2,8,4,2,0,0.504365
1,4,32,1,2,2,32,0,0.341423
1,1,128,4,32,1,1,0,0.765736
1,1,128,1,2,32,2,0,0.341085
1,4,32,2,4,16,1,0,0.504014
1,2,1,64,1,32,4,0,0.342036
1,4,1,8,1,32,16,0,0.326891
0,4,2,32,2,16,2,0,0.578947
1,8,4,4,1,8,16,0,0.341229
1,64,2,1,32,1,4,0,0.341387
1,1,8,8,2,8,16,0,0.341443
1,4,1,128,2,2,8,0,0.767098
1,8,2,1,512,1,2,0,0.291578
1,4,64,2,1,1,32,0,0.789405
1,64,4,1,8,4,2,0,0.504614
1,4,2,8,64,1,4,0,0.341127
1,4,4,32,2,16,1,0,0.766482
1,8,2,2,1,64,8,0,0.326863
1,1,4,64,1,16,4,0,0.504296
1,4,1,8,2,64,4,0,0.326923
1,4,1,16,2,16,8,0,0.341087
1,1,128,4,4,2,4,0,0.766197
0,1,4,64,8,8,1,0,0.578615
1,4,16,1,4,64,1,0,0.340714
0,4,4,4,1,32,8,0,0.345494
1,4,8,4,2,8,8,0,0.341684
1,2,8,1,4,256,1,0,0.291566
1,1,512,1,1,32,1,0,0.766258
1,1,8,32,4,8,2,0,0.504222
1,16,1,1,4,8,32,0,0.29143
1,1,1,32,4,4,32,0,0.326857
1,1,2,16,2,32,8,0,0.326777
1,4,2,64,2,4,4,0,0.766029
1,128,4,1,2,1,16,0,0.766501
1,32,4,2,32,1,2,0,0.504298
1,2,8,2,8,4,16,0,0.326789
0,4,4,2,4,2,64,0,0.344011
1,8,4,4,1,2,64,0,0.3416
1,64,2,1,128,1,1,0,0.341458
1,2,1,16,128,2,2,0,0.326864
1,2,128,1,2,32,1,0,0.504076
1,64,1,8,1,16,2,0,0.766308
1,4,8,1,2,32,8,0,0.326531
1,1,2,8,8,128,1,0,0.29155
1,16,1,4,1,32,8,0,0.341053
1,512,1,1,4,1,8,0,0.769625
1,2,32,4,2,1,32,0,0.504064
1,1,32,1,128,2,2,0,0.32699
1,2,1,16,16,2,16,0,0.326614
1,32,2,2,16,8,1,0,0.341322
1,32,2,1,1,8,32,0,0.34448
1,1,1,64,64,2,2,0,0.341046
1,2,16,8,2,16,2,0,0.504346
1,8,1,16,32,2,2,0,0.341741
1,8,16,2,4,4,4,0,0.504428
1,1,16,4,32,8,1,0,0.340886
1,4,2,32,1,1,64,0,0.504009
1,4,1,4,1,64,16,0,0.291174
1,64,1,1,4,2,32,0,0.340944
1,2,16,4,16,2,4,0,0.341569
1,1,2,16,8,16,4,0,0.326917
1,1,32,2,1,32,8,0,0.341487
1,8,1,2,4,32,8,0,0.291123
1,2,4,8,64,4,1,0,0.341372
0,2,64,1,8,1,16,0,0.349179
1,1,1,256,2,2,16,0,0.504354
1,1,16,1,256,1,4,0,0.291617
1,128,2,1,2,2,16,0,0.504349
1,256,1,2,8,2,2,0,0.766734
1,2,64,4,2,8,2,0,0.766257
1,64,1,4,1,4,16,0,0.50432
1,1,1,16,256,4,1,0,0.2918
0,8,2,2,32,2,8,0,0.344191
1,8,2,4,1,64,4,0,0.341344
1,64,1,2,1,32,4,0,0.341673
1,2,1,32,2,2,64,0,0.34085
1,32,2,1,128,2,1,0,0.340911
1,64,4,2,4,1,8,0,0.765797
1,4,2,2,16,1,64,0,0.291459
1,4,1,16,16,4,4,0,0.341108
1,8,16,1,1,2,64,0,0.356491
1,1,4,32,1,2,64,0,0.341367
1,2,4,8,4,64,1,0,0.341037
1,8,2,2,4,2,64,0,0.326799
0,2,8,2,4,4,32,0,0.344341
1,32,2,4,8,2,4,0,0.504322
1,2,1,256,4,4,2,0,0.77637
1,16,8,1,16,1,8,0,0.341608
1,4,8,2,16,8,2,0,0.340886
1,2,2,64,1,1,64,0,0.504012
1,1,32,1,2,64,4,0,0.326848
1,32,1,1,8,8,8,0,0.326757
1,4,8,1,32,2,8,0,0.327004
1,8,2,8,2,16,4,0,0.341515
1,8,2,32,4,2,4,0,0.76986
1,2,1,64,2,32,2,0,0.341386
1,1,2,128,1,64,1,0,0.503803
1,1,64,1,8,1,32,0,0.341059
1,64,4,1,2,8,4,0,0.504096
1,8,2,2,128,1,4,0,0.32685
0,2,8,1,512,1,2,0,0.34815
1,8,1,64,16,1,2,0,0.768902
1,2,4,32,4,2,8,0,0.504289
1,2,16,2,128,2,1,0,0.341075
0,32,8,1,8,1,8,0,0.578366
1,4,1,16,8,16,2,0,0.341321
1,4,4,8,128,1,1,0,0.341604
1,8,64,1,8,1,4,0,0.767107
1,2,64,4,8,1,4,0,0.766002
1,16,2,1,2,128,2,0,0.326739
1,32,1,8,2,4,8,0,0.504253
1,1,8,8,1,128,2,0,0.340891
0,32,1,1,8,64,1,0,0.34399
0,2,4,32,8,4,2,0,0.580162
1,2,32,2,8,16,1,0,0.341272
1,64,8,1,8,4,1,0,0.769334
1,1,8,32,8,4,2,0,0.504347
1,32,1,4,1,16,8,0,0.341598
1,16,16,2,1,4,8,0,0.766512
1,4,1,8,2,16,16,0,0.326671
1,1,1,16,32,2,16,0,0.291728
1,8,16,1,1,16,8,0,0.374573
1,2,8,1,4,4,64,0,0.291618
0,2,2,64,8,4,2,0,0.578951
0,2,2,32,4,8,4,0,0.349113
1,2,8,8,2,2,32,0,0.341489
1,16,2,8,1,4,16,0,0.504413
1,2,1,256,1,16,2,0,0.766413
1,4,4,8,64,1,2,0,0.341472
1,4,2,32,2,4,8,0,0.504185
1,2,8,32,4,8,1,0,0.768915
1,4,2,32,64,1,1,0,0.504035
0,1,512,1,2,1,16,0,0.770569
1,1,32,8,16,1,4,0,0.504351
1,64,4,1,2,1,32,0,0.504013
1,16,32,1,1,1,32,0,0.766632
1,1,1,16,32,16,2,0,0.291706
1,2,8,16,2,4,8,0,0.504349
1,1,64,1,1,32,8,0,0.34089
1,8,1,16,2,8,8,0,0.341755
1,2,4,32,2,32,1,0,0.504385
1,4,2,2,2,8,64,0,0.291662
1,2,8,1,32,2,16,0,0.291363
1,4,4,8,8,1,16,0,0.341529
1,16,1,2,16,2,16,0,0.327032
1,1,32,2,32,8,1,0,0.341165
0,2,2,16,8,32,1,0,0.34583
1,4,1,4,2,16,32,0,0.291828
1,4,4,4,8,32,1,0,0.341167
1,4,8,2,1,8,32,0,0.341184
1,1,2,8,8,64,2,0,0.291577
1,1,16,8,64,1,2,0,0.341907
1,4,4,2,32,16,1,0,0.326921
1,8,4,8,4,1,16,0,0.504193
1,4,32,1,8,2,8,0,0.341901
1,8,1,32,4,8,2,0,0.504279
1,8,2,2,4,64,2,0,0.326865
1,16,4,4,2,1,32,0,0.504071
1,8,64,1,4,4,2,0,0.766039
1,32,2,8,8,2,2,0,0.76954
1,2,1,16,512,1,1,0,0.326799
1,16,1,2,8,64,1,0,0.327073
1,4,64,1,1,32,2,0,0.605505
1,1,4,8,256,1,2,0,0.326849
1,64,1,1,1,64,4,0,0.341172
0,1,2,128,8,1,8,0,0.579384
1,32,4,1,4,2,16,0,0.341503
1,16,1,4,128,2,1,0,0.341303
1,32,4,1,2,1,64,0,0.341826
1,2,4,32,1,2,32,0,0.504219
1,16,8,1,1,64,2,0,0.352728
1,1,1,64,16,2,8,0,0.340885
1,32,1,16,1,8,4,0,0.763706
1,4,16,2,4,1,32,0,0.341579
1,2,32,1,8,16,2,0,0.340705
1,2,16,4,32,1,4,0,0.34154
0,4,8,1,1,128,4,0,0.358125
1,1,1,32,8,64,1,0,0.326432
0,4,4,4,16,1,16,0,0.345554
1,1,2,64,8,2,8,0,0.341609
1,2,8,2,1,128,4,0,0.327033
1,1,4,32,32,2,2,0,0.341548
1,16,1,1,4,64,4,0,0.291429
1,2,16,1,64,4,2,0,0.326545
1,256,2,1,4,4,2,0,0.769455
1,8,4,2,1,128,2,0,0.341374
1,16,1,2,64,1,8,0,0.326578
0,2,8,4,64,1,4,0,0.345768
1,32,2,8,8,4,1,0,0.769519
1,4,2,8,1,8,32,0,0.341134
1,32,1,1,64,8,1,0,0.326792
1,1,4,64,2,16,2,0,0.50426
1,2,2,128,16,1,2,0,0.763532
1,4,8,1,4,128,1,0,0.326866
1,4,2,64,32,1,1,0,0.768788
1,8,64,1,1,1,32,0,0.76613
1,1,32,1,64,2,4,0,0.32705
1,4,8,1,16,2,16,0,0.326738
1,4,16,4,8,2,4,0,0.504194
0,4,8,1,2,4,64,0,0.343499
0,1,8,2,4,8,32,0,0.346938
1,1,1,256,1,64,1,0,0.504149
1,2,32,4,32,2,1,0,0.504446
0,64,2,2,1,32,2,0,0.576433
1,4,16,1,64,1,4,0,0.340778
1,4,64,1,8,2,4,0,0.504059
1,8,16,1,32,2,2,0,0.341065
1,1,8,64,4,4,2,0,0.769444
1,8,2,2,4,128,1,0,0.32692
0,128,1,4,2,1,16,0,0.776723
0,2,2,32,8,4,4,0,0.348932
1,4,1,4,16,4,16,0,0.291559
1,32,4,2,2,32,1,0,0.50427
1,1,4,8,2,8,32,0,0.326774
1,2,8,16,32,2,1,0,0.504353
1,2,32,1,2,4,32,0,0.340697
1,4,1,32,32,1,4,0,0.341561
1,1,128,2,16,1,4,0,0.504534
1,8,4,4,1,4,32,0,0.341054
1,1,2,64,8,1,16,0,0.341718
1,1,64,4,2,4,8,0,0.504414
1,1,16,2,8,8,8,0,0.326548
0,16,2,1,512,1,1,0,0.344236
1,2,2,128,4,2,4,0,0.766775
1,4,32,1,1,16,8,0,0.373734
1,8,8,1,2,64,2,0,0.34099
1,16,2,8,4,8,2,0,0.570197
0,16,4,8,2,1,16,0,0.77087
1,16,1,16,1,64,1,0,0.504097
1,2,4,16,1,4,32,0,0.34149
1,1,4,64,1,2,32,0,0.504406
1,8,2,32,16,2,1,0,0.766489
1,4,1,16,64,1,4,0,0.340701
1,4,8,2,32,4,2,0,0.34146
1,2,4,64,8,4,1,0,0.769331
1,4,2,2,1,1024,1,0,0.291697
1,4,128,1,1,4,8,0,0.776836
1,128,1,1,16,1,8,0,0.341715
1,8,1,32,2,4,8,0,0.504381
1,2,1,64,16,4,2,0,0.341656
1,16,1,2,2,64,4,0,0.326957
1,1,4,16,1,8,32,0,0.341125
1,128,1,2,2,8,4,0,0.504043
1,4,64,1,8,4,2,0,0.50421
1,2,2,8,4,32,4,0,0.326918
1,16,1,1,128,4,2,0,0.291408
1,2,8,4,32,1,8,0,0.341341
1,2,16,16,32,1,1,0,0.766014
1,2,2,32,32,1,4,0,0.341384
1,4,64,2,1,16,2,0,0.766063
1,1,2,16,4,8,16,0,0.326871
1,1,2,128,1,16,4,0,0.50412
1,4,2,16,1,32,4,0,0.341622
0,16,4,2,2,16,4,0,0.348929
1,8,4,1,16,4,8,0,0.326702
1,1,1,128,64,1,2,0,0.341648
1,1,128,1,16,1,8,0,0.341443
1,32,1,2,2,32,4,0,0.341179
1,2,4,8,4,32,2,0,0.341314
1,8,2,8,2,8,8,0,0.341378
1,64,1,2,4,1,32,0,0.340792
1,4,1,4,2,8,64,0,0.291211
1,1,64,1,2,16,8,0,0.341505
0,8,8,2,128,1,1,0,0.349405
1,4,8,8,4,8,2,0,0.504145
1,4,64,2,4,2,4,0,0.766528
1,2,4,16,32,1,4,0,0.341951
1,16,8,1,4,1,32,0,0.341507
1,4,2,64,1,8,4,0,0.769391
1,1,2,32,8,32,1,0,0.336841
1,2,4,8,128,1,2,0,0.336874
1,2,1,32,64,4,1,0,0.33687
1,2,8,32,8,1,4,0,0.760499
1,1,16,1,4,256,1,0,0.2888
0,2,2,8,8,64,1,0,0.344235
0,2,2,64,4,1,16,0,0.578009
1,2,16,1,256,2,1,0,0.323218
1,1,16,8,8,4,4,0,0.340177
1,8,2,16,64,1,1,0,0.503476
1,1,8,16,32,1,4,0,0.340596
1,1,2,8,4,128,2,0,0.289303
1,16,1,2,4,8,16,0,0.323307
1,8,2,2,8,2,32,0,0.323172
1,1,8,8,64,4,1,0,0.336642
1,4,16,1,1,8,32,0,0.344233
1,16,1,8,16,4,2,0,0.340321
1,1,16,2,16,16,2,0,0.323215
1,1,8,64,2,2,8,0,0.773286
1,4,8,16,4,2,4,0,0.765284
1,128,2,2,1,4,8,0,0.76577
1,1,16,16,4,4,4,0,0.56921
1,16,16,2,1,32,1,0,0.765529
0,1,16,1,4,256,1,0,0.347306
1,1,64,8,4,1,8,0,0.773686
1,4,16,2,8,4,4,0,0.340245
1,16,16,1,32,1,2,0,0.503638
1,8,64,1,1,4,8,0,0.776872
1,128,1,2,4,1,16,0,0.503621
1,4,4,16,32,1,2,0,0.503627
1,16,8,2,1,1,64,0,0.503566
1,1,1,512,8,4,1,0,0.761886
1,4,4,4,16,16,1,0,0.336728
0,2,4,4,1,16,32,0,0.34377
1,1,16,32,8,1,4,0,0.761012
1,8,4,4,8,2,8,0,0.340317
1,1,1,64,1,256,1,0,0.336901
1,4,4,8,64,2,1,0,0.340085
1,2,2,64,1,8,8,0,0.503471
1,2,8,32,1,16,2,0,0.761803
1,2,8,2,256,1,2,0,0.323288
1,4,16,2,32,2,2,0,0.339998
1,128,2,1,8,2,4,0,0.503664
1,8,4,1,2,4,64,0,0.323456
1,16,32,1,16,2,1,0,0.765979
1,2,64,1,4,4,8,0,0.340354
1,8,2,4,64,4,1,0,0.336854
1,2,32,2,2,64,1,0,0.340192
1,1,32,1,8,32,2,0,0.323725
1,2,256,1,8,1,4,0,0.751713
1,2,4,4,4,8,16,0,0.323503
1,1,8,32,8,8,1,0,0.503585
1,4,1,16,32,8,1,0,0.336803
1,64,1,4,64,1,1,0,0.5035
1,8,64,1,16,2,1,0,0.765545
1,8,1,32,1,4,16,0,0.503497
1,1,4,32,2,64,1,0,0.340386
1,16,8,4,4,4,2,0,0.774028
1,64,1,2,1,64,2,0,0.340235
1,4,4,2,2,4,64,0,0.323442
1,8,4,2,2,2,64,0,0.337236
1,64,1,4,1,32,2,0,0.50369
1,4,1,64,64,1,1,0,0.503438
1,8,8,4,2,16,2,0,0.503633
0,2,256,1,16,1,2,0,0.770467
1,1,64,2,16,1,8,0,0.340168
1,8,8,1,128,2,1,0,0.336718
1,32,1,2,2,64,2,0,0.337004
1,2,4,16,8,4,4,0,0.340112
1,1,1,128,4,2,16,0,0.340553
1,8,2,2,32,1,16,0,0.323383
0,1,4,64,16,2,2,0,0.577763
1,1,8,16,64,2,1,0,0.340445
0,8,1,32,1,2,32,0,0.575987
0,4,16,1,4,16,4,0,0.345657
1,4,16,4,64,1,1,0,0.503492
1,2,16,4,2,1,64,0,0.34016
0,8,4,2,4,4,16,0,0.345811
1,32,2,8,4,2,4,0,0.761858
1,256,1,2,4,2,4,0,0.773003
1,1,256,1,1,32,2,0,0.503814
1,2,1,64,4,16,2,0,0.339817
1,2,8,2,16,1,32,0,0.323151
1,16,8,4,16,2,1,0,0.752053
1,512,1,1,1,32,1,0,0.761651
1,8,2,1,32,16,2,0,0.289192
1,1,32,4,8,2,8,0,0.340386
1,32,1,1,1,32,16,0,0.323134
1,8,8,4,8,1,8,0,0.503769
1,4,16,4,8,8,1,0,0.503723
1,16,2,1,4,128,1,0,0.323319
1,32,1,1,512,1,1,0,0.323571
1,1,8,64,4,2,4,0,0.765207
1,128,1,4,4,2,4,0,0.768981
1,1,4,4,512,1,2,0,0.289071
1,2,4,16,32,4,1,0,0.339992
1,1,64,8,4,2,4,0,0.761385
1,2,1,128,2,16,2,0,0.503658
1,4,2,16,4,8,4,0,0.340345
1,16,16,1,1,16,4,0,0.612109
1,2,2,128,2,8,2,0,0.76175
0,1,1,16,2,128,4,0,0.347669
1,2,2,8,4,16,8,0,0.323465
1,2,128,1,16,1,4,0,0.503267
1,32,2,2,4,1,32,0,0.339901
1,2,2,4,32,4,8,0,0.288957
1,8,64,1,1,16,2,0,0.776875
0,128,1,1,2,4,16,0,0.349281
1,16,1,2,1,8,64,0,0.323604
1,8,1,4,1,512,1,0,0.323802
1,32,16,1,4,1,8,0,0.756681
1,4,1,32,4,1,32,0,0.340332
1,8,2,8,2,2,32,0,0.340019
0,2,2,8,4,32,4,0,0.34407
1,1,4,4,8,4,32,0,0.289159
1,1,4,8,8,16,4,0,0.323149
1,4,8,1,2,128,2,0,0.323304
1,2,4,8,128,2,1,0,0.336582
1,4,4,1,8,64,2,0,0.289645
0,2,4,4,8,2,32,0,0.343997
1,1,1,512,1,16,2,0,0.765574
1,1,4,64,8,1,8,0,0.503698
1,32,2,1,2,8,16,0,0.337074
0,1,8,8,2,32,4,0,0.345109
1,1,2,8,32,1,32,0,0.28813
1,16,2,4,32,1,4,0,0.339966
1,256,1,2,2,1,16,0,0.757088
0,16,8,2,2,1,32,0,0.577596
0,1,4,16,64,2,2,0,0.345515
0,2,4,32,16,1,4,0,0.57985
0,16,1,4,16,16,1,0,0.345562
0,8,4,8,2,16,2,0,0.578885
1,1,1,64,4,32,2,0,0.337371
0,1,8,2,1,16,64,0,0.348612
1,2,4,8,64,1,4,0,0.336767
1,128,1,1,8,8,2,0,0.340187
0,1,4,16,8,32,1,0,0.345616
0,8,4,2,1,32,8,0,0.345409
0,2,16,8,1,4,16,0,0.578264
1,4,4,2,64,1,8,0,0.32346
1,8,8,1,2,16,8,0,0.336962
0,8,2,1,64,1,16,0,0.347508
1,4,8,1,2,256,1,0,0.323298
1,64,8,1,4,1,8,0,0.760399
0,1,1,32,512,1,1,0,0.344068
0,8,1,4,64,1,8,0,0.343973
1,2,2,32,1,4,32,0,0.340249
0,2,8,4,4,16,4,0,0.345891
0,32,4,4,4,2,4,0,0.770683
1,1,128,1,128,1,1,0,0.340451
1,16,8,2,64,1,1,0,0.503782
0,32,1,2,32,8,1,0,0.345823
1,8,1,32,1,64,1,0,0.503654
0,2,4,4,32,4,4,0,0.344339
0,2,64,4,32,1,1,0,0.773472
0,64,2,1,32,1,4,0,0.349103
1,4,2,2,128,8,1,0,0.289056
0,16,8,2,64,1,1,0,0.578552
0,8,8,4,64,1,1,0,0.578491
0,16,4,4,4,1,16,0,0.578992
0,4,8,1,64,4,2,0,0.343727
1,1,32,8,2,8,4,0,0.503716
1,4,4,4,64,2,2,0,0.336827
0,1,8,16,32,1,4,0,0.349241
1,8,1,16,4,1,32,0,0.340532
0,2,1,256,2,1,16,0,0.770528
0,2,4,4,1,64,8,0,0.343726
0,8,1,2,1,16,64,0,0.346627
1,1,8,4,16,1,32,0,0.323436
1,2,4,16,1,64,2,0,0.340159
1,128,1,1,1,8,16,0,0.34027
1,32,1,8,32,2,1,0,0.503732
1,1,8,4,128,2,2,0,0.323484
1,4,1,64,16,4,1,0,0.503705
1,64,2,4,8,1,4,0,0.764687
1,2,64,1,8,4,4,0,0.340414
0,64,8,1,1,4,8,0,0.769835
1,8,2,2,32,16,1,0,0.323077
0,1,8,16,8,1,16,0,0.349344
1,8,32,2,1,1,32,0,0.760816
1,1,8,16,1,4,32,0,0.340398
0,64,2,1,64,1,2,0,0.34936
0,1,1,128,1,4,32,0,0.349187
1,1,4,8,64,4,2,0,0.323296
0,2,1,128,2,16,2,0,0.579439
1,2,128,2,2,8,2,0,0.769456
0,16,8,4,2,4,4,0,0.77019
1,2,4,8,8,32,1,0,0.336735
1,4,4,4,1,32,8,0,0.337097
1,256,2,1,1,4,8,0,0.777226
1,4,4,2,4,2,64,0,0.323492
1,1,4,4,32,16,2,0,0.289567
1,16,4,4,2,2,16,0,0.503599
1,32,1,8,1,1,64,0,0.503701
1,16,1,32,4,4,2,0,0.768204
1,1,1,32,4,64,2,0,0.323188
1,8,16,1,2,64,1,0,0.340125
1,16,8,1,4,32,1,0,0.340174
1,4,1,4,2,128,4,0,0.289078
1,1,256,1,1,64,1,0,0.50371
0,8,2,32,2,2,8,0,0.770423
1,2,1,128,8,4,2,0,0.503616
1,2,16,16,16,2,1,0,0.765823
1,8,16,1,8,4,4,0,0.340358
1,4,4,32,1,32,1,0,0.760605
0,16,32,1,2,1,16,0,0.773957
1,2,1,32,16,16,1,0,0.336675
1,2,8,2,4,4,32,0,0.323458
1,16,4,1,16,1,16,0,0.336903
1,1,4,4,2,64,8,0,0.289496
0,8,2,32,4,2,4,0,0.7706
0,64,4,1,8,8,1,0,0.57932
1,2,1,64,16,8,1,0,0.340134
1,4,1,16,128,2,1,0,0.337088
1,4,8,2,2,128,1,0,0.336972
1,32,1,2,2,8,16,0,0.336786
1,32,2,4,8,4,2,0,0.503501
1,2,2,128,8,2,2,0,0.761574
1,256,2,1,2,8,2,0,0.761943
0,1,1,16,1,32,32,0,0.348388
0,2,2,32,1,64,2,0,0.348497
1,16,4,4,16,2,2,0,0.503597
0,16,4,1,64,1,4,0,0.345869
1,4,2,64,2,1,16,0,0.756411
1,2,2,4,16,8,8,0,0.289091
1,1,2,64,1,32,4,0,0.340554
1,2,8,1,4,128,2,0,0.289028
1,2,2,4,8,32,4,0,0.289419
1,1,2,64,64,2,1,0,0.340644
1,2,16,4,4,2,16,0,0.340202
0,2,16,2,128,1,2,0,0.345548
1,16,16,1,4,2,8,0,0.503535
1,64,4,1,32,2,1,0,0.50346
1,64,1,2,4,32,1,0,0.340644
1,32,1,16,2,1,16,0,0.765659
1,2,4,8,4,16,4,0,0.336685
1,16,1,32,8,4,1,0,0.768926
1,1,1,128,2,64,1,0,0.340523
1,1,256,1,1,2,32,0,0.503415
1,1,4,32,8,16,1,0,0.340375
1,2,32,4,4,16,1,0,0.503842
0,1,2,8,32,1,32,0,0.347384
1,2,16,8,1,8,8,0,0.503778
1,8,1,4,8,8,8,0,0.323283
1,32,1,2,8,4,8,0,0.33687
1,2,8,32,1,2,16,0,0.765033
0,1,32,8,16,1,4,0,0.578341
1,2,8,1,1,64,16,0,0.25556
0,2,2,16,4,8,8,0,0.345832
1,1,32,8,2,16,2,0,0.503576
1,8,1,16,1,128,1,0,0.340259
1,4,4,2,4,128,1,0,0.323465
0,64,4,1,4,1,16,0,0.57963
0,32,4,1,4,2,16,0,0.348761
0,1,16,32,16,1,2,0,0.770603
0,2,64,1,4,2,16,0,0.349096
0,8,2,4,8,16,2,0,0.345446
0,2,32,8,4,8,1,0,0.770424
0,32,2,8,8,4,1,0,0.771099
0,4,1,4,16,1,64,0,0.347077
0,1,1,256,1,64,1,0,0.57845
1,128,1,4,2,1,16,0,0.761906
0,32,2,2,16,2,4,0,0.349252
1,8,2,2,32,2,8,0,0.323215
0,32,4,1,64,1,2,0,0.349281
1,2,2,8,256,2,1,0,0.323453
1,1,32,16,1,1,32,0,0.756431
0,1,4,4,64,16,1,0,0.347414
0,1,32,2,8,32,1,0,0.34585
1,8,16,2,16,2,2,0,0.503526
0,2,16,1,256,2,1,0,0.344382
1,8,32,1,1,2,32,0,0.507762
1,2,128,1,32,1,2,0,0.503405
0,16,1,4,256,1,1,0,0.345911
1,32,1,1,4,16,8,0,0.32323
1,8,1,32,1,2,32,0,0.504033
0,16,8,4,1,1,32,0,0.77058
1,2,16,8,2,1,32,0,0.503601
1,8,1,32,2,2,16,0,0.503602
0,2,8,1,1,64,16,0,0.360032
1,32,1,1,32,8,2,0,0.323233
0,4,4,2,1,256,2,0,0.343723
1,64,2,2,1,8,8,0,0.50363
1,16,8,1,128,1,1,0,0.340387
1,4,8,1,4,2,64,0,0.323448
0,32,2,8,4,2,4,0,0.770636
1,64,4,2,1,1,32,0,0.757248
1,2,2,4,16,64,1,0,0.289294
1,4,2,8,4,2,32,0,0.336854
1,1,64,2,1,4,32,0,0.340583
1,4,2,64,4,2,4,0,0.75669
0,8,16,2,2,1,32,0,0.579378
1,8,8,8,4,1,8,0,0.765824
1,16,8,4,1,4,8,0,0.752172
0,4,4,1,1,128,8,0,0.361128
1,128,1,1,2,8,8,0,0.340421
1,1,64,1,4,1,64,0,0.336807
1,8,4,16,2,2,8,0,0.764904
1,8,16,4,1,2,16,0,0.756307
1,4,16,2,128,1,1,0,0.340465
1,16,2,1,32,4,4,0,0.323185
1,8,1,2,1,32,32,0,0.288938
1,2,16,1,8,8,8,0,0.323145
1,32,1,4,32,4,1,0,0.340153
1,1,8,32,1,1,64,0,0.503665
0,4,2,4,16,4,8,0,0.343915
1,1,8,2,64,8,2,0,0.289517
0,2,128,1,8,4,2,0,0.577347
1,8,16,2,1,32,2,0,0.503488
1,1,16,2,4,2,64,0,0.323777
1,4,32,1,4,32,1,0,0.340596
1,1,64,8,8,4,1,0,0.761959
1,8,2,1,4,128,2,0,0.289103
1,1,4,4,1,512,2,0,0.289312
1,1,2,8,1,256,4,0,0.289108
1,4,8,4,2,1,64,0,0.340413
1,16,1,2,8,16,4,0,0.323291
1,16,2,4,16,2,4,0,0.340402
1,1,32,8,2,32,1,0,0.503783
1,4,8,2,256,1,1,0,0.336761
1,8,2,8,2,4,16,0,0.340686
0,2,4,4,1,512,1,0,0.343887
1,32,2,1,4,8,8,0,0.336954
1,64,1,4,4,4,4,0,0.503528
1,2,16,4,64,2,1,0,0.340421
1,2,4,2,1,32,32,0,0.288671
1,4,1,8,4,128,1,0,0.323455
1,1,16,1,128,4,2,0,0.289103
1,1,1,16,4,8,32,0,0.288449
1,8,2,2,2,128,2,0,0.323255
1,8,4,4,4,4,8,0,0.340185
1,2,64,4,4,8,1,0,0.756401
1,256,1,2,16,1,2,0,0.756512
1,2,8,32,2,8,2,0,0.761497
1,2,4,32,1,1,64,0,0.503592
1,4,8,16,8,2,2,0,0.764661
1,32,1,1,128,1,4,0,0.323383
1,16,2,4,1,8,16,0,0.340169
1,32,8,1,1,16,4,0,0.613177
1,2,64,2,4,2,8,0,0.503535
1,1,32,1,16,32,1,0,0.323312
0,2,4,8,128,1,2,0,0.345953
0,2,64,1,32,4,1,0,0.349225
1,64,2,4,2,2,8,0,0.76109
1,4,1,4,32,8,4,0,0.289095
1,1,1,64,4,4,16,0,0.33717
1,64,1,2,32,4,1,0,0.3403
1,16,1,1,1,32,32,0,0.289326
1,8,2,32,1,4,8,0,0.76584
1,2,128,1,8,2,4,0,0.503516
1,1,1,256,64,1,1,0,0.503766
0,16,8,4,4,8,1,0,0.77033
1,2,8,8,8,1,16,0,0.340474
1,1,2,32,256,1,1,0,0.337092
1,1,4,32,4,2,16,0,0.340731
1,32,4,1,16,1,8,0,0.340365
1,2,2,4,1,512,2,0,0.289443
1,2,1,16,2,4,64,0,0.323726
1,2,8,8,2,32,2,0,0.340128
1,8,8,2,16,4,2,0,0.340254
0,1,32,4,2,1,64,0,0.349295
1,64,2,4,16,2,1,0,0.765417
1,1,4,16,64,2,2,0,0.337133
1,2,4,32,16,1,4,0,0.50364
1,1,32,4,4,16,2,0,0.340315
1,16,8,1,16,4,2,0,0.340342
1,1,64,8,1,16,2,0,0.768661
1,8,1,8,4,1,64,0,0.336875
1,64,2,4,1,32,1,0,0.752088
1,1,1,16,32,1,32,0,0.28893
1,4,4,8,1,64,2,0,0.340807
1,128,2,1,1,1,64,0,0.50393
1,2,8,4,4,2,32,0,0.336806
1,1,32,16,1,8,4,0,0.765532
1,1,64,2,2,2,32,0,0.340731
0,4,4,2,4,16,8,0,0.344205
0,2,16,1,2,32,8,0,0.343679
0,4,4,8,8,16,1,0,0.349308
1,2,4,8,16,2,8,0,0.336954
1,8,4,1,4,64,2,0,0.323568
1,4,16,2,1,2,64,0,0.340178
1,32,1,1,8,16,4,0,0.323208
1,8,2,4,2,16,8,0,0.336837
1,4,128,1,2,8,2,0,0.761524
1,32,16,1,2,8,2,0,0.76486
1,4,8,4,1,32,4,0,0.340244
1,1,1,16,32,32,1,0,0.289333
1,8,1,2,2,16,32,0,0.289738
1,32,1,1,1,16,32,0,0.323273
1,4,4,16,16,4,1,0,0.503747
1,1,128,2,4,8,2,0,0.503723
1,16,32,1,32,1,1,0,0.765494
1,1,4,8,8,8,8,0,0.323392
1,2,1,8,512,2,1,0,0.288994
1,1,4,8,32,8,2,0,0.323299
1,4,64,1,1,16,4,0,0.613617
1,1,32,8,1,8,8,0,0.503654
1,1,2,8,2,256,2,0,0.28937
1,2,2,8,32,8,2,0,0.323411
1,1,2,256,4,1,8,0,0.769015
1,2,4,2,32,2,16,0,0.28917
1,1,32,4,4,2,16,0,0.340075
1,1,8,64,2,8,2,0,0.761668
1,4,1,16,2,64,2,0,0.336643
1,16,4,8,8,4,1,0,0.768803
1,1,64,1,16,4,4,0,0.33679
1,8,16,2,4,16,1,0,0.503775
1,8,32,2,4,8,1,0,0.768858
1,8,16,2,2,4,8,0,0.503386
1,1,32,1,8,8,8,0,0.323141
1,32,1,2,2,16,8,0,0.336902
1,4,1,4,1,256,4,0,0.288814
1,16,4,8,16,1,2,0,0.768598
1,2,8,1,512,1,2,0,0.289024
1,1,2,16,128,4,1,0,0.323759
1,1,32,2,16,2,8,0,0.336583
1,4,1,128,2,4,4,0,0.757125
1,4,32,1,16,4,2,0,0.340284
1,1,4,32,128,1,1,0,0.340622
1,2,2,16,64,4,1,0,0.336588
1,4,1,8,8,1,64,0,0.323059
1,8,1,2,128,2,4,0,0.288953
1,32,2,1,1,32,8,0,0.337484
1,16,2,1,128,4,1,0,0.323076
1,2,2,4,256,4,1,0,0.288877
1,8,1,2,2,8,64,0,0.288995
1,1,32,8,4,16,1,0,0.503435
0,1,16,8,2,1,64,0,0.349305
1,2,4,4,512,1,1,0,0.323184
1,8,8,2,2,4,16,0,0.340525
1,1,4,4,32,2,16,0,0.288862
1,64,4,2,4,2,4,0,0.769193
1,8,4,1,512,1,1,0,0.322902
1,1,1,128,8,4,4,0,0.340487
1,1,8,32,16,4,1,0,0.503807
1,64,1,2,128,1,1,0,0.340296
0,4,16,1,4,2,32,0,0.345367
1,512,1,1,8,1,4,0,0.761018
0,16,16,2,8,2,2,0,0.770454
1,16,8,2,8,8,1,0,0.503814
0,16,2,4,2,4,16,0,0.349137
1,4,8,1,32,4,4,0,0.323521
1,2,8,16,1,32,2,0,0.503639
1,2,16,1,8,2,32,0,0.323314
1,2,4,8,32,1,8,0,0.336882
1,32,1,1,16,32,1,0,0.32326
1,2,2,4,16,4,16,0,0.28854
1,4,2,16,4,2,16,0,0.340333
1,16,1,4,4,32,2,0,0.336847
1,32,1,2,4,4,16,0,0.337033
1,64,1,1,128,2,1,0,0.336645
1,1,64,8,32,1,1,0,0.757101
1,1,16,16,8,8,1,0,0.503846
1,16,8,2,4,1,16,0,0.503433
1,8,8,1,1,128,2,0,0.340201
1,4,2,32,8,8,1,0,0.503462
1,4,2,32,4,1,16,0,0.503632
1,4,2,4,64,8,1,0,0.323102
1,2,2,8,32,1,16,0,0.323035
1,128,1,1,2,2,32,0,0.340246
1,8,1,4,2,8,32,0,0.323508
1,4,32,1,8,8,2,0,0.340229
1,32,2,8,1,4,8,0,0.752242
1,8,2,2,8,4,16,0,0.323336
1,1,1,32,1,512,1,0,0.323448
1,1,1,16,2,512,1,0,0.288738
0,32,1,1,8,1,64,0,0.34427
1,2,2,32,2,4,16,0,0.340379
1,8,4,1,1,64,8,0,0.319425
1,4,1,64,32,2,1,0,0.503585
1,4,8,4,8,2,8,0,0.340171
0,8,2,16,4,8,2,0,0.57941
1,128,1,2,2,1,32,0,0.5035
1,16,1,4,1,8,32,0,0.336801
1,4,4,2,8,32,2,0,0.323216
1,1,256,1,1,1,64,0,0.503732
1,1,2,8,2,16,32,0,0.28899
1,8,4,1,64,8,1,0,0.32343
1,2,1,16,8,8,8,0,0.323294
1,1,16,2,4,128,1,0,0.323497
1,1,256,1,2,16,2,0,0.503629
1,2,8,2,16,16,2,0,0.3233
1,16,1,8,8,2,8,0,0.340221
1,1,16,32,4,1,8,0,0.756746
1,2,128,1,16,2,2,0,0.503591
1,2,4,4,4,4,32,0,0.323262
1,2,1,64,4,8,4,0,0.34054
1,4,16,1,256,1,1,0,0.336783
0,8,8,1,2,16,8,0,0.345371
0,4,128,1,4,2,4,0,0.77303
1,1,32,4,4,32,1,0,0.340362
1,32,4,1,2,16,4,0,0.340234
1,1,16,1,2,8,64,0,0.288538
1,16,2,4,8,2,8,0,0.340073
1,4,16,2,2,32,2,0,0.340343
1,4,4,1,2,16,32,0,0.28887
1,1,4,16,4,8,8,0,0.336664
1,4,8,8,1,8,8,0,0.503664
1,4,16,1,2,8,16,0,0.336876
1,4,1,8,16,2,16,0,0.323359
0,8,4,1,2,128,2,0,0.344001
1,2,128,1,1,8,8,0,0.628847
1,4,2,2,2,256,2,0,0.289444
1,1,128,2,2,32,1,0,0.503614
1,1,16,2,32,8,2,0,0.323423
1,2,8,16,4,16,1,0,0.503533
1,8,2,32,8,1,4,0,0.768892
1,64,2,1,4,8,4,0,0.340273
1,4,32,1,16,2,4,0,0.340558
0,16,2,16,8,2,2,0,0.773697
1,2,1,32,2,8,16,0,0.336721
1,2,8,4,4,16,4,0,0.336882
1,32,1,1,32,4,4,0,0.323072
1,16,2,8,1,8,8,0,0.503653
1,4,2,64,8,4,1,0,0.76097
1,1,16,2,2,128,2,0,0.323516
1,2,4,64,2,8,2,0,0.76181
1,8,8,2,2,32,2,0,0.340451
1,1,8,32,2,2,16,0,0.503573
1,16,1,2,1,512,1,0,0.323357
1,32,2,1,1,4,64,0,0.359377
1,2,1,32,1,128,2,0,0.337063
0,1,8,2,16,8,8,0,0.347656
0,1,8,32,16,1,4,0,0.578478
1,1,128,2,8,4,2,0,0.503682
0,1,128,1,128,1,1,0,0.349114
0,2,2,8,2,128,2,0,0.34369
1,32,4,2,16,2,2,0,0.503433
1,16,1,2,32,4,4,0,0.323241
1,16,2,16,4,4,2,0,0.765203
1,64,2,2,1,16,4,0,0.504346
1,1,1,256,32,1,2,0,0.503836
1,4,4,32,2,8,2,0,0.769404
1,2,16,1,2,16,16,0,0.322885
1,1,64,2,2,32,2,0,0.340577
0,1,2,64,32,1,4,0,0.349463
1,32,1,2,32,8,1,0,0.335966
1,2,8,1,16,2,32,0,0.28936
0,16,8,4,1,32,1,0,0.774011
1,32,1,2,1,128,2,0,0.335766
1,2,2,128,1,32,1,0,0.769355
1,1,16,8,4,1,32,0,0.340442
1,1,512,1,1,1,32,0,0.765687
0,4,8,1,8,32,2,0,0.343774
1,4,32,1,1,64,2,0,0.348622
1,4,4,1,4,128,2,0,0.288861
1,4,4,8,16,2,4,0,0.340604
1,32,2,1,256,1,1,0,0.336006
0,16,4,4,1,4,16,0,0.576518
1,4,8,2,128,2,1,0,0.336044
0,8,2,8,2,1,64,0,0.349226
1,64,1,1,32,2,4,0,0.336353
1,32,1,8,4,2,8,0,0.574193
1,8,8,1,2,2,64,0,0.335885
0,2,4,4,2,16,16,0,0.344558
0,4,4,32,1,4,8,0,0.773315
1,2,16,1,32,1,16,0,0.323057
1,1,1,64,1,32,8,0,0.336388
1,4,8,8,1,2,32,0,0.503639
1,32,8,1,8,4,2,0,0.503609
1,4,2,2,64,16,1,0,0.288558
1,1,1,32,4,32,4,0,0.323218
1,128,1,1,8,4,4,0,0.340469
1,64,1,1,8,32,1,0,0.335777
1,2,1,256,16,1,2,0,0.765431
1,2,64,1,32,1,4,0,0.340394
1,1,16,2,1,32,16,0,0.323031
1,2,64,1,2,2,32,0,0.340437
0,1,8,64,16,1,2,0,0.773695
1,1,8,8,4,16,4,0,0.335996
1,1,8,32,1,8,8,0,0.503968
1,2,4,16,64,1,2,0,0.340321
1,1,2,32,2,8,16,0,0.335762
1,2,8,4,2,128,1,0,0.335964
1,1,2,32,4,1,64,0,0.336083
1,1,4,16,1,128,2,0,0.336105
1,1,1,32,128,4,1,0,0.322888
1,8,1,8,1,8,32,0,0.336063
1,1,128,4,2,1,16,0,0.769793
1,1,8,16,8,1,16,0,0.340508
1,4,1,8,4,2,64,0,0.32329
1,2,8,8,2,1,64,0,0.340513
1,2,1,8,2,128,4,0,0.288903
1,4,4,32,1,1,32,0,0.765386
1,16,4,4,1,4,16,0,0.503836
1,4,16,1,2,16,8,0,0.335969
1,128,1,4,1,1,32,0,0.765846
1,2,8,2,16,4,8,0,0.323182
1,4,4,1,128,1,8,0,0.288555
1,4,8,4,128,1,1,0,0.340226
1,8,4,8,4,8,2,0,0.503756
1,2,1,256,2,16,1,0,0.765957
0,1,8,2,16,1,64,0,0.347789
1,1,32,2,32,4,2,0,0.335857
1,32,2,8,1,16,2,0,0.762548
1,128,2,2,2,16,1,0,0.768906
1,4,16,4,2,16,2,0,0.503631
1,8,1,2,1,64,16,0,0.288959
1,4,1,4,16,32,2,0,0.288887
1,16,2,1,64,4,2,0,0.322858
1,4,8,4,4,2,16,0,0.340419
1,64,1,1,32,4,2,0,0.335742
1,64,8,1,16,2,1,0,0.76533
1,1,32,1,16,8,4,0,0.32301
1,8,8,2,4,16,2,0,0.340398
1,16,4,1,16,4,4,0,0.335723
1,1,64,4,32,1,2,0,0.504019
1,8,8,1,32,2,4,0,0.336268
1,8,2,8,8,8,2,0,0.340478
1,4,2,8,16,16,1,0,0.336082
1,2,4,2,2,64,8,0,0.288615
1,4,1,4,8,4,32,0,0.28892
1,256,2,1,1,2,16,0,0.776049
1,1,1,16,2,64,8,0,0.288741
1,2,2,8,2,32,8,0,0.322974
1,2,8,2,4,8,16,0,0.32341
1,1,8,16,8,8,2,0,0.340769
1,16,4,1,1,128,2,0,0.340589
1,2,32,4,1,1,64,0,0.503822
1,16,1,32,2,1,16,0,0.766146
1,64,1,1,64,1,4,0,0.336014
1,2,16,1,1,64,8,0,0.318954
0,16,2,16,2,2,8,0,0.773601
1,2,2,4,2,128,4,0,0.288952
1,16,4,2,2,64,1,0,0.340447
1,1,2,256,8,1,4,0,0.769452
1,4,2,2,128,4,2,0,0.288856
1,1,16,4,2,8,16,0,0.335801
1,4,4,2,64,4,2,0,0.323451
1,2,8,1,2,64,8,0,0.288914
1,8,8,1,32,4,2,0,0.335817
1,4,8,2,1,64,4,0,0.335767
1,16,16,2,4,1,8,0,0.762521
0,1,8,4,128,2,2,0,0.343729
0,4,4,1,2,32,16,0,0.347027
0,4,1,64,16,4,1,0,0.579189
1,4,1,8,16,16,2,0,0.323234
1,1,1,16,512,2,1,0,0.288698
1,1,8,16,1,2,64,0,0.340637
0,1,32,8,32,1,2,0,0.578577
1,4,2,64,2,2,8,0,0.765534
0,8,8,8,1,2,16,0,0.770212
1,1,4,16,32,2,4,0,0.335885
1,2,32,8,4,4,2,0,0.765701
0,2,4,32,1,8,8,0,0.577507
0,1,4,4,8,32,4,0,0.346744
1,4,8,1,64,8,1,0,0.322699
1,1,16,16,8,2,4,0,0.503604
1,1,2,16,16,2,16,0,0.323138
1,1,4,64,8,8,1,0,0.503879
1,8,1,8,128,2,1,0,0.335925
1,1,1,64,16,4,4,0,0.335885
1,1,64,2,16,4,2,0,0.340795
1,32,8,1,32,1,2,0,0.503627
0,32,16,1,1,2,16,0,0.770175
1,2,128,2,8,1,4,0,0.766055
0,8,1,16,32,2,2,0,0.349416
1,4,2,32,2,8,4,0,0.503742
1,32,1,2,1,256,1,0,0.336044
0,2,2,4,1,32,32,0,0.347576
1,4,4,32,8,4,1,0,0.770109
1,1,1,32,128,2,2,0,0.322795
1,1,16,1,1,16,64,0,0.288982
1,2,2,8,2,64,4,0,0.32303
0,1,1,16,256,4,1,0,0.346905
0,4,4,2,1,512,1,0,0.344088
1,64,1,2,2,16,4,0,0.340692
1,128,1,1,16,8,1,0,0.340491
1,2,8,2,8,1,64,0,0.322974
1,8,1,2,8,16,8,0,0.288445
1,16,1,2,8,32,2,0,0.322889
1,4,8,4,4,8,4,0,0.340734
1,4,4,16,1,4,16,0,0.503628
1,4,8,8,64,1,1,0,0.503685
1,1,128,1,4,1,32,0,0.340613
1,1,1,16,8,128,1,0,0.288525
1,1,1,64,1,128,2,0,0.33616
1,16,8,4,8,2,2,0,0.766127
1,4,16,1,2,32,4,0,0.336079
1,1,2,32,2,4,32,0,0.335741
1,1,16,1,8,16,8,0,0.288405
0,32,1,1,2,16,16,0,0.343942
1,32,2,1,1,64,4,0,0.338449
1,2,2,4,2,16,32,0,0.289098
1,1,16,8,32,2,2,0,0.340167
1,1,4,16,2,8,16,0,0.335803
1,16,4,8,4,1,8,0,0.765623
1,64,1,1,2,2,64,0,0.335985
1,4,1,4,256,4,1,0,0.288774
1,1,16,32,2,2,8,0,0.765993
1,4,2,8,2,2,64,0,0.336191
1,4,8,2,1,16,16,0,0.335901
1,2,8,2,64,4,2,0,0.323097
1,2,1,32,16,1,16,0,0.336037
1,1,16,16,4,1,16,0,0.503785
1,8,32,2,16,2,1,0,0.765653
1,16,2,2,8,32,1,0,0.336095
1,2,16,2,1,128,2,0,0.336029
0,128,1,2,4,1,16,0,0.578299
0,64,1,2,1,64,2,0,0.348304
1,2,1,16,64,2,4,0,0.323066
1,4,8,8,16,1,4,0,0.50387
1,256,2,1,2,1,16,0,0.762005
1,2,8,4,8,2,16,0,0.335879
1,1,4,4,4,256,1,0,0.289058
1,1,8,32,16,2,2,0,0.503849
1,1,64,8,1,8,4,0,0.766023
1,4,1,64,1,16,4,0,0.5037
1,8,1,4,2,64,4,0,0.322924
1,2,1,32,2,4,32,0,0.335755
1,4,16,1,4,1,64,0,0.336098
1,8,16,4,1,8,4,0,0.761886
1,64,1,1,8,1,32,0,0.33615
1,4,2,8,16,2,8,0,0.335833
1,1,4,16,16,4,4,0,0.336325
1,32,1,1,128,2,2,0,0.323204
1,128,1,4,2,2,8,0,0.769114
1,8,4,4,32,4,1,0,0.340569
1,2,4,2,1024,1,1,0,0.288728
1,1,4,64,16,1,4,0,0.503776
1,16,16,1,1,4,16,0,0.622796
1,8,4,8,32,2,1,0,0.50387
1,1,1,32,16,2,16,0,0.32334
0,8,32,1,32,1,2,0,0.577852
0,8,1,2,32,1,32,0,0.347948
0,2,1,32,32,1,8,0,0.34593
1,256,1,2,8,4,1,0,0.765504
1,4,2,16,8,8,2,0,0.340635
1,128,1,1,16,2,4,0,0.340676
1,1,64,1,4,2,32,0,0.336312
1,128,2,1,16,2,2,0,0.503859
1,1,128,1,1,2,64,0,0.340611
1,1,4,16,16,8,2,0,0.335909
1,4,1,4,16,1,64,0,0.28889
1,2,32,8,4,2,4,0,0.769463
1,64,2,2,16,2,2,0,0.503574
1,1,2,64,16,4,2,0,0.340242
0,1,128,1,8,8,2,0,0.34881
1,1,8,8,16,4,4,0,0.335976
1,4,8,4,1,4,32,0,0.340356
1,1,4,4,16,8,8,0,0.288926
1,1,64,1,64,4,1,0,0.336065
1,8,32,1,16,1,4,0,0.503499
1,4,8,1,8,8,8,0,0.323457
1,2,4,2,64,2,8,0,0.288712
1,1,16,32,16,2,1,0,0.765045
1,8,4,1,4,128,1,0,0.323306
1,1,128,2,8,8,1,0,0.503604
1,1,4,64,8,2,4,0,0.50365
1,64,2,2,16,1,4,0,0.503784
1,64,2,2,32,2,1,0,0.503745
1,1,128,1,8,8,2,0,0.340545
0,4,4,16,8,4,2,0,0.579025
0,4,1,4,2,16,32,0,0.34795
1,4,8,2,16,16,1,0,0.336179
1,1,1,16,256,2,2,0,0.288942
1,1,1,128,1,32,4,0,0.340721
1,32,4,2,4,4,4,0,0.503524
1,4,4,1,8,32,4,0,0.28895
1,4,8,2,4,32,2,0,0.335739
1,1,4,32,16,1,8,0,0.340675
1,16,1,16,32,1,2,0,0.50383
0,16,4,4,2,1,32,0,0.580336
1,1,4,16,8,4,8,0,0.33612
1,64,2,4,1,8,4,0,0.769484
1,8,8,4,4,1,16,0,0.503438
1,2,4,2,2,16,32,0,0.288773
1,2,8,8,1,8,16,0,0.340303
1,2,8,1,32,16,2,0,0.288934
1,8,1,32,4,16,1,0,0.503566
1,16,2,1,4,8,16,0,0.322835
1,64,4,2,1,4,8,0,0.762374
1,4,4,4,4,32,2,0,0.336385
1,4,16,8,1,16,2,0,0.765761
1,16,2,8,4,16,1,0,0.503869
1,8,2,1,64,4,4,0,0.28889
1,1,2,8,128,8,1,0,0.288601
1,1,2,128,16,2,2,0,0.503542
1,1,16,2,32,4,4,0,0.323097
1,2,64,2,2,2,16,0,0.50335
1,8,4,2,2,32,4,0,0.335638
1,2,2,4,8,128,1,0,0.288531
1,1,64,2,8,4,4,0,0.340916
1,4,32,2,2,8,4,0,0.503429
1,256,2,1,1,16,2,0,0.776927
1,8,32,2,8,2,2,0,0.761906
1,1,4,128,16,1,2,0,0.765704
1,8,1,2,64,4,4,0,0.289043
1,8,1,16,1,64,2,0,0.340584
1,1,8,32,1,2,32,0,0.568539
1,2,4,4,32,2,8,0,0.323316
1,16,16,2,1,16,2,0,0.765907
1,8,2,1,2,8,64,0,0.288858
1,4,8,2,4,8,8,0,0.336127
1,32,8,1,4,4,4,0,0.503651
1,1,64,1,32,4,2,0,0.335975
0,8,8,4,8,8,1,0,0.57967
1,8,32,2,4,4,2,0,0.768607
1,1,1,256,32,2,1,0,0.503686
1,4,2,4,2,32,8,0,0.323085
1,1,512,1,16,1,2,0,0.762285
1,1,2,128,16,4,1,0,0.503572
1,32,1,1,2,64,4,0,0.323132
1,32,1,2,16,2,8,0,0.335807
1,16,16,2,32,1,1,0,0.769134
1,512,1,1,2,16,1,0,0.765935
1,4,32,1,128,1,1,0,0.340455
0,8,2,16,2,16,2,0,0.581438
1,16,8,4,1,8,4,0,0.769715
1,8,4,1,2,8,32,0,0.323349
1,64,1,2,1,16,8,0,0.340787
1,1,2,8,16,64,1,0,0.289141
1,2,4,8,4,4,16,0,0.335767
1,4,4,2,8,16,4,0,0.323224
1,1,4,32,8,2,8,0,0.340521
1,1,8,16,16,1,8,0,0.340266
1,4,2,2,128,1,8,0,0.288178
1,32,2,4,2,16,2,0,0.568617
1,16,4,2,2,16,4,0,0.34098
1,2,128,1,32,2,1,0,0.503906
1,32,1,4,2,16,4,0,0.340604
1,2,4,4,8,8,8,0,0.323273
1,1,4,16,4,64,1,0,0.335921
1,16,4,4,1,8,8,0,0.503695
1,32,2,4,2,8,4,0,0.503859
1,1,1,64,2,4,32,0,0.336071
1,128,1,2,4,4,4,0,0.503759
0,64,1,4,1,64,1,0,0.57793
0,16,2,4,4,16,2,0,0.349327
0,16,2,1,8,4,16,0,0.343858
1,1,8,4,128,4,1,0,0.323233
1,8,8,1,1,16,16,0,0.347527
1,256,2,1,4,8,1,0,0.765844
1,4,1,16,1,4,64,0,0.335982
1,1,8,16,2,16,4,0,0.339988
1,16,4,8,1,2,16,0,0.765722
1,16,4,8,2,1,16,0,0.769195
1,8,4,2,1,256,1,0,0.335779
1,8,8,2,4,2,16,0,0.340448
1,2,8,2,16,32,1,0,0.323398
1,4,4,8,1,128,1,0,0.340315
1,4,1,64,2,8,4,0,0.503408
1,8,1,4,8,4,16,0,0.322973
1,1,2,8,2,128,4,0,0.288723
1,16,8,2,8,2,4,0,0.5038
1,4,8,4,32,1,4,0,0.340598
1,8,1,32,4,2,8,0,0.503907
1,64,2,2,4,2,8,0,0.503681
1,4,2,2,8,128,1,0,0.288823
1,4,16,4,4,8,2,0,0.503714
1,64,1,2,16,2,4,0,0.340274
1,8,1,16,2,2,32,0,0.340741
1,32,1,1,2,256,1,0,0.32309
1,16,8,2,8,1,8,0,0.503495
1,16,1,16,8,8,1,0,0.503543
1,32,2,4,1,2,32,0,0.503668
1,2,64,1,2,16,4,0,0.340678
1,2,64,1,8,16,1,0,0.340329
1,2,2,4,64,1,16,0,0.28915
1,1,4,32,4,1,32,0,0.340537
1,1,8,64,16,1,2,0,0.768566
1,16,1,32,1,1,32,0,0.765731
1,32,2,1,2,128,1,0,0.33611
1,4,16,4,16,4,1,0,0.503525
1,2,2,4,8,64,2,0,0.289024
1,4,1,32,1,8,16,0,0.340517
1,4,64,2,1,2,16,0,0.769019
1,4,16,1,16,2,8,0,0.335591
1,1,2,32,8,1,32,0,0.336284
1,1,2,16,8,32,2,0,0.322931
1,2,8,8,1,64,2,0,0.340594
1,4,32,2,32,1,2,0,0.503587
1,128,4,1,1,16,2,0,0.776929
1,4,1,8,2,8,32,0,0.323058
1,8,4,1,2,16,16,0,0.322823
1,4,64,2,4,4,2,0,0.762329
0,1,2,128,32,1,2,0,0.579892
1,8,1,16,16,8,1,0,0.340791
1,2,256,1,1,32,1,0,0.765754
1,2,2,16,16,2,8,0,0.335989
1,4,128,1,1,2,16,0,0.77676
1,8,2,4,2,2,64,0,0.335792
1,16,1,32,2,8,2,0,0.765896
1,4,4,16,64,1,1,0,0.503664
1,32,2,1,32,8,1,0,0.336012
1,2,2,32,8,4,4,0,0.340681
1,1,1,64,4,8,8,0,0.336125
1,1,128,2,1,2,32,0,0.503756
1,16,32,1,4,1,8,0,0.766048
1,2,2,4,1,128,8,0,0.288719
1,4,2,4,8,8,8,0,0.323039
1,32,2,2,1,128,1,0,0.340288
1,2,2,4,1,256,4,0,0.288525
1,1,256,1,2,4,8,0,0.503621
1,4,32,1,64,1,2,0,0.340629
1,8,1,8,4,2,32,0,0.33605
0,8,4,4,1,4,32,0,0.348599
1,64,1,8,4,8,1,0,0.765744
1,1,8,32,4,2,8,0,0.504009
1,16,4,1,8,4,8,0,0.336011
1,256,1,1,4,8,2,0,0.503605
1,4,64,1,1,64,1,0,0.503788
1,8,2,32,4,1,8,0,0.765973
1,4,1,16,1,256,1,0,0.335946
1,2,4,16,8,8,2,0,0.340547
1,2,1,64,32,1,4,0,0.340426
1,8,16,2,8,4,2,0,0.503471
1,2,2,4,4,256,1,0,0.288689
0,1,4,16,1,8,32,0,0.345694
0,2,8,8,1,8,16,0,0.348754
1,1,4,32,4,16,2,0,0.340459
1,16,8,4,2,8,2,0,0.765162
1,16,1,16,2,8,4,0,0.503763
1,2,16,8,1,2,32,0,0.503539
1,2,1,32,128,2,1,0,0.335959
1,2,8,8,1,4,32,0,0.340557
1,4,4,1,64,8,2,0,0.288669
1,8,16,2,32,2,1,0,0.503749
1,2,64,1,4,1,32,0,0.340807
1,8,8,4,1,4,16,0,0.503424
1,32,2,4,16,4,1,0,0.503835
0,1,128,4,32,1,1,0,0.773477
1,1,1,128,8,2,8,0,0.340768
0,1,8,16,64,2,1,0,0.349287
0,2,32,4,4,4,4,0,0.579777
1,1,4,128,1,1,32,0,0.774136
1,4,8,16,4,4,2,0,0.765894
0,4,4,4,2,4,32,0,0.346074
1,16,4,4,1,1,64,0,0.503778
1,16,4,1,2,64,2,0,0.335659
1,16,1,32,32,1,1,0,0.765552
1,4,1,128,1,16,2,0,0.765427
1,64,1,4,2,1,32,0,0.503665
1,1,32,1,64,4,2,0,0.323188
1,4,8,2,32,8,1,0,0.336157
1,8,4,8,1,32,2,0,0.503661
1,2,16,1,32,2,8,0,0.323306
1,16,2,2,2,4,32,0,0.336077
1,4,1,32,8,8,2,0,0.340715
1,2,2,8,4,4,32,0,0.322935
1,4,2,8,64,2,2,0,0.33606
1,1,64,2,32,1,4,0,0.340793
1,1,16,4,4,2,32,0,0.335991
1,2,8,32,1,1,32,0,0.769089
1,2,8,16,2,32,1,0,0.503646
1,16,1,1,8,4,32,0,0.288862
0,8,4,4,16,2,4,0,0.349181
1,1,8,16,8,16,1,0,0.34082
0,2,16,4,2,1,64,0,0.349078
1,2,4,8,256,1,1,0,0.335886
1,2,16,2,32,8,1,0,0.336026
1,32,1,1,8,32,2,0,0.323141
1,64,2,2,4,16,1,0,0.503537
1,1,32,1,256,1,2,0,0.323247
1,4,2,4,512,1,1,0,0.323333
1,16,16,1,8,2,4,0,0.503592
1,2,16,1,4,128,1,0,0.323075
1,2,2,16,4,2,32,0,0.336022
1,2,2,4,8,8,16,0,0.288552
1,1,64,2,1,128,1,0,0.340811
1,4,4,1,32,32,1,0,0.288981
1,1,1,32,2,64,4,0,0.323356
1,16,2,1,2,16,16,0,0.32285
1,1,8,2,8,4,32,0,0.289049
1,4,2,16,16,1,8,0,0.340658
1,2,4,32,1,64,1,0,0.503827
1,32,1,2,16,8,2,0,0.336292
1,2,16,4,16,8,1,0,0.340129
1,2,16,2,2,2,64,0,0.335955
1,2,8,4,8,1,32,0,0.336045
1,1,16,4,16,16,1,0,0.336105
1,2,8,16,2,2,16,0,0.503668
1,32,4,1,2,8,8,0,0.340985
1,4,32,2,16,2,2,0,0.503634
1,2,8,32,2,4,4,0,0.769261
1,2,4,64,16,1,2,0,0.765702
1,8,1,8,64,1,4,0,0.335859
1,2,1,256,4,1,8,0,0.765778
1,8,8,1,32,8,1,0,0.336059
1,4,128,1,2,4,4,0,0.765587
1,2,8,4,64,1,4,0,0.336093
1,1,2,16,2,4,64,0,0.322991
1,4,8,1,2,64,4,0,0.323031
1,4,2,8,2,128,1,0,0.335926
1,1,8,2,32,1,32,0,0.288687
1,1,1,128,8,16,1,0,0.34076
1,1,4,16,8,1,32,0,0.335887
1,1,32,4,8,16,1,0,0.340501
1,2,4,4,1,16,32,0,0.323156
1,16,2,2,4,32,2,0,0.336029
1,2,32,2,32,2,2,0,0.340776
1,1,8,2,32,16,2,0,0.288658
1,4,2,2,64,4,4,0,0.288643
1,8,64,1,2,2,8,0,0.762691
0,8,1,16,1,16,8,0,0.34877
1,1,32,2,8,2,16,0,0.33611
1,32,1,8,1,16,4,0,0.503488
1,2,1,16,16,4,8,0,0.323037
1,32,2,4,1,4,16,0,0.503439
1,8,2,4,4,8,8,0,0.335813
1,8,1,32,4,4,4,0,0.50381
1,32,4,1,8,2,8,0,0.340483
1,32,1,2,4,1,64,0,0.33614
1,4,1,64,8,2,4,0,0.503605
1,8,4,16,1,2,16,0,0.765748
1,64,1,8,16,1,2,0,0.769153
1,16,2,2,64,1,4,0,0.336019
1,1,16,1,64,16,1,0,0.288494
1,2,2,32,4,2,16,0,0.340546
1,8,1,2,256,2,2,0,0.289041
1,32,2,2,8,1,16,0,0.340327
1,8,2,4,32,2,4,0,0.335811
0,4,1,8,2,64,4,0,0.343869
1,1,16,2,8,32,2,0,0.322822
1,2,2,128,8,1,4,0,0.765299
1,128,1,1,2,4,16,0,0.340507
0,1,8,2,64,8,2,0,0.346825
1,1,32,2,1,128,2,0,0.336225
1,1,16,16,2,2,16,0,0.568537
1,16,1,2,8,1,64,0,0.322729
1,8,4,16,1,4,8,0,0.762215
0,32,1,16,8,4,1,0,0.773721
1,8,2,1,16,16,4,0,0.288576
1,16,1,1,64,4,4,0,0.28887
1,1,4,64,16,2,2,0,0.503545
1,2,8,1,8,32,4,0,0.288906
0,16,2,4,32,1,4,0,0.348974
1,1,8,2,2,256,2,0,0.289224
1,2,32,4,8,8,1,0,0.503379
1,2,64,1,32,4,1,0,0.340652
1,2,4,4,16,16,2,0,0.326677
1,2,1,32,4,32,2,0,0.335937
1,16,1,2,256,1,2,0,0.323345
0,1,2,8,8,4,32,0,0.347346
1,8,1,2,4,128,2,0,0.288543
0,2,2,64,4,8,2,0,0.578784
1,32,2,4,32,2,1,0,0.5038
1,4,1,8,32,1,16,0,0.323024
1,2,32,4,1,4,16,0,0.503804
0,8,16,1,4,32,1,0,0.349224
1,1,8,4,2,64,4,0,0.322914
1,8,16,1,4,1,32,0,0.340552
0,8,1,32,1,4,16,0,0.577034
1,8,4,1,2,128,2,0,0.323115
0,64,8,1,4,1,8,0,0.770554
0,2,8,4,8,32,1,0,0.34596
0,1,4,32,128,1,1,0,0.34854
0,2,4,64,1,4,8,0,0.770121
1,1,8,2,2,512,1,0,0.288936
1,1,2,128,4,8,2,0,0.503839
1,2,4,64,4,1,8,0,0.765976
0,64,2,2,4,4,4,0,0.578149
1,4,2,16,2,2,32,0,0.341138
1,4,2,64,8,1,4,0,0.765607
1,128,1,2,8,4,2,0,0.504203
1,2,16,1,4,2,64,0,0.323168
1,1,4,16,32,4,2,0,0.335966
1,16,2,1,8,16,4,0,0.32308
1,4,1,128,2,16,1,0,0.769154
1,2,32,4,2,16,2,0,0.503699
1,4,4,32,2,1,16,0,0.765354
1,16,2,1,1,16,32,0,0.322197
1,128,1,1,32,1,4,0,0.340894
0,16,4,1,32,1,8,0,0.345705
1,16,8,4,1,32,1,0,0.768986
1,4,128,1,1,32,1,0,0.765617
1,8,1,4,128,2,2,0,0.323115
1,16,1,8,1,32,4,0,0.340164
1,32,2,4,32,1,2,0,0.503801
1,1,1,16,4,64,4,0,0.289109
1,8,2,2,4,8,16,0,0.323433
1,1,256,1,2,32,1,0,0.503786
1,4,2,4,16,16,2,0,0.323141
1,32,2,2,32,1,4,0,0.340806
1,8,16,4,4,4,2,0,0.765409
1,1,16,1,4,16,16,0,0.288534
1,1,4,8,16,2,16,0,0.323101
1,4,16,2,1,16,8,0,0.340628
1,16,8,4,2,1,16,0,0.765394
1,8,2,8,1,128,1,0,0.34031
1,4,2,4,2,4,64,0,0.323045
1,2,64,2,1,32,2,0,0.50398
1,16,4,2,16,4,2,0,0.340324
1,2,16,16,1,1,32,0,0.766164
1,32,2,1,2,16,8,0,0.336188
1,4,1,64,4,1,16,0,0.503696
1,16,2,4,32,4,1,0,0.340623
1,1,256,1,64,1,1,0,0.503805
1,16,32,1,4,4,2,0,0.76549
1,4,64,2,2,16,1,0,0.769267
1,32,2,1,4,4,16,0,0.336431
1,2,16,2,2,16,8,0,0.33578
1,1,2,8,2,512,1,0,0.288675
0,4,2,2,128,8,1,0,0.347373
1,16,16,2,1,8,4,0,0.769105
1,1,8,4,4,2,64,0,0.323221
0,2,8,4,8,8,4,0,0.34596
1,4,8,16,8,1,4,0,0.765714
1,4,4,2,2,32,8,0,0.322618
1,2,1,16,4,4,32,0,0.323264
1,4,8,4,4,1,32,0,0.34081
1,2,8,2,32,8,2,0,0.323103
1,8,2,32,2,16,1,0,0.765286
0,2,8,2,2,256,1,0,0.343783
1,4,16,4,32,1,2,0,0.503696
1,16,2,1,8,8,8,0,0.323035
1,4,4,32,8,1,4,0,0.765528
1,16,1,16,64,1,1,0,0.503575
1,128,1,1,16,4,2,0,0.340531
1,16,8,1,32,2,2,0,0.340643
1,4,32,2,2,16,2,0,0.503708
1,128,1,4,1,4,8,0,0.765405
1,16,8,4,16,1,2,0,0.766134
1,4,8,16,16,1,2,0,0.765668
1,1,1,512,8,1,4,0,0.765487
0,4,1,32,1,2,64,0,0.34867
1,2,4,4,2,16,16,0,0.32281
1,1,8,4,8,1,64,0,0.323308
1,2,8,16,8,2,4,0,0.503684
1,2,8,32,32,1,1,0,0.769308
1,8,4,2,64,1,4,0,0.341153
0,8,2,16,4,2,8,0,0.580246
1,2,128,1,16,4,1,0,0.504221
1,1,64,4,1,1,64,0,0.504389
1,2,1,64,32,4,1,0,0.341519
1,1,2,32,128,1,2,0,0.341064
1,2,8,1,32,32,1,0,0.29168
0,1,16,2,1,32,16,0,0.3438
1,2,64,2,1,64,1,0,0.504195
0,2,64,1,2,2,32,0,0.348668
1,8,1,64,2,16,1,0,0.766863
1,32,2,2,2,2,32,0,0.340843
1,16,2,1,1,32,16,0,0.319576
1,4,1,4,4,8,32,0,0.289166
1,4,1,8,4,64,2,0,0.323854
1,1,128,2,2,16,2,0,0.503578
1,2,4,32,4,16,1,0,0.503652
1,128,2,1,64,1,1,0,0.50371
1,2,4,4,4,2,64,0,0.324088
0,2,1,64,1,2,64,0,0.348574
1,1,16,4,64,4,1,0,0.336966
1,1,1,128,32,2,2,0,0.340468
1,8,2,2,64,1,8,0,0.323402
1,16,32,1,1,4,8,0,0.771395
1,2,128,2,16,2,1,0,0.765424
1,512,1,1,4,2,4,0,0.768692
1,32,1,1,16,8,4,0,0.323394
1,4,64,1,4,1,16,0,0.503787
1,8,2,1,1,128,8,0,0.255595
1,1,8,2,1,32,32,0,0.28987
1,32,4,1,1,8,16,0,0.358361
1,32,4,1,1,16,8,0,0.375424
1,4,32,4,32,1,1,0,0.765386
1,2,1,16,8,4,16,0,0.323522
1,32,2,2,64,1,2,0,0.340674
1,4,16,2,2,2,32,0,0.340682
1,16,2,8,2,8,4,0,0.503697
1,1,1,32,64,8,1,0,0.323328
1,2,2,16,2,128,1,0,0.336937
1,1,16,16,1,4,16,0,0.503397
1,8,1,16,16,4,2,0,0.340557
1,2,8,1,2,8,64,0,0.28951
1,1,1,64,4,1,64,0,0.336612
1,8,8,4,2,4,8,0,0.503597
1,2,1,256,32,1,1,0,0.76502
1,1,4,4,8,2,64,0,0.289259
1,4,8,2,4,2,32,0,0.337212
1,1,1,128,1,4,32,0,0.340638
1,4,4,4,1,64,4,0,0.337048
1,4,8,8,4,16,1,0,0.503575
1,4,1,8,4,8,16,0,0.323325
1,1,8,4,4,32,4,0,0.323558
1,1,32,4,16,1,8,0,0.340213
1,1,16,1,128,8,1,0,0.289017
1,8,4,4,2,64,1,0,0.340335
1,4,1,4,32,32,1,0,0.289416
1,2,4,8,4,2,32,0,0.337089
1,8,32,1,16,4,1,0,0.503647
1,4,2,2,2,16,32,0,0.289084
1,4,16,2,8,8,2,0,0.340205
1,1,16,1,16,2,32,0,0.289582
1,8,2,8,16,8,1,0,0.340204
0,1,16,16,1,32,2,0,0.578061
1,8,1,8,4,64,1,0,0.336963
1,2,1,32,128,1,2,0,0.336714
1,2,8,1,512,2,1,0,0.289097
0,4,4,16,1,32,2,0,0.576753
0,32,1,8,32,2,1,0,0.578745
1,2,2,64,1,4,16,0,0.50381
1,2,32,4,4,8,2,0,0.504112
1,128,1,2,1,64,1,0,0.50356
1,8,2,8,4,32,1,0,0.340746
1,4,32,1,8,4,4,0,0.340382
1,1,32,1,4,8,16,0,0.323426
0,2,1,16,128,2,2,0,0.343974
1,4,2,32,2,2,16,0,0.50384
1,1,16,4,8,32,1,0,0.337052
1,2,32,2,4,1,32,0,0.340467
1,1,8,16,2,2,32,0,0.340512
0,4,1,64,4,16,1,0,0.580356
1,32,1,2,4,2,32,0,0.336664
1,1,8,8,16,16,1,0,0.336831
1,2,8,2,2,4,64,0,0.323386
0,1,32,8,4,16,1,0,0.579598
1,8,1,2,32,32,1,0,0.288897
1,1,32,2,256,1,1,0,0.336884
1,16,8,2,2,2,16,0,0.503723
1,1,1,32,16,4,8,0,0.323108
1,16,2,4,2,8,8,0,0.340296
1,4,4,32,1,4,8,0,0.769033
1,1,32,4,16,2,4,0,0.340814
1,16,2,4,128,1,1,0,0.340268
1,2,128,2,4,1,8,0,0.766558
1,8,8,8,8,4,1,0,0.769469
1,4,2,64,2,8,2,0,0.765776
1,32,8,1,1,2,32,0,0.520775
1,1,2,64,4,4,8,0,0.340449
1,8,2,2,2,256,1,0,0.323584
1,8,4,1,32,1,16,0,0.32365
1,8,4,2,4,64,1,0,0.337152
1,2,1,64,8,2,8,0,0.340428
1,16,2,2,128,1,2,0,0.336682
1,1,8,2,16,8,8,0,0.289589
1,1,2,128,2,32,1,0,0.503805
1,16,2,1,512,1,1,0,0.323148
1,8,1,16,16,1,8,0,0.340269
1,2,8,32,4,1,8,0,0.768782
1,4,4,1,256,2,2,0,0.289392
1,8,2,4,1,16,16,0,0.337101
1,32,2,8,4,4,2,0,0.761987
1,2,4,2,256,1,4,0,0.289242
1,1,64,1,8,4,8,0,0.337296
0,1,4,4,512,2,1,0,0.347484
1,1,2,8,1024,1,1,0,0.289405
1,2,64,2,2,4,8,0,0.503555
1,8,8,8,8,1,4,0,0.762231
1,64,1,1,1,16,16,0,0.336856
1,4,1,64,1,64,1,0,0.503657
1,2,2,8,2,256,1,0,0.323423
1,64,1,1,8,8,4,0,0.336784
1,8,1,2,2,64,8,0,0.289528
0,1,32,2,32,1,8,0,0.34593
1,2,4,8,8,16,2,0,0.337216
1,2,2,32,4,16,2,0,0.340702
0,2,1,128,1,64,1,0,0.580559
1,2,32,2,4,8,4,0,0.340466
1,2,64,2,2,8,4,0,0.50369
1,1,1,128,64,2,1,0,0.340713
1,128,4,1,16,2,1,0,0.765184
0,1,32,1,16,1,32,0,0.344021
1,4,32,1,16,1,8,0,0.340834
1,1,16,8,8,1,16,0,0.340592
0,1,4,8,4,32,4,0,0.343735
1,1,64,2,1,32,4,0,0.340395
1,2,2,128,4,1,8,0,0.768762
0,16,1,32,1,2,16,0,0.770547
1,1,4,4,1,64,16,0,0.28941
1,2,32,2,32,4,1,0,0.340185
1,32,8,1,16,4,1,0,0.503393
1,1,8,16,16,4,2,0,0.340553
1,2,8,32,4,4,2,0,0.762495
1,8,4,16,1,32,1,0,0.765715
1,4,4,4,16,4,4,0,0.336951
1,64,4,2,16,1,2,0,0.765016
0,4,2,16,128,1,1,0,0.349368
1,1,8,8,64,2,2,0,0.336902
1,1,8,2,1,256,4,0,0.289554
1,4,16,4,16,2,2,0,0.503643
1,8,2,8,32,1,4,0,0.340431
1,4,4,2,2,128,2,0,0.323668
1,1,32,16,16,2,1,0,0.765071
1,128,4,1,1,2,16,0,0.775767
1,4,2,4,128,2,2,0,0.323748
0,2,8,4,4,64,1,0,0.346043
1,32,2,1,64,2,2,0,0.336612
1,16,1,8,4,32,1,0,0.340243
1,2,1,256,2,4,4,0,0.764849
1,1,128,4,2,8,2,0,0.765465
0,4,8,1,64,8,1,0,0.343859
1,1,32,4,1,32,4,0,0.34013
1,128,2,2,4,4,2,0,0.769029
1,2,16,2,16,8,2,0,0.336852
1,2,16,2,128,1,2,0,0.336933
1,64,8,1,2,8,2,0,0.765026
1,128,2,1,16,4,1,0,0.503857
1,8,4,1,4,2,64,0,0.323496
1,2,32,1,32,8,1,0,0.336995
1,2,2,128,2,2,8,0,0.768886
1,16,2,16,16,2,1,0,0.766035
1,1,1,32,8,16,4,0,0.323824
0,1,16,4,1,8,32,0,0.345592
1,1,8,4,8,8,8,0,0.323379
1,2,2,4,128,2,4,0,0.289309
1,16,2,16,4,8,1,0,0.761719
1,16,2,4,2,16,4,0,0.340395
1,32,2,4,2,2,16,0,0.503635
1,2,2,4,128,4,2,0,0.289966
1,2,128,2,2,16,1,0,0.768866
1,1,128,4,1,32,1,0,0.767959
1,32,4,1,16,4,2,0,0.340246
1,4,2,32,1,16,4,0,0.50351
1,2,64,2,16,2,2,0,0.503779
1,32,4,1,8,16,1,0,0.340371
1,16,1,2,1,128,4,0,0.32362
1,4,8,8,2,1,32,0,0.503779
1,4,16,8,2,1,16,0,0.766148
1,4,8,1,16,16,2,0,0.323669
1,1,2,8,64,16,1,0,0.28855
1,2,2,8,8,64,1,0,0.323842
1,2,4,8,16,16,1,0,0.336993
1,2,1,32,2,64,2,0,0.33681
0,8,1,32,1,1,64,0,0.579986
1,2,2,4,1,32,32,0,0.288912
1,1,64,4,2,16,2,0,0.503875
1,1,1,64,8,16,2,0,0.336545
1,2,128,1,1,64,1,0,0.503734
1,2,1,64,2,64,1,0,0.340481
1,16,1,1,64,2,8,0,0.289385
1,16,2,2,4,64,1,0,0.336864
1,4,4,8,4,2,16,0,0.340718
1,4,4,16,8,4,2,0,0.504082
0,2,2,8,2,64,4,0,0.344073
1,4,8,4,8,8,2,0,0.340822
0,4,4,2,2,8,32,0,0.343895
1,8,4,4,16,2,4,0,0.340497
1,32,8,2,8,4,1,0,0.765152
1,4,2,16,8,2,8,0,0.340856
1,64,4,2,4,8,1,0,0.765025
1,4,1,4,128,1,8,0,0.28964
1,16,2,16,4,2,4,0,0.765257
1,4,64,2,8,1,4,0,0.768673
1,1,128,4,1,8,4,0,0.765506
1,2,16,2,1,64,4,0,0.337095
1,1,1,512,2,16,1,0,0.76604
1,1,1,64,32,8,1,0,0.336771
1,1,128,1,2,1,64,0,0.340271
1,64,1,4,1,64,1,0,0.503929
1,1,8,64,1,32,1,0,0.766046
1,256,1,1,1,4,16,0,0.503789
1,16,1,2,32,1,16,0,0.323045
1,2,32,8,1,1,32,0,0.765126
1,16,2,4,2,2,32,0,0.340369
1,2,32,4,2,8,4,0,0.503801
1,16,2,2,4,8,8,0,0.336637
1,1,64,8,2,16,1,0,0.765294
1,4,32,2,8,2,4,0,0.503929
1,16,1,1,1,256,4,0,0.289623
1,2,4,4,32,8,2,0,0.323503
0,32,2,4,8,2,4,0,0.579136
1,16,1,8,1,64,2,0,0.340218
1,4,8,16,16,2,1,0,0.764901
1,8,1,2,8,8,16,0,0.289429
1,2,1,128,4,2,8,0,0.503809
0,1,16,8,8,16,1,0,0.34916
1,4,1,4,2,64,8,0,0.289496
0,1,4,4,2,64,8,0,0.346982
1,16,1,1,256,1,4,0,0.288156
1,8,2,1,32,2,16,0,0.289014
1,1,2,256,2,8,2,0,0.765795
1,32,1,2,16,16,1,0,0.337165
1,32,2,2,1,64,2,0,0.340422
1,1,16,2,1,16,32,0,0.323239
1,4,4,2,1,64,8,0,0.323398
1,4,1,16,4,32,2,0,0.337378
1,1,8,16,2,32,2,0,0.340483
1,1,128,2,1,32,2,0,0.503591
1,1,8,8,1,8,32,0,0.33672
1,2,1,8,4,32,8,0,0.289611
1,16,1,1,8,32,4,0,0.289127
1,8,2,16,32,1,2,0,0.503758
1,4,8,1,512,1,1,0,0.323509
1,64,4,1,16,2,2,0,0.503612
1,4,2,32,8,2,4,0,0.503838
1,4,4,1,256,4,1,0,0.289806
1,64,1,2,64,1,2,0,0.340642
1,4,32,4,8,4,1,0,0.762286
0,64,1,8,2,4,4,0,0.773786
1,16,2,16,4,1,8,0,0.768486
1,4,4,4,8,8,4,0,0.33681
1,4,2,8,1,64,4,0,0.33689
1,16,1,8,16,2,4,0,0.340345
0,2,4,8,16,4,4,0,0.345811
0,16,8,1,2,2,32,0,0.348445
0,16,16,2,16,1,2,0,0.770405
0,64,8,1,1,32,1,0,0.770335
1,1,16,4,1,8,32,0,0.336881
0,32,2,1,64,4,1,0,0.345879
0,1,2,16,16,2,16,0,0.343625
0,2,2,32,2,4,16,0,0.349302
0,2,8,1,8,4,32,0,0.347193
1,32,2,1,128,1,2,0,0.337196
1,8,2,32,8,2,2,0,0.761802
1,4,4,1,128,8,1,0,0.289548
1,1,4,4,4,32,8,0,0.289696
0,32,2,2,64,1,2,0,0.34942
1,1,1,32,8,4,16,0,0.323847
1,8,2,16,2,16,2,0,0.503723
0,4,1,64,4,8,2,0,0.580809
0,32,2,1,32,2,4,0,0.345227
1,2,16,8,16,1,4,0,0.503705
0,16,1,32,1,1,32,0,0.770729
0,1,2,8,16,16,4,0,0.346812
1,16,1,1,8,2,64,0,0.289312
1,1,4,16,4,16,4,0,0.336832
1,8,4,4,4,16,2,0,0.340458
0,4,2,4,2,8,32,0,0.344008
1,64,1,2,8,1,16,0,0.340482
1,32,1,8,2,2,16,0,0.503641
1,1,2,32,4,64,1,0,0.337069
1,8,2,1,16,2,32,0,0.289642
1,4,8,2,2,4,32,0,0.336864
1,64,1,2,32,1,4,0,0.340461
1,4,32,4,4,2,4,0,0.76595
1,4,8,1,1,8,64,0,0.322046
1,2,4,2,16,2,32,0,0.289613
0,32,2,2,32,1,4,0,0.349489
1,2,4,4,4,128,1,0,0.32342
1,8,1,2,4,8,32,0,0.289126
1,2,4,8,1,4,64,0,0.336889
1,1,4,32,1,128,1,0,0.340612
1,2,32,1,128,2,1,0,0.337089
1,2,64,2,8,2,4,0,0.503822
1,1,1,128,1,64,2,0,0.340289
1,1,2,32,4,32,2,0,0.336922
1,8,16,1,8,2,8,0,0.340481
1,2,2,64,4,1,16,0,0.503676
1,4,2,2,2,128,4,0,0.288982
1,4,1,64,2,4,8,0,0.503622
1,1,32,2,1,256,1,0,0.336879
1,1,256,2,2,2,8,0,0.765992
1,64,2,1,1,32,4,0,0.361922
1,4,1,8,8,16,4,0,0.323566
1,1,32,8,2,2,16,0,0.503542
1,8,4,1,1,512,1,0,0.323186
1,1,8,32,1,64,1,0,0.503783
1,16,4,2,8,2,8,0,0.340636
1,32,2,8,2,16,1,0,0.769074
0,8,2,16,16,4,1,0,0.578781
0,1,4,4,16,2,32,0,0.347061
1,1,16,8,1,32,4,0,0.340478
1,16,16,1,2,8,4,0,0.503645
1,64,2,1,4,2,16,0,0.34081
1,4,8,2,8,16,2,0,0.336519
1,1,4,4,64,4,4,0,0.28967
1,32,1,8,1,64,1,0,0.503545
1,2,32,8,4,8,1,0,0.768845
1,1,32,1,1,128,4,0,0.323699
1,4,4,4,256,1,1,0,0.336655
1,1,512,1,2,2,8,0,0.76276
0,16,16,2,8,1,4,0,0.770822
1,8,2,16,16,4,1,0,0.503709
1,16,16,2,16,2,1,0,0.762282
1,1,1,128,4,16,2,0,0.340528
1,16,4,1,64,4,1,0,0.336795
1,2,1,64,64,2,1,0,0.340764
1,16,4,4,1,16,4,0,0.50365
1,2,4,16,4,32,1,0,0.340268
0,1,8,4,8,16,4,0,0.343615
1,2,16,2,1,4,64,0,0.336692
1,16,1,16,1,32,2,0,0.503876
1,32,1,4,1,128,1,0,0.34052
1,4,2,4,1,512,1,0,0.323311
1,8,1,4,64,4,2,0,0.323781
1,1,2,16,1,256,2,0,0.323554
1,4,2,2,8,64,2,0,0.289442
1,2,1,32,32,1,8,0,0.337174
1,2,4,8,8,8,4,0,0.336645
1,2,4,8,64,2,2,0,0.336908
1,8,16,1,4,4,8,0,0.340606
0,1,1,128,1,16,8,0,0.349318
1,64,1,1,2,128,1,0,0.336824
1,32,16,1,1,32,1,0,0.765376
1,4,4,2,32,2,8,0,0.32381
1,1,256,2,2,16,1,0,0.766459
0,512,1,1,8,4,1,0,0.770873
0,4,1,4,4,4,64,0,0.347101
0,1,16,8,128,1,1,0,0.348636
1,64,2,2,1,2,32,0,0.503529
1,32,4,2,4,8,2,0,0.503494
1,2,64,1,16,2,4,0,0.340152
1,2,1,16,2,32,8,0,0.323581
1,2,4,8,2,32,4,0,0.336836
1,4,2,4,2,128,2,0,0.323439
1,1,128,1,1,8,16,0,0.340645
0,2,4,8,256,1,1,0,0.34567
0,1,64,2,1,128,1,0,0.349333
1,16,1,1,1,1024,1,0,0.289369
1,1,64,2,4,2,16,0,0.340771
1,4,128,1,16,1,2,0,0.768768
1,8,1,64,4,4,2,0,0.768391
1,8,8,4,4,2,8,0,0.503697
1,1,128,1,4,2,16,0,0.340063
1,32,8,2,16,1,2,0,0.768533
0,16,8,4,1,4,8,0,0.770661
1,2,2,32,2,2,32,0,0.340383
1,8,16,4,16,2,1,0,0.765579
1,1,256,2,4,4,2,0,0.768379
1,256,1,1,1,8,8,0,0.503701
1,4,1,8,128,1,4,0,0.32336
1,2,256,1,32,1,1,0,0.765265
1,2,32,4,1,2,32,0,0.503679
1,8,2,4,1,128,2,0,0.336994
1,1,1,32,2,256,1,0,0.323159
1,1,1,16,2,128,4,0,0.289731
0,2,4,8,16,2,8,0,0.345931
1,1,1,64,4,64,1,0,0.337036
0,8,2,16,32,2,1,0,0.580635
1,64,4,1,8,8,1,0,0.503786
1,16,4,1,2,8,16,0,0.337146
1,8,16,1,128,1,1,0,0.340383
1,1,32,8,1,4,16,0,0.503684
1,2,16,4,1,2,64,0,0.340524
1,2,1,8,128,4,2,0,0.289755
1,4,64,1,1,1,64,0,0.503733
1,4,64,2,1,8,4,0,0.768583
1,1,16,8,64,2,1,0,0.340267
1,2,2,8,8,2,32,0,0.323784
1,4,1,16,4,4,16,0,0.336974
1,32,4,2,2,1,32,0,0.503704
1,8,4,2,8,16,2,0,0.337146
1,8,8,2,1,8,16,0,0.340801
1,1,4,16,1,4,64,0,0.336921
1,16,1,1,16,16,4,0,0.288643
1,1,4,16,8,32,1,0,0.336712
1,16,1,4,16,8,2,0,0.336677
1,16,16,2,8,2,2,0,0.768776
1,4,16,2,2,1,64,0,0.340487
0,8,8,1,16,2,8,0,0.345178
1,2,4,4,2,128,2,0,0.323467
1,2,2,32,32,2,2,0,0.340648
1,2,8,1,16,16,4,0,0.289225
1,1,16,8,1,8,16,0,0.340701
1,4,4,16,8,8,1,0,0.503617
1,4,8,1,8,32,2,0,0.323466
1,1,2,8,4,16,16,0,0.289299
1,1,2,8,8,16,8,0,0.289412
1,16,4,1,1,4,64,0,0.377314
1,2,4,4,8,2,32,0,0.323057
1,32,8,2,1,4,8,0,0.765576
1,32,2,1,1,256,1,0,0.336764
1,1,2,16,1,16,32,0,0.324077
1,1,4,64,1,64,1,0,0.50387
1,4,1,4,4,4,64,0,0.28965
1,2,8,1,16,32,2,0,0.289238
0,1,16,2,512,1,1,0,0.343846
1,1,1,256,4,1,16,0,0.503777
0,2,2,16,2,64,2,0,0.345924
0,2,32,4,8,8,1,0,0.578824
1,32,1,16,8,2,2,0,0.765321
1,1,2,32,128,2,1,0,0.337045
1,16,4,1,32,8,1,0,0.336614
1,2,64,4,2,4,4,0,0.765079
1,8,8,1,4,64,1,0,0.336906
1,2,16,1,2,32,8,0,0.323389
0,8,2,16,1,8,8,0,0.57678
1,1,128,2,1,64,1,0,0.503661
1,2,2,16,4,1,64,0,0.336807
0,1,4,32,4,32,1,0,0.349197
1,4,4,2,128,1,4,0,0.323903
1,16,4,2,16,8,1,0,0.340222
0,4,64,2,4,2,4,0,0.770704
0,4,1,32,64,2,1,0,0.349328
1,8,8,8,4,4,2,0,0.768698
1,4,2,4,64,4,2,0,0.323672
1,32,2,2,128,1,1,0,0.340328
0,2,32,4,1,1,64,0,0.578335
1,16,16,1,2,2,16,0,0.503756
1,1,8,32,32,2,1,0,0.503686
1,2,32,4,8,1,8,0,0.50368
0,32,1,4,16,8,1,0,0.349552
0,16,2,8,1,4,16,0,0.577218
1,4,8,1,8,16,4,0,0.323608
1,4,2,8,256,1,1,0,0.336917
1,2,32,2,4,4,8,0,0.340551
1,2,2,64,2,16,2,0,0.503751
1,4,1,16,1,64,4,0,0.336477
1,4,1,8,1,8,64,0,0.323189
0,1,16,8,4,1,32,0,0.348813
1,2,8,4,1,256,1,0,0.336482
1,4,2,16,1,4,32,0,0.340202
0,1,16,16,32,2,1,0,0.57901
0,16,4,2,16,8,1,0,0.349235
1,1,8,4,256,2,1,0,0.323913
1,16,2,1,8,4,16,0,0.32329
0,2,8,16,8,2,4,0,0.580473
0,2,8,1,32,32,1,0,0.347516
1,1,64,1,128,1,2,0,0.336895
1,8,8,1,8,2,16,0,0.337085
1,8,1,4,32,8,2,0,0.323861
0,1,64,1,128,2,1,0,0.346068
0,2,8,1,2,64,8,0,0.347272
0,16,2,2,128,1,2,0,0.34563
1,1,2,64,4,16,2,0,0.340466
1,1,2,8,64,1,16,0,0.289211
0,64,4,2,1,32,1,0,0.770626
0,1,32,2,256,1,1,0,0.345573
1,1,32,16,8,4,1,0,0.765724
0,2,1,128,8,2,4,0,0.580399
1,8,2,2,128,2,2,0,0.32358
0,2,16,1,8,64,1,0,0.343923
1,16,8,1,8,8,2,0,0.340554
1,16,4,1,4,4,16,0,0.337007
0,2,4,2,4,256,1,0,0.347635
1,1,8,4,2,4,64,0,0.32361
1,1,64,4,64,1,1,0,0.503742
0,4,8,4,2,8,8,0,0.349416
0,1,4,8,64,4,2,0,0.343669
1,1,1,16,8,4,32,0,0.28892
1,2,8,1,1,32,32,0,0.255428
1,2,1,8,4,4,64,0,0.289916
1,4,32,2,2,32,1,0,0.503754
1,16,1,16,8,1,8,0,0.503764
1,8,2,1,2,512,1,0,0.289409
1,8,1,64,1,2,16,0,0.765412
1,64,1,1,64,4,1,0,0.336897
1,8,2,2,32,8,2,0,0.323436
1,2,2,64,2,32,1,0,0.503735
1,8,1,2,32,4,8,0,0.288809
0,1,1,64,64,2,2,0,0.345829
0,32,4,1,16,4,2,0,0.348713
1,32,4,2,2,16,2,0,0.503756
0,2,4,64,4,2,4,0,0.770607
1,2,1,8,16,32,2,0,0.289348
1,1,8,8,8,1,32,0,0.336684
1,2,2,8,16,1,32,0,0.323208
0,16,8,2,2,4,8,0,0.579431
1,1,2,128,4,4,4,0,0.503764
1,64,1,4,16,4,1,0,0.503577
1,1,16,8,8,16,1,0,0.34063
1,16,32,1,4,8,1,0,0.76552
1,2,16,1,8,4,16,0,0.323649
1,4,2,2,16,8,8,0,0.289053
0,2,2,8,1,16,32,0,0.343758
1,1,64,1,64,2,2,0,0.337023
0,1,128,1,8,2,8,0,0.348591
1,32,1,1,8,64,1,0,0.323458
1,16,16,2,16,1,2,0,0.765663
1,16,4,1,64,1,4,0,0.337008
1,16,8,2,4,4,4,0,0.503826
0,8,8,1,2,64,2,0,0.345378
0,2,16,4,4,2,16,0,0.349222
0,1,1,128,2,4,16,0,0.349485
0,1,8,8,16,4,4,0,0.345503
1,1,32,1,1,32,16,0,0.323361
1,8,2,1,16,4,16,0,0.289418
1,16,2,16,2,16,1,0,0.768015
0,4,8,2,16,16,1,0,0.345859
1,4,2,16,64,2,1,0,0.340494
1,1,2,16,4,4,32,0,0.323448
0,4,4,8,16,1,8,0,0.349267
1,2,2,64,1,32,2,0,0.503849
0,8,8,1,2,2,64,0,0.345374
0,16,1,4,2,32,4,0,0.346053
1,4,2,8,2,64,2,0,0.336973
0,2,2,8,64,4,2,0,0.344022
0,8,1,16,16,2,4,0,0.349202
0,2,2,16,1,16,16,0,0.345102
1,4,8,1,2,4,64,0,0.323609
1,1,4,64,2,4,8,0,0.503487
0,32,1,1,16,32,1,0,0.344109
0,1,4,16,4,16,4,0,0.345212
1,16,1,1,64,16,1,0,0.289678
1,2,128,2,1,4,8,0,0.768524
1,8,4,8,16,2,2,0,0.503529
1,128,4,1,8,4,1,0,0.768916
1,8,4,4,4,32,1,0,0.340259
1,32,4,2,2,2,16,0,0.503513
1,1,32,4,2,32,2,0,0.340689
1,4,8,1,64,2,4,0,0.323782
1,16,2,4,16,8,1,0,0.34048
0,4,1,16,4,32,2,0,0.345894
1,4,1,4,64,1,16,0,0.289216
0,8,2,1,16,2,32,0,0.34665
1,2,2,8,64,4,2,0,0.323405
1,1,16,4,1,16,16,0,0.336827
0,8,1,64,4,2,4,0,0.773963
1,1,4,16,8,16,2,0,0.336906
1,8,1,8,1,32,8,0,0.33656
1,2,1,8,64,1,16,0,0.289078
1,2,1,8,32,4,8,0,0.288319
1,1,64,8,4,8,1,0,0.765119
1,1,4,4,2,512,1,0,0.289708
1,2,4,2,4,64,4,0,0.288925
0,2,8,4,2,8,16,0,0.345662
1,4,2,4,256,2,1,0,0.323374
1,32,1,1,1,512,1,0,0.323526
1,2,8,4,2,32,4,0,0.336823
1,16,4,2,4,16,2,0,0.340583
1,16,1,16,2,4,8,0,0.503681
1,8,16,2,8,8,1,0,0.503618
1,1,128,4,1,2,16,0,0.765282
1,2,4,4,16,4,8,0,0.323769
0,2,16,8,1,16,4,0,0.576651
1,1,128,2,16,4,1,0,0.503567
1,1,16,8,1,4,32,0,0.340576
1,2,8,32,1,4,8,0,0.768653
1,8,4,4,2,4,16,0,0.340315
1,1,4,4,1,16,64,0,0.289502
1,2,4,2,32,8,4,0,0.289868
0,2,4,8,2,2,64,0,0.346002
0,256,1,1,8,1,8,0,0.576426
1,2,2,128,1,1,32,0,0.769031
1,4,4,32,8,2,2,0,0.768653
1,16,4,4,2,4,8,0,0.503624
1,8,4,1,64,2,4,0,0.323339
1,8,2,2,32,4,4,0,0.323456
1,4,2,16,64,1,2,0,0.340838
1,1,4,4,8,32,4,0,0.2893
1,8,16,2,8,1,8,0,0.503659
1,1,32,2,8,16,2,0,0.336835
1,8,1,32,8,2,4,0,0.503709
1,1,4,128,32,1,1,0,0.768563
1,64,1,1,4,16,4,0,0.336824
1,4,8,2,1,4,64,0,0.336609
1,2,8,16,1,16,4,0,0.503624
1,32,2,8,8,1,4,0,0.76531
0,4,8,2,32,8,1,0,0.345947
1,128,1,4,4,4,2,0,0.769403
1,4,2,4,16,4,8,0,0.323751
1,2,4,2,16,4,16,0,0.288984
1,2,16,1,16,4,8,0,0.323616
1,2,4,32,4,4,4,0,0.503796
1,8,64,1,4,1,8,0,0.762853
1,32,4,1,4,4,8,0,0.340181
1,16,1,2,16,4,8,0,0.323723
1,2,4,2,128,4,2,0,0.289282
1,1,64,2,2,1,64,0,0.340291
1,16,8,2,16,2,2,0,0.503874
1,2,1,32,2,128,1,0,0.336824
1,8,1,8,4,32,2,0,0.336816
1,1,128,2,8,1,8,0,0.50365
1,1,2,64,1,4,32,0,0.340523
1,4,4,32,4,1,8,0,0.76833
1,4,4,1,8,2,64,0,0.289758
1,16,1,8,64,2,1,0,0.340472
0,2,8,1,1,32,32,0,0.348319
1,8,8,4,1,32,2,0,0.503601
1,32,2,1,4,16,4,0,0.337033
1,8,2,1,32,1,32,0,0.28946
1,4,1,32,2,2,32,0,0.340329
1,2,8,32,1,8,4,0,0.76591
1,4,1,8,1,512,1,0,0.323597
1,2,1,128,1,16,4,0,0.503593
1,16,2,4,1,128,1,0,0.340799
1,64,4,2,2,8,2,0,0.762205
1,8,2,2,512,1,1,0,0.323495
1,2,32,8,1,32,1,0,0.766358
1,2,1,8,2,512,1,0,0.288896
1,1,16,4,4,64,1,0,0.337033
0,1,8,2,64,1,16,0,0.34707
1,32,1,2,32,1,8,0,0.336909
1,8,1,4,2,128,2,0,0.323227
1,2,1,16,2,8,32,0,0.323496
1,8,1,16,4,32,1,0,0.340363
1,8,4,1,16,2,16,0,0.3233
1,1,16,4,32,1,8,0,0.336621
1,1,4,32,1,8,16,0,0.340531
1,16,4,4,8,8,1,0,0.503691
1,8,1,8,8,1,32,0,0.336747
1,2,1,16,2,64,4,0,0.323877
1,32,1,2,1,4,64,0,0.336839
1,1,1,32,32,2,8,0,0.323888
0,16,1,1,64,4,4,0,0.347404
1,16,1,1,1,512,2,0,0.288554
0,4,2,8,32,2,4,0,0.345793
1,32,1,1,16,1,32,0,0.323536
1,8,16,1,4,32,1,0,0.340581
1,4,8,4,16,2,4,0,0.340543
1,16,4,8,2,2,8,0,0.765098
1,4,1,4,8,128,1,0,0.288899
1,1,1,512,2,4,4,0,0.765288
1,64,1,1,128,1,2,0,0.336935
1,2,32,2,8,4,4,0,0.34038
1,4,8,4,16,1,8,0,0.340694
1,32,4,4,2,1,16,0,0.768758
1,8,2,1,64,1,16,0,0.289529
1,2,2,16,2,64,2,0,0.337181
0,2,64,2,2,4,8,0,0.579349
1,1,256,1,16,1,4,0,0.503619
1,2,8,1,8,8,16,0,0.289493
1,8,8,1,1,256,1,0,0.336931
1,1,128,4,4,8,1,0,0.768667
1,1,8,8,1,32,8,0,0.337051
1,8,2,32,2,2,8,0,0.768664
1,8,8,1,4,1,64,0,0.336958
1,2,4,8,8,4,8,0,0.336499
1,1,16,8,16,4,2,0,0.340533
1,32,8,1,1,32,2,0,0.542035
1,2,8,4,4,1,64,0,0.336862
1,1,4,8,128,2,2,0,0.324123
1,1,8,8,8,2,16,0,0.336626
1,8,32,1,2,1,32,0,0.50366
0,2,8,32,2,4,4,0,0.77074
1,4,8,8,4,1,16,0,0.503519
1,16,2,1,32,2,8,0,0.323564
1,8,2,1,16,64,1,0,0.2878
1,64,4,1,4,4,4,0,0.503833
1,2,4,64,1,32,1,0,0.765431
1,2,2,32,4,4,8,0,0.340614
1,64,1,4,8,4,2,0,0.503419
1,4,4,32,2,2,8,0,0.7652
1,1,4,64,16,4,1,0,0.503534
1,1,4,4,32,32,1,0,0.28793
1,16,1,2,16,16,2,0,0.323082
1,4,4,4,2,64,2,0,0.336987
1,16,1,4,1,128,2,0,0.336991
1,2,2,16,2,2,64,0,0.337082
0,16,1,8,2,64,1,0,0.349255
1,1,4,16,16,1,16,0,0.336864
1,2,4,64,1,1,32,0,0.761756
1,1,32,1,16,16,2,0,0.323267
1,8,16,1,2,16,4,0,0.340446
1,8,8,1,32,1,8,0,0.336927
1,2,1,64,2,2,32,0,0.340482
1,16,1,1,64,8,2,0,0.288982
1,4,4,1,512,1,2,0,0.288558
1,2,32,2,16,4,2,0,0.340354
1,128,2,2,16,2,1,0,0.768866
1,2,2,16,32,4,2,0,0.336883
1,256,1,1,8,1,8,0,0.503538
1,2,2,16,1,64,4,0,0.337152
1,32,4,4,4,2,4,0,0.765957
1,4,2,8,8,16,2,0,0.337171
1,2,1,128,1,4,16,0,0.503598
1,4,1,32,1,4,32,0,0.340633
1,64,1,4,8,1,8,0,0.503727
1,2,32,1,16,8,2,0,0.336831
0,2,16,2,2,128,1,0,0.345842
1,16,16,2,1,2,16,0,0.765075
1,8,1,4,16,16,2,0,0.323447
1,1,1,512,16,1,2,0,0.766011
1,2,4,64,2,4,4,0,0.765979
1,2,2,8,1,32,16,0,0.323868
1,16,2,16,1,1,32,0,0.762286
1,32,2,1,64,4,1,0,0.337055
1,1,1,64,256,1,1,0,0.336693
1,1,2,16,2,64,4,0,0.323613
1,64,1,8,16,2,1,0,0.761488
1,64,4,2,1,2,16,0,0.762611
1,1,2,8,128,1,8,0,0.289072
1,4,64,1,64,1,1,0,0.503679
1,4,8,4,8,16,1,0,0.340297
1,4,2,8,1,256,1,0,0.336704
1,4,1,8,16,32,1,0,0.323772
1,8,8,1,16,2,8,0,0.337093
1,2,4,2,8,64,2,0,0.289863
1,4,4,32,32,1,1,0,0.765775
1,1,4,16,16,2,8,0,0.337326
1,1,128,2,8,2,4,0,0.503773
1,32,1,1,1,256,2,0,0.323518
1,8,1,8,1,16,16,0,0.336924
1,4,64,1,16,2,2,0,0.503523
1,1,4,16,1,64,4,0,0.337325
1,2,32,1,2,64,2,0,0.336981
1,1,8,2,16,64,1,0,0.289611
1,2,16,4,8,2,8,0,0.340216
1,8,2,1,128,2,4,0,0.289435
1,8,2,16,1,1,64,0,0.50365
1,16,4,4,64,1,1,0,0.503467
1,1,16,32,4,8,1,0,0.765569
1,8,8,2,128,1,1,0,0.340573
1,1,8,2,4,256,1,0,0.289235
1,1,1,128,4,32,1,0,0.34036
0,2,16,2,8,32,1,0,0.345918
1,4,4,8,1,2,64,0,0.34068
1,2,4,32,8,4,2,0,0.503597
1,2,16,1,128,4,1,0,0.323298
1,4,1,128,1,1,32,0,0.769216
1,16,4,1,16,8,2,0,0.336866
1,16,8,1,2,2,32,0,0.340369
1,64,8,1,8,2,2,0,0.769368
1,1,64,4,4,16,1,0,0.503759
1,64,1,2,4,2,16,0,0.340335
1,256,1,2,1,4,8,0,0.76829
1,1,2,32,2,32,4,0,0.33721
1,8,8,8,1,32,1,0,0.764797
1,1,16,8,1,16,8,0,0.340198
1,4,4,4,2,32,4,0,0.336828
1,1,8,8,2,16,8,0,0.337034
1,2,1,8,4,256,1,0,0.289196
1,1,4,64,1,8,8,0,0.503871
1,4,2,4,8,1,64,0,0.323728
1,8,4,8,32,1,2,0,0.503737
1,4,128,1,4,4,2,0,0.766017
1,1,64,1,8,8,4,0,0.336881
1,1,4,128,2,8,2,0,0.761523
1,2,2,8,64,2,4,0,0.323796
1,8,32,1,2,4,8,0,0.503741
0,8,2,2,64,1,8,0,0.343982
1,2,32,2,2,4,16,0,0.340559
1,64,1,8,1,1,32,0,0.768715
1,64,1,8,2,16,1,0,0.76568
1,1,4,8,32,2,8,0,0.323539
1,16,16,1,4,8,2,0,0.503872
1,1,64,4,1,16,4,0,0.503736
0,2,2,64,16,1,4,0,0.577881
1,2,2,32,4,8,4,0,0.340543
1,32,4,4,1,1,32,0,0.758091
1,1,16,32,4,2,4,0,0.768639
1,4,1,4,512,1,2,0,0.288133
1,2,64,2,8,1,8,0,0.50367
1,1,128,1,4,32,1,0,0.341061
1,4,1,8,64,4,2,0,0.323767
1,8,1,64,4,1,8,0,0.765637
1,2,64,2,1,16,4,0,0.503485
1,32,1,1,32,16,1,0,0.323299
1,8,2,1,1,1024,1,0,0.289061
1,16,1,4,4,2,32,0,0.336692
1,1,32,16,1,4,8,0,0.765277
1,32,1,1,4,4,32,0,0.32329
1,2,2,4,64,16,1,0,0.289191
1,2,16,16,2,1,16,0,0.764857
1,2,16,16,1,32,1,0,0.7692
1,4,64,2,2,8,2,0,0.76892
1,8,4,1,16,1,32,0,0.323278
1,1,4,16,8,2,16,0,0.336951
1,2,4,16,1,2,64,0,0.340401
0,4,4,16,2,2,16,0,0.579947
1,2,8,2,32,16,1,0,0.323427
1,2,1,16,32,2,8,0,0.323893
1,2,2,16,16,4,4,0,0.336853
1,4,64,1,4,8,2,0,0.503685
1,8,4,8,2,16,2,0,0.504038
1,2,32,2,64,1,2,0,0.340362
0,32,2,1,2,4,32,0,0.345516
1,64,2,4,4,2,4,0,0.766345
1,4,2,8,4,8,8,0,0.337
1,8,16,4,8,1,4,0,0.769269
1,1,64,1,256,1,1,0,0.33665
1,64,2,1,1,4,32,0,0.38198
1,8,2,16,8,4,2,0,0.503766
1,2,64,4,1,4,8,0,0.765366
1,4,8,2,16,1,16,0,0.336902
1,1,8,2,4,4,64,0,0.289267
1,1,1,16,8,2,64,0,0.28961
1,2,8,1,32,1,32,0,0.289143
0,16,1,2,256,1,2,0,0.344164
1,8,1,8,8,8,4,0,0.336902
0,2,4,64,4,8,1,0,0.77355
1,2,32,2,1,128,1,0,0.340605
1,2,8,2,2,128,2,0,0.323697
1,4,1,32,16,1,8,0,0.340359
1,1,16,1,4,64,4,0,0.288872
1,2,16,8,8,2,4,0,0.503916
1,4,1,8,1,128,4,0,0.323273
1,1,1,32,16,1,32,0,0.323483
1,1,8,16,16,8,1,0,0.340334
1,1,32,2,16,4,4,0,0.336988
1,1,16,32,1,8,4,0,0.769004
1,1,16,2,4,32,4,0,0.323422
1,16,1,2,128,1,4,0,0.32336
1,256,1,1,64,1,1,0,0.503498
1,4,2,8,128,2,1,0,0.336971
1,2,8,16,1,4,16,0,0.503394
1,1,32,2,4,16,4,0,0.336669
1,128,1,4,2,8,2,0,0.765431
1,8,2,32,8,4,1,0,0.76263
1,1,4,32,4,32,1,0,0.340184
1,1,64,1,16,1,16,0,0.336669
1,16,4,2,128,1,1,0,0.340643
1,1,512,1,4,8,1,0,0.768631
1,4,32,2,64,1,1,0,0.503548
1,1,1,64,64,1,4,0,0.336973
1,8,16,1,8,16,1,0,0.340397
1,1,1,16,2,32,16,0,0.289168
1,1,2,8,4,64,4,0,0.289809
1,2,1,8,256,2,2,0,0.289398
1,8,2,2,128,4,1,0,0.323045
1,1,8,64,1,1,32,0,0.765005
0,1,32,2,1,4,64,0,0.345721
1,1,2,32,8,16,2,0,0.336707
0,8,2,1,4,32,8,0,0.347714
1,2,64,2,2,1,32,0,0.503623
1,4,2,2,32,32,1,0,0.289599
1,32,2,2,8,4,4,0,0.340808
1,4,2,8,32,2,4,0,0.336759
1,2,32,1,1,16,16,0,0.348232
1,128,1,1,2,64,1,0,0.340603
1,16,8,1,2,32,2,0,0.340342
1,8,4,1,8,32,2,0,0.323415
1,4,1,16,8,1,32,0,0.336884
1,2,16,16,2,4,4,0,0.768207
0,1,8,2,1,512,2,0,0.34723
0,128,2,1,32,1,2,0,0.577867
0,1,2,32,32,2,4,0,0.345512
1,2,4,4,64,2,4,0,0.323422
0,16,2,1,8,8,8,0,0.343914
0,4,2,32,4,16,1,0,0.578834
0,16,1,1,16,1,64,0,0.346917
0,1,8,32,32,2,1,0,0.579085
1,4,128,1,1,1,32,0,0.76496
1,8,1,4,64,1,8,0,0.323407
1,16,16,1,1,2,32,0,0.520869
1,2,64,2,32,1,2,0,0.503745
0,4,8,1,16,4,8,0,0.34419
0,1,4,16,8,4,8,0,0.345371
0,2,16,1,1,8,64,0,0.345183
0,1,4,64,8,1,8,0,0.578444
1,1,2,8,4,32,8,0,0.289076
0,2,2,32,16,4,2,0,0.349136
1,4,1,16,2,2,64,0,0.337282
1,1,2,128,1,32,2,0,0.503435
1,1,4,64,1,32,2,0,0.503963
1,4,1,128,1,2,16,0,0.761785
0,32,8,2,1,2,16,0,0.770508
1,1,1,16,8,32,4,0,0.289384
1,2,8,4,8,8,4,0,0.336912
1,4,1,32,1,2,64,0,0.340487
1,64,1,1,16,4,4,0,0.337013
1,16,2,4,2,1,64,0,0.340555
1,16,16,2,8,1,4,0,0.766301
1,16,1,8,1,4,32,0,0.340289
0,2,8,1,8,2,64,0,0.347338
1,2,8,8,16,8,1,0,0.340316
1,4,32,1,1,2,64,0,0.351241
0,1,4,32,4,1,32,0,0.349106
1,4,4,32,1,16,2,0,0.768758
1,2,1,128,2,4,8,0,0.503761
1,256,2,1,2,16,1,0,0.765824
0,2,32,2,4,32,1,0,0.349344
1,1,8,32,2,1,32,0,0.503767
0,16,4,1,8,16,2,0,0.345242
1,256,1,1,8,2,4,0,0.503726
1,4,64,1,1,4,16,0,0.621359
1,2,8,1,128,2,4,0,0.289483
1,1,8,8,2,64,2,0,0.33686
1,16,2,2,4,1,64,0,0.336941
1,4,2,32,16,2,2,0,0.5037
0,4,2,2,16,1,64,0,0.347819
1,8,1,4,512,1,1,0,0.323353
1,16,4,4,8,1,8,0,0.503593
1,2,4,2,4,256,1,0,0.289165
1,16,2,4,1,4,32,0,0.340543
1,1,1,256,1,32,2,0,0.503653
1,4,2,2,32,2,16,0,0.289341
1,8,4,2,128,2,1,0,0.33701
1,8,64,1,1,8,4,0,0.77703
1,8,16,2,16,1,4,0,0.503836
0,16,2,4,16,2,4,0,0.349273
0,1,16,32,2,2,8,0,0.770393
1,8,2,4,1,256,1,0,0.336643
1,1,2,32,32,8,1,0,0.336982
1,8,4,2,4,8,8,0,0.336803
1,64,4,2,2,1,16,0,0.765533
0,4,32,2,2,32,1,0,0.579199
1,4,64,2,16,1,2,0,0.769186
1,2,4,4,256,2,1,0,0.323438
1,4,8,1,128,1,4,0,0.323886
1,1,32,2,4,64,1,0,0.337036
1,2,16,8,2,32,1,0,0.503569
1,4,8,2,4,4,16,0,0.33686
1,1,32,4,8,8,2,0,0.340317
1,4,2,8,4,64,1,0,0.336856
1,4,16,1,32,1,8,0,0.336726
1,32,2,1,1,16,16,0,0.347606
1,1,16,4,64,1,4,0,0.336927
1,8,4,4,1,64,2,0,0.34016
1,1,32,4,1,4,32,0,0.340719
1,1,32,8,4,2,8,0,0.503649
1,1,1,256,1,8,8,0,0.503944
1,4,2,4,128,1,4,0,0.323643
0,1,8,64,2,16,1,0,0.770582
1,4,4,32,4,4,2,0,0.765469
1,1,1,64,2,32,4,0,0.336592
1,1,32,1,16,4,8,0,0.323333
1,4,4,16,16,1,4,0,0.50387
1,8,8,2,32,4,1,0,0.340897
0,8,4,8,64,1,1,0,0.578476
1,16,2,8,16,4,1,0,0.503727
1,8,2,8,1,32,4,0,0.340423
1,1,8,8,2,2,64,0,0.337243
1,4,1,8,8,2,32,0,0.3236
1,2,16,4,16,4,2,0,0.340396
1,1,8,64,16,2,1,0,0.765441
1,16,1,1,1,16,64,0,0.289785
1,2,4,16,1,128,1,0,0.340373
0,4,16,8,1,4,8,0,0.772856
1,64,1,4,2,4,8,0,0.503729
1,2,8,2,256,2,1,0,0.323417
1,1,8,8,16,2,8,0,0.336949
1,4,16,4,2,8,4,0,0.503496
1,8,8,8,4,2,4,0,0.762392
1,1,4,64,2,8,4,0,0.503749
1,4,16,1,64,2,2,0,0.336963
1,1,32,8,1,32,2,0,0.503546
1,2,32,1,8,32,1,0,0.336927
1,4,4,1,8,128,1,0,0.289238
1,2,1,64,2,4,16,0,0.340267
1,2,8,1,64,4,4,0,0.289682
1,1,32,2,4,32,2,0,0.336712
1,4,4,32,16,2,1,0,0.765358
1,8,8,1,2,32,4,0,0.336772
1,1,1,256,2,16,2,0,0.503739
1,1,2,8,2,64,8,0,0.288951
0,16,1,2,2,256,1,0,0.344509
1,8,2,2,1,256,2,0,0.323152
1,1,2,16,4,128,1,0,0.323259
1,128,1,1,32,4,1,0,0.340262
1,16,4,2,8,8,2,0,0.340495
1,2,1,16,4,2,64,0,0.323707
1,2,4,8,32,8,1,0,0.337081
1,1,16,32,2,8,2,0,0.76934
1,1,2,128,4,1,16,0,0.503655
1,2,32,4,2,32,1,0,0.503614
1,1,2,64,1,16,8,0,0.34053
1,16,4,8,1,4,8,0,0.765613
1,1,32,1,2,128,2,0,0.32372
1,4,1,16,4,2,32,0,0.336626
1,2,2,8,1,16,32,0,0.324061
1,512,1,1,4,4,2,0,0.765476
0,2,4,2,32,32,1,0,0.347292
1,4,4,1,32,2,16,0,0.289736
1,1,2,128,2,1,32,0,0.503412
1,2,1,8,2,8,64,0,0.289753
1,4,2,2,256,2,2,0,0.289728
1,2,4,16,1,32,4,0,0.340331
1,1,2,32,4,4,16,0,0.336992
1,64,1,8,1,2,16,0,0.765471
1,4,2,2,1,32,32,0,0.28945
1,1,16,1,8,32,4,0,0.288975
1,16,1,32,2,2,8,0,0.765361
1,8,32,2,2,2,8,0,0.766259
0,32,1,8,2,32,1,0,0.579263
1,1,1,16,4,32,8,0,0.288775
1,1,128,4,2,4,4,0,0.761688
1,16,8,1,2,64,1,0,0.340735
1,1,4,32,8,4,4,0,0.340461
1,16,1,2,1,256,2,0,0.323664
1,2,64,1,4,32,1,0,0.340355
1,1,64,1,2,2,64,0,0.336621
1,2,16,16,4,8,1,0,0.768763
1,4,2,4,4,16,8,0,0.323441
1,64,4,2,8,4,1,0,0.764855
1,8,4,2,32,1,8,0,0.33661
1,16,1,1,256,2,2,0,0.288711
1,4,16,4,2,4,8,0,0.503742
0,4,8,1,1,8,64,0,0.345124
1,1,32,1,4,128,1,0,0.323518
1,16,1,2,128,4,1,0,0.323512
1,8,1,32,32,1,2,0,0.503682
1,1,2,128,2,4,8,0,0.503648
1,1,32,1,128,1,4,0,0.323466
1,1,1,32,32,1,16,0,0.323132
1,2,8,16,4,8,2,0,0.503769
1,32,1,1,32,2,8,0,0.323747
1,8,32,1,64,1,1,0,0.503755
1,16,2,1,2,256,1,0,0.323494
1,2,16,8,8,8,1,0,0.503602
1,8,1,32,8,8,1,0,0.503584
1,64,1,4,16,2,2,0,0.503696
1,1,64,1,8,32,1,0,0.336701
1,2,2,32,32,4,1,0,0.340219
1,8,4,1,16,32,1,0,0.323683
1,256,1,1,32,2,1,0,0.503812
1,1,1,16,1,16,64,0,0.289466
1,64,1,4,8,2,4,0,0.503722
1,4,8,1,2,8,32,0,0.32305
1,8,2,4,32,4,2,0,0.336924
1,8,4,8,8,2,4,0,0.503601
1,16,4,4,32,1,2,0,0.503637
1,32,4,1,32,1,4,0,0.340529
0,8,8,4,8,4,2,0,0.580804
1,4,16,8,2,2,8,0,0.765267
0,32,1,4,32,2,2,0,0.349314
1,2,2,128,32,1,1,0,0.765755
1,2,8,8,16,1,8,0,0.340472
1,2,4,2,2,8,64,0,0.289091
1,32,4,4,8,4,1,0,0.768773
1,4,1,64,8,8,1,0,0.503608
1,1,16,16,8,4,2,0,0.503794
1,1,64,1,2,128,1,0,0.336912
1,32,8,2,2,2,8,0,0.765262
1,2,256,1,2,1,16,0,0.766191
1,1,64,2,2,8,8,0,0.34077
1,1,16,2,8,16,4,0,0.323621
1,32,1,2,256,1,1,0,0.337051
1,8,64,1,1,2,16,0,0.775757
1,1,8,8,1,64,4,0,0.337049
1,8,8,8,16,1,2,0,0.76885
1,2,4,2,64,16,1,0,0.289637
1,128,2,1,1,4,16,0,0.620851
1,1,32,1,32,2,8,0,0.323391
1,32,1,1,8,2,32,0,0.322974
1,8,16,2,16,4,1,0,0.50364
1,4,8,16,8,4,1,0,0.768751
1,2,2,4,32,2,16,0,0.289274
1,4,4,1,256,1,4,0,0.289286
1,1,16,16,1,8,8,0,0.503745
1,2,2,8,4,128,1,0,0.323796
1,4,4,4,128,1,2,0,0.336897
1,8,2,8,64,2,1,0,0.340037
1,2,16,2,32,1,8,0,0.33669
1,8,16,1,16,4,2,0,0.340266
1,16,1,2,16,1,32,0,0.32308
1,2,8,2,32,1,16,0,0.323357
1,1,32,4,4,8,4,0,0.340439
1,256,1,1,8,4,2,0,0.503499
1,2,4,4,1,512,1,0,0.323373
1,4,16,2,32,1,4,0,0.340622
1,2,16,2,4,64,1,0,0.337002
1,2,16,1,2,64,4,0,0.323506
1,1,16,4,1,64,4,0,0.336983
1,4,1,16,8,32,1,0,0.336791
1,1,4,4,16,1,64,0,0.289616
1,8,16,1,16,8,1,0,0.340639
0,4,4,1,16,4,16,0,0.346591
1,4,8,4,4,32,1,0,0.340706
1,2,4,2,1,16,64,0,0.290082
1,1,4,4,2,16,32,0,0.289521
1,2,2,64,2,2,16,0,0.503465
1,4,4,8,4,1,32,0,0.340559
1,8,2,4,32,1,8,0,0.336733
1,4,1,128,32,1,1,0,0.761274
1,2,1,16,64,8,1,0,0.323594
1,2,8,4,4,8,8,0,0.337021
1,32,1,1,16,4,8,0,0.323537
1,1,2,8,2,32,16,0,0.289024
1,32,4,4,1,16,2,0,0.769073
1,2,4,16,8,16,1,0,0.340734
1,1,16,1,4,32,8,0,0.289598
1,64,2,2,4,8,2,0,0.50378
1,1,1,64,16,1,16,0,0.336869
1,4,16,2,16,8,1,0,0.340406
1,2,8,8,4,4,8,0,0.340549
1,4,2,64,16,1,2,0,0.768127
1,16,8,2,4,8,2,0,0.503861
1,1,16,4,4,8,8,0,0.337252
1,4,4,8,2,8,8,0,0.34064
1,4,32,4,16,1,2,0,0.762162
1,2,8,1,4,64,4,0,0.28908
1,8,8,1,1,32,8,0,0.337518
1,128,2,2,16,1,2,0,0.762034
1,1,16,32,1,32,1,0,0.769223
1,16,4,1,4,1,64,0,0.336988
1,1,1,16,128,4,2,0,0.290027
1,1,8,2,8,128,1,0,0.288866
1,8,4,4,64,1,2,0,0.34047
1,1,64,4,1,4,16,0,0.503627
1,8,1,2,2,128,4,0,0.289748
1,4,4,8,8,4,4,0,0.340047
1,8,8,4,1,2,32,0,0.503695
1,16,1,2,32,16,1,0,0.323279
1,1,2,64,8,8,2,0,0.340396
1,32,8,1,4,1,16,0,0.503516
1,8,4,2,16,1,16,0,0.337024
1,2,1,16,256,1,2,0,0.323626
1,2,16,1,32,8,2,0,0.32329
1,8,2,4,64,2,2,0,0.336769
1,4,1,16,1,16,16,0,0.337104
1,8,2,1,2,16,32,0,0.288931
1,32,2,2,16,1,8,0,0.340536
1,2,8,32,2,1,16,0,0.768587
1,1,8,4,8,2,32,0,0.323871
1,8,1,2,2,256,2,0,0.289521
1,64,4,1,2,2,16,0,0.503926
0,1,16,4,2,16,8,0,0.345529
0,2,1,128,1,1,64,0,0.579751
1,8,16,1,4,2,16,0,0.340593
1,4,2,4,256,1,2,0,0.323305
1,8,4,1,1,32,16,0,0.319227
0,2,4,8,16,8,2,0,0.345921
1,128,2,2,1,2,16,0,0.765253
1,1,1,512,4,1,8,0,0.765182
1,128,2,2,1,1,32,0,0.766014
0,2,1,16,8,64,1,0,0.344063
1,64,1,1,4,4,16,0,0.337162
1,4,8,2,2,32,4,0,0.337058
0,4,1,4,16,4,16,0,0.348061
0,1,2,32,8,8,4,0,0.345399
0,8,4,4,8,16,1,0,0.349144
0,8,4,4,4,32,1,0,0.349373
0,128,4,1,4,8,1,0,0.770613
1,8,2,8,4,4,8,0,0.340587
1,8,2,16,1,8,8,0,0.503793
0,16,2,16,1,1,32,0,0.770766
0,1,4,16,8,16,2,0,0.345417
0,2,1,8,64,1,16,0,0.347517
1,1,8,4,1,8,64,0,0.323814
1,1,64,2,32,2,2,0,0.340356
0,16,2,8,8,2,4,0,0.577851
1,8,32,2,32,1,1,0,0.768505
1,8,4,8,2,4,8,0,0.503639
1,2,2,64,32,1,2,0,0.503883
1,4,4,32,4,2,4,0,0.764831
0,2,4,16,4,8,4,0,0.349281
1,4,16,1,4,16,4,0,0.336762
0,2,2,4,512,1,2,0,0.347226
1,1,2,32,1,64,4,0,0.336961
1,2,2,8,16,8,4,0,0.32383
1,8,2,16,2,4,8,0,0.503625
1,8,4,1,128,4,1,0,0.323791
1,8,4,4,8,1,16,0,0.340396
0,4,2,2,64,4,4,0,0.34742
1,16,2,8,32,1,2,0,0.503642
1,16,4,8,1,32,1,0,0.768428
0,2,1,8,2,512,1,0,0.348204
1,32,1,16,32,1,1,0,0.765325
1,2,2,4,16,1,64,0,0.289367
1,1,16,2,512,1,1,0,0.324005
1,2,8,4,128,1,2,0,0.336983
1,256,1,1,2,2,16,0,0.503855
1,1,2,8,1,32,32,0,0.28954
1,4,2,32,1,32,2,0,0.503403
1,4,1,64,4,4,4,0,0.503632
1,2,8,1,256,4,1,0,0.288619
1,4,16,2,2,64,1,0,0.340496
1,2,4,2,1,128,8,0,0.288974
1,4,8,4,2,64,1,0,0.340759
1,16,32,1,1,16,2,0,0.776811
1,128,2,1,2,16,2,0,0.503682
1,32,8,2,1,16,2,0,0.762027
1,1,4,128,2,16,1,0,0.765258
1,4,8,1,16,1,32,0,0.323384
1,2,1,128,1,1,64,0,0.503709
1,2,8,1,16,1,64,0,0.289414
1,1,8,32,1,32,2,0,0.503953
1,2,16,8,4,4,4,0,0.503925
1,4,16,1,8,16,2,0,0.336825
1,8,2,16,4,1,16,0,0.503712
1,4,16,2,1,64,2,0,0.340526
1,1,8,4,64,4,2,0,0.323443
0,4,1,8,32,1,16,0,0.344554
1,1,32,1,8,4,16,0,0.323563
1,2,2,64,16,2,2,0,0.50353
1,2,4,16,2,8,8,0,0.340373
0,8,2,4,2,2,64,0,0.345686
1,2,1,64,16,1,8,0,0.340478
1,1,64,2,64,1,2,0,0.340576
1,2,1,64,1,8,16,0,0.340696
0,1,512,1,1,1,32,0,0.774402
0,1,8,4,2,64,4,0,0.343703
0,8,8,4,4,8,2,0,0.581733
0,8,32,2,2,1,16,0,0.77696
1,16,1,2,4,16,8,0,0.323611
1,32,1,2,16,4,4,0,0.337042
0,2,2,16,2,4,32,0,0.34577
1,8,8,2,2,16,4,0,0.340608
0,2,64,1,4,4,8,0,0.348489
1,32,1,8,1,2,32,0,0.503578
1,1,4,8,4,128,1,0,0.323523
1,2,1,32,1,32,8,0,0.336611
1,4,2,2,4,256,1,0,0.288417
0,1,512,1,1,8,4,0,0.770956
0,16,2,2,256,1,1,0,0.346046
0,2,2,32,1,128,1,0,0.349456
1,8,32,2,1,16,2,0,0.765524
1,1,32,16,1,2,16,0,0.766297
1,16,4,1,32,1,8,0,0.336893
1,1,16,4,16,8,2,0,0.33684
0,1,16,32,8,1,4,0,0.771039
1,2,1,32,4,4,16,0,0.336757
0,1,1,16,8,32,4,0,0.347448
1,4,8,1,1,32,16,0,0.319358
1,8,4,16,2,16,1,0,0.758854
1,128,2,2,2,1,16,0,0.769517
1,1,2,16,32,4,4,0,0.323085
1,8,16,4,8,4,1,0,0.765889
0,1,64,1,128,1,2,0,0.346031
1,8,2,1,2,128,4,0,0.289378
0,2,4,16,2,32,2,0,0.349347
1,8,1,8,64,4,1,0,0.336964
0,4,4,2,64,4,2,0,0.344492
1,4,1,4,32,4,8,0,0.289243
0,4,1,4,2,128,4,0,0.347511
1,4,2,4,64,2,4,0,0.323498
0,8,4,4,64,1,2,0,0.349028
0,2,1,64,1,64,2,0,0.348689
0,1,2,128,1,1,64,0,0.580644
1,1,8,32,64,1,1,0,0.503352
0,4,1,8,16,16,2,0,0.344072
0,1,1,16,512,2,1,0,0.346739
1,64,1,4,8,8,1,0,0.50375
1,2,8,32,2,2,8,0,0.764846
1,1,4,4,2,32,16,0,0.289326
1,1,4,8,4,32,4,0,0.323731
0,2,2,4,64,1,16,0,0.347802
1,2,32,8,2,16,1,0,0.768643
1,16,2,2,16,4,4,0,0.337064
0,8,16,4,1,16,2,0,0.77343
1,2,4,2,8,16,8,0,0.289509
0,16,2,1,1,8,64,0,0.345582
0,2,16,16,32,1,1,0,0.776808
1,4,32,4,1,2,16,0,0.765882
1,32,16,1,1,8,4,0,0.777247
1,64,2,2,2,16,2,0,0.503636
1,1,16,8,4,2,16,0,0.340192
1,4,1,16,64,4,1,0,0.336881
0,2,8,2,8,4,16,0,0.344168
1,1,1,256,8,1,8,0,0.503562
0,32,2,1,1,16,16,0,0.34541
1,8,8,2,2,1,64,0,0.340668
1,16,8,1,2,8,8,0,0.340526
0,8,4,4,128,1,1,0,0.349261
0,1,256,1,1,64,1,0,0.57573
1,2,1,16,8,1,64,0,0.323599
1,2,8,1,16,4,16,0,0.289057
1,8,4,8,1,1,64,0,0.504036
1,4,1,8,8,64,1,0,0.32375
1,2,2,8,4,8,16,0,0.324057
1,1,4,128,1,4,8,0,0.766184
1,8,1,4,64,2,4,0,0.323592
1,16,1,1,32,1,32,0,0.289477
1,8,2,8,16,2,4,0,0.340706
1,2,128,2,4,2,4,0,0.765766
1,32,1,8,1,4,16,0,0.503778
1,8,4,8,1,64,1,0,0.503563
1,8,4,2,4,4,16,0,0.336941
1,32,2,4,1,64,1,0,0.503592
1,8,2,4,8,1,32,0,0.337186
1,1,32,8,32,2,1,0,0.503566
1,4,8,16,2,2,8,0,0.765842
1,16,8,1,1,8,16,0,0.357438
1,32,2,4,1,8,8,0,0.503721
1,1,8,16,1,16,8,0,0.340628
0,128,1,2,1,8,8,0,0.576538
1,2,16,2,8,16,2,0,0.336773
1,2,1,8,1,256,4,0,0.289112
1,1,1,16,8,16,8,0,0.290014
1,1,2,8,16,2,32,0,0.289223
1,1,16,4,8,4,8,0,0.336946
1,16,4,2,16,1,8,0,0.340403
1,16,8,2,16,4,1,0,0.50395
1,1,4,32,8,1,16,0,0.340432
1,2,1,64,2,16,4,0,0.340273
1,2,4,16,4,16,2,0,0.340343
1,8,1,8,4,4,16,0,0.33714
0,1,1,128,32,4,1,0,0.348803
1,2,16,2,16,4,4,0,0.336997
1,64,2,1,32,4,1,0,0.340553
1,4,16,1,4,32,2,0,0.336834
1,64,2,4,1,2,16,0,0.764873
1,4,1,4,64,16,1,0,0.289871
1,1,1,16,16,32,2,0,0.289196
1,8,1,4,4,8,16,0,0.323564
1,1,4,8,8,1,64,0,0.323559
1,2,64,2,1,4,16,0,0.503811
1,1,64,4,1,64,1,0,0.503782
1,8,1,4,16,1,32,0,0.3235
1,1,64,4,2,2,16,0,0.503801
0,1,1,16,4,32,8,0,0.346923
1,32,1,4,8,2,8,0,0.340421
1,2,8,16,1,1,64,0,0.503545
1,4,2,32,2,16,2,0,0.503634
1,1,2,8,1,512,2,0,0.289229
1,1,2,8,16,32,2,0,0.289114
1,2,4,8,1,128,2,0,0.337079
1,4,1,32,4,32,1,0,0.34037
1,2,8,2,16,8,4,0,0.32354
1,1,128,1,8,1,16,0,0.340658
1,2,8,4,128,2,1,0,0.336942
1,128,1,1,4,1,32,0,0.340702
1,8,2,1,8,128,1,0,0.289176
1,1,2,256,1,32,1,0,0.768548
1,2,8,2,2,16,16,0,0.323699
1,4,32,4,4,1,8,0,0.769268
1,4,32,1,1,8,16,0,0.356909
1,1,32,16,1,16,2,0,0.764755
1,2,32,2,1,8,16,0,0.340464
1,2,32,1,16,4,4,0,0.336909
1,2,1,16,1,512,1,0,0.323343
1,16,1,1,256,4,1,0,0.288938
1,1,8,64,4,8,1,0,0.76838
1,8,8,8,2,8,2,0,0.766189
1,2,2,32,2,16,4,0,0.340636
1,16,4,8,1,16,2,0,0.766017
0,64,2,2,2,32,1,0,0.579087
1,2,32,1,2,8,16,0,0.336687
1,4,8,16,1,4,8,0,0.765671
1,8,4,1,32,8,2,0,0.323099
1,2,1,16,2,256,1,0,0.32364
1,4,1,32,2,64,1,0,0.340412
1,2,2,16,2,32,4,0,0.336979
1,1,128,4,2,16,1,0,0.768752
1,2,2,16,1,32,8,0,0.336795
1,2,16,4,2,4,16,0,0.340315
1,1,4,32,32,1,4,0,0.340293
1,4,16,2,64,1,2,0,0.340544
1,32,4,2,1,8,8,0,0.503483
1,2,128,1,1,2,32,0,0.532927
1,1,4,8,256,2,1,0,0.32356
1,4,4,4,32,4,2,0,0.336947
1,2,1,8,1,32,32,0,0.289852
1,1,8,4,8,16,4,0,0.323622
1,1,2,64,8,16,1,0,0.340477
1,8,1,4,4,128,1,0,0.323692
1,1,64,8,8,1,4,0,0.76525
1,4,16,2,1,4,32,0,0.340255
1,16,1,4,64,1,4,0,0.337398
1,4,64,2,16,2,1,0,0.765262
1,2,1,256,16,2,1,0,0.766523
1,128,1,4,1,2,16,0,0.765263
1,32,8,1,16,2,2,0,0.503719
1,2,2,8,1,8,64,0,0.323414
1,4,4,1,32,4,8,0,0.28976
1,2,1,256,1,8,4,0,0.76812
1,4,1,32,2,1,64,0,0.340428
0,1,16,8,2,32,2,0,0.34814
1,4,1,128,1,4,8,0,0.764736
1,2,64,4,2,2,8,0,0.768056
1,16,8,1,2,1,64,0,0.340612
1,1,64,1,1,16,16,0,0.336939
1,2,8,1,32,8,4,0,0.289749
1,1,4,8,4,8,16,0,0.323231
1,2,4,8,8,2,16,0,0.33711
1,8,1,4,2,4,64,0,0.32381
1,8,1,8,128,1,2,0,0.336819
1,8,8,8,16,2,1,0,0.761992
1,1,128,1,4,4,8,0,0.340674
1,16,1,1,1,64,16,0,0.289334
1,8,16,1,8,1,16,0,0.340201
1,1,2,16,4,16,8,0,0.323375
1,8,8,1,16,4,4,0,0.336933
1,2,1,256,4,2,4,0,0.765698
1,8,2,2,1,128,4,0,0.323371
1,1,8,8,32,2,4,0,0.336695
1,4,4,2,8,2,32,0,0.32335
1,4,2,16,1,2,64,0,0.340202
1,4,4,8,2,4,16,0,0.340705
1,2,8,1,2,128,4,0,0.289092
1,2,32,8,4,1,8,0,0.768172
1,4,8,1,8,2,32,0,0.323681
0,2,8,16,4,8,2,0,0.58105
1,4,8,1,4,4,32,0,0.323193
1,8,32,2,2,16,1,0,0.762325
1,8,1,4,8,1,64,0,0.323315
1,16,2,1,64,1,8,0,0.323346
1,2,1,8,128,2,4,0,0.289577
1,4,16,1,32,2,4,0,0.336922
1,2,32,1,1,256,1,0,0.337021
1,8,2,32,2,1,16,0,0.765612
1,8,16,1,2,8,8,0,0.340004
1,32,2,1,4,1,64,0,0.336887
1,8,8,2,4,4,8,0,0.340489
1,64,2,1,1,2,64,0,0.351406
1,64,2,4,8,2,2,0,0.765969
1,4,2,4,1,64,8,0,0.323588
1,4,2,4,1,256,2,0,0.323555
1,1,16,1,512,2,1,0,0.289166
1,8,16,4,1,4,8,0,0.765531
1,128,2,1,1,16,4,0,0.613936
1,4,32,2,8,1,8,0,0.503606
1,4,2,64,4,4,2,0,0.76577
1,1,32,4,4,1,32,0,0.340391
1,1,64,1,32,1,8,0,0.336792
1,4,4,4,4,8,8,0,0.336422
1,16,4,1,256,1,1,0,0.336942
1,16,1,4,4,64,1,0,0.336864
1,16,2,8,1,2,32,0,0.503817
1,4,32,2,16,4,1,0,0.542777
1,1,32,1,4,16,8,0,0.323457
1,1,16,1,1,512,2,0,0.289518
1,4,4,16,8,2,4,0,0.503553
1,2,2,64,2,4,8,0,0.503541
1,2,4,2,64,8,2,0,0.289395
1,4,1,128,8,1,4,0,0.764623
1,1,32,2,32,1,8,0,0.336975
1,1,8,16,4,1,32,0,0.340478
1,2,1,128,2,8,4,0,0.50361
1,64,2,1,1,64,2,0,0.353225
1,1,64,4,8,4,2,0,0.503566
1,2,64,1,1,8,16,0,0.358335
1,2,1,32,1,4,64,0,0.337086
1,4,2,32,4,4,4,0,0.503699
1,2,2,4,4,8,32,0,0.288786
1,8,2,4,16,4,4,0,0.33676
1,1,16,8,32,1,4,0,0.340416
1,4,2,32,32,2,1,0,0.504057
1,1,128,1,16,8,1,0,0.340455
1,8,2,32,1,32,1,0,0.765359
1,4,2,8,2,16,8,0,0.336846
1,2,2,8,64,8,1,0,0.323372
1,2,16,4,1,16,8,0,0.340695
1,2,8,2,64,8,1,0,0.323659
1,32,1,4,64,1,2,0,0.340578
1,128,2,1,4,2,8,0,0.503637
1,2,1,16,64,1,8,0,0.323625
1,1,16,16,1,16,4,0,0.503764
1,1,4,4,1,128,8,0,0.289701
1,8,2,1,1,512,2,0,0.26302
1,1,512,1,8,2,2,0,0.764885
1,8,1,8,2,8,16,0,0.337164
1,4,64,2,1,32,1,0,0.768598
1,1,8,64,8,4,1,0,0.768455
1,8,16,1,32,1,4,0,0.340503
1,2,1,16,1,64,8,0,0.323597
1,1,4,16,4,4,16,0,0.336869
1,1,128,2,32,1,2,0,0.503662
1,1,128,2,4,4,4,0,0.503769
1,2,4,16,2,32,2,0,0.34047
1,4,2,8,8,1,32,0,0.336964
0,1,1,32,1,256,2,0,0.343936
1,32,1,4,2,32,2,0,0.340581
1,2,1,16,16,8,4,0,0.323594
1,1,64,4,4,4,4,0,0.503739
1,16,4,2,4,8,4,0,0.340198
1,1,8,64,1,16,2,0,0.764946
1,1,32,2,2,32,4,0,0.336697
1,16,4,8,4,8,1,0,0.761823
1,1,256,2,8,1,4,0,0.768719
1,4,32,2,4,4,4,0,0.503759
1,2,16,2,4,32,2,0,0.336935
1,2,8,1,1024,1,1,0,0.28971
1,1,4,4,256,1,4,0,0.2894
1,8,4,8,1,2,32,0,0.50369
1,32,4,2,16,4,1,0,0.503634
0,2,8,32,1,4,8,0,0.770246
0,32,1,4,32,4,1,0,0.349422
1,64,1,2,8,8,2,0,0.340549
1,4,1,32,4,4,8,0,0.340649
1,4,4,2,1,512,1,0,0.323426
1,128,2,1,2,4,8,0,0.503884
0,16,1,1,2,16,32,0,0.347158
1,4,4,8,16,1,8,0,0.340483
0,32,8,1,1,16,4,0,0.574786
1,2,8,16,4,2,8,0,0.503832
1,2,8,1,256,1,4,0,0.289549
1,32,1,16,8,1,4,0,0.762017
0,16,2,1,1,32,16,0,0.357012
0,4,8,2,2,32,4,0,0.346034
1,2,2,64,1,2,32,0,0.50363
0,1,32,1,8,8,8,0,0.343566
1,64,4,1,1,4,16,0,0.621191
1,16,1,4,4,8,8,0,0.33664
1,1,2,32,1,8,32,0,0.337015
1,1,4,32,2,2,32,0,0.340711
1,32,4,1,4,8,4,0,0.340292
1,8,1,2,2,512,1,0,0.289396
1,32,2,2,4,8,4,0,0.340533
1,1,2,32,4,16,4,0,0.336599
0,2,32,2,128,1,1,0,0.34936
1,1,16,1,1024,1,1,0,0.289839
1,1,32,2,2,8,16,0,0.336856
0,4,16,1,32,1,8,0,0.345443
0,4,32,2,16,1,4,0,0.578944
1,2,4,32,16,4,1,0,0.503662
1,4,16,4,1,2,32,0,0.50358
1,4,16,4,16,1,4,0,0.503934
1,32,4,4,32,1,1,0,0.765954
1,1,8,2,4,64,4,0,0.289993
1,2,2,4,8,2,64,0,0.289711
0,2,4,2,256,1,4,0,0.347373
1,4,1,32,16,8,1,0,0.340469
1,32,1,2,64,1,4,0,0.336774
1,16,2,1,4,64,2,0,0.323418
1,8,1,32,1,8,8,0,0.503828
0,4,1,4,8,4,32,0,0.347293
0,4,16,4,1,8,8,0,0.57617
1,2,8,4,256,1,1,0,0.337202
1,8,1,8,16,4,4,0,0.337172
1,1,128,2,1,8,8,0,0.503968
1,2,8,4,1,16,16,0,0.336767
1,1,128,4,4,4,2,0,0.765038
1,2,4,4,16,8,4,0,0.323649
1,8,16,2,2,32,1,0,0.503854
1,2,4,16,16,2,4,0,0.340705
1,1,2,64,16,2,4,0,0.340448
1,16,16,1,16,4,1,0,0.503561
1,16,16,1,1,8,8,0,0.631577
1,2,4,4,4,32,4,0,0.323336
0,4,4,2,8,64,1,0,0.34403
1,2,16,8,1,32,2,0,0.503831
1,8,1,2,16,2,32,0,0.289029
1,2,32,8,2,2,8,0,0.761953
1,4,2,16,4,1,32,0,0.340487
1,4,8,8,1,1,64,0,0.503428
1,1,2,64,32,4,1,0,0.340353
1,2,8,2,8,2,32,0,0.323437
1,1,2,32,32,2,4,0,0.336945
1,2,2,32,2,1,64,0,0.340323
1,4,2,8,2,4,32,0,0.337054
1,8,8,2,1,16,8,0,0.340845
1,8,2,16,16,2,2,0,0.50356
1,1,64,4,4,8,2,0,0.503523
1,4,8,2,64,1,4,0,0.336887
1,4,1,8,256,2,1,0,0.323568
1,16,1,2,64,2,4,0,0.323602
1,2,2,8,16,4,8,0,0.323795
1,4,2,8,4,4,16,0,0.336981
1,4,2,8,4,16,4,0,0.336875
1,16,1,4,16,16,1,0,0.337082
1,2,16,1,32,4,4,0,0.323422
1,1,1,16,256,1,4,0,0.289427
1,1,4,8,1,128,4,0,0.323439
1,16,2,16,2,2,8,0,0.762149
1,1,2,8,512,1,2,0,0.28917
1,2,4,32,8,2,4,0,0.503867
1,16,4,4,4,1,16,0,0.503801
1,1,8,16,2,8,8,0,0.340328
1,1,32,4,32,1,4,0,0.340361
0,1,8,32,1,2,32,0,0.580452
1,8,1,8,16,1,16,0,0.336602
0,32,2,4,1,4,16,0,0.576665
1,2,256,1,1,16,2,0,0.776366
1,8,1,8,64,2,2,0,0.336972
0,2,16,1,32,2,8,0,0.343603
1,4,4,8,4,4,8,0,0.340384
1,128,2,1,8,1,8,0,0.50382
0,4,16,4,32,2,1,0,0.580485
1,1,2,64,16,8,1,0,0.34066
1,4,1,16,2,32,4,0,0.336916
0,4,4,1,32,32,1,0,0.346855
0,4,2,2,2,128,4,0,0.347759
0,2,16,1,4,2,64,0,0.34354
0,32,1,8,2,16,2,0,0.579011
1,4,1,64,2,32,1,0,0.503495
1,2,16,4,32,2,2,0,0.340277
1,2,16,1,8,32,2,0,0.323354
1,4,8,8,1,64,1,0,0.503595
1,32,8,2,1,2,16,0,0.768565
1,4,16,2,8,2,8,0,0.340653
1,2,128,1,1,16,4,0,0.615526
1,16,16,2,4,4,2,0,0.765507
1,128,2,2,1,8,4,0,0.761187
1,2,256,1,4,2,4,0,0.769026
1,4,1,4,1,32,32,0,0.289658
1,32,4,1,2,64,1,0,0.340444
1,2,8,2,4,128,1,0,0.323474
1,2,32,1,2,128,1,0,0.336778
1,8,8,1,1,4,64,0,0.379502
1,1,2,32,4,2,32,0,0.337108
1,1,1,32,16,8,4,0,0.323144
1,2,4,4,256,1,2,0,0.323652
0,4,4,2,64,2,4,0,0.344429
1,8,1,32,1,1,64,0,0.503832
1,4,8,8,1,4,16,0,0.56849
1,4,1,4,1,128,8,0,0.289387
0,1,1,16,2,64,8,0,0.347645
0,16,1,1,32,8,4,0,0.347829
1,16,2,8,16,2,2,0,0.503393
1,4,32,1,1,4,32,0,0.37816
1,4,4,4,2,4,32,0,0.336824
1,2,128,1,4,8,2,0,0.503539
0,16,1,32,16,1,2,0,0.770984
1,4,8,1,16,4,8,0,0.323563
1,32,2,2,1,8,16,0,0.340729
1,1,8,64,32,1,1,0,0.765345
1,4,1,32,32,4,1,0,0.340606
1,1,16,2,8,4,16,0,0.323518
1,2,16,2,16,16,1,0,0.336773
0,1,2,8,4,32,8,0,0.346666
1,8,1,4,4,4,32,0,0.323526
1,4,32,4,1,8,4,0,0.765637
0,4,1,16,1,64,4,0,0.345351
1,16,8,4,2,16,1,0,0.757883
1,1,8,64,1,2,16,0,0.765577
1,2,128,1,4,16,1,0,0.503726
0,2,8,4,1,256,1,0,0.345834
0,1,16,4,4,2,32,0,0.345393
1,1,8,2,64,2,8,0,0.289255
1,4,2,4,16,32,1,0,0.323692
1,16,1,4,1,16,16,0,0.336741
0,16,1,16,8,2,4,0,0.581419
1,2,128,2,1,1,32,0,0.765582
1,1,4,8,1,256,2,0,0.323774
1,4,2,16,1,64,2,0,0.341099
1,1,64,1,16,16,1,0,0.337103
1,2,2,4,32,32,1,0,0.289177
1,4,2,4,1,8,64,0,0.324042
1,4,1,128,4,8,1,0,0.765317
1,2,1,8,8,128,1,0,0.289366
0,2,8,4,8,16,2,0,0.345594
1,16,4,2,1,32,4,0,0.340592
1,1,64,1,2,64,2,0,0.337268
1,16,4,2,4,2,16,0,0.340324
1,2,256,1,2,8,2,0,0.768851
1,1,4,8,2,256,1,0,0.32338
1,32,1,4,1,32,4,0,0.340408
1,4,2,2,16,4,16,0,0.289397
1,128,1,4,4,8,1,0,0.768526
1,16,2,8,8,8,1,0,0.503697
1,2,32,1,4,4,16,0,0.336936
1,64,2,2,1,64,1,0,0.503736
1,4,1,8,32,2,8,0,0.323469
1,2,32,1,1,8,32,0,0.343314
1,32,2,2,32,2,2,0,0.340354
0,1,2,16,32,4,4,0,0.343742
1,2,1,128,1,8,8,0,0.503822
1,1,8,2,8,32,4,0,0.28957
1,16,1,32,4,1,8,0,0.764942
1,16,2,1,8,1,64,0,0.323622
1,2,16,4,8,8,2,0,0.340618
1,2,2,32,2,64,1,0,0.340508
1,32,2,1,8,16,2,0,0.336711
1,1,4,4,16,16,4,0,0.289812
1,4,4,2,4,4,32,0,0.323571
1,2,8,1,64,1,16,0,0.289697
1,4,4,2,32,1,16,0,0.323521
1,4,2,2,128,2,4,0,0.289487
0,1,1,128,128,1,1,0,0.349569
1,2,32,8,1,2,16,0,0.762386
1,2,32,2,2,1,64,0,0.340772
1,8,2,8,64,1,2,0,0.340682
1,2,1,32,32,2,4,0,0.336801
1,8,2,1,2,64,8,0,0.289745
1,64,4,1,4,8,2,0,0.503549
1,16,1,4,2,8,16,0,0.337105
1,2,16,4,64,1,2,0,0.340213
1,4,1,32,1,32,4,0,0.340462
1,1,4,64,32,2,1,0,0.503755
1,4,32,2,1,2,32,0,0.503914
1,32,1,2,8,32,1,0,0.337088
1,2,8,2,4,32,4,0,0.323525
1,4,1,4,64,4,4,0,0.289739
1,16,8,2,32,1,2,0,0.503686
1,2,2,4,512,2,1,0,0.291885
1,1,128,1,64,1,2,0,0.341776
1,1,8,4,2,8,32,0,0.326575
1,4,2,4,32,8,2,0,0.326836
1,4,1,64,8,1,8,0,0.504205
1,8,4,4,1,16,8,0,0.341874
1,2,64,2,1,8,8,0,0.504111
1,16,1,1,128,1,8,0,0.291829
1,2,1,8,4,128,2,0,0.291475
1,4,128,1,8,1,4,0,0.769811
1,4,8,2,8,2,16,0,0.341195
1,2,32,2,64,2,1,0,0.341433
1,16,4,1,64,2,2,0,0.340852
1,256,1,2,4,4,2,0,0.769869
1,16,2,2,1,64,4,0,0.341414
1,1,8,8,256,1,1,0,0.341119
1,1,256,1,8,8,1,0,0.504316
1,2,1,16,1,32,16,0,0.326854
1,4,4,4,16,2,8,0,0.341255
1,2,2,16,2,8,16,0,0.341311
1,16,1,2,8,2,32,0,0.326707
1,1,8,2,4,16,16,0,0.291513
1,2,32,8,2,8,2,0,0.767146
1,2,64,1,16,1,8,0,0.341788
1,1,512,1,8,4,1,0,0.769441
1,1,64,2,1,8,16,0,0.342026
1,8,1,8,8,16,2,0,0.341354
1,2,8,2,1,64,8,0,0.327068
1,4,8,16,32,1,1,0,0.770028
1,32,1,1,1,8,64,0,0.326773
1,16,1,8,8,8,2,0,0.34135
1,1,4,16,128,2,1,0,0.341251
1,16,4,4,1,2,32,0,0.504254
1,2,1,64,2,1,64,0,0.34156
1,1,16,16,1,1,64,0,0.503647
1,1,4,16,2,32,4,0,0.335793
1,2,1,256,8,2,2,0,0.769387
1,8,8,1,4,8,8,0,0.335812
1,1,2,256,2,16,1,0,0.765361
1,8,2,16,1,64,1,0,0.503803
1,4,4,8,8,16,1,0,0.340289
1,32,4,1,1,64,2,0,0.349276
1,1,32,4,1,2,64,0,0.340581
1,32,4,2,32,2,1,0,0.503853
1,1,16,2,4,8,16,0,0.322737
1,128,1,1,4,32,1,0,0.340592
1,2,32,8,8,2,2,0,0.765085
1,1,256,1,4,4,4,0,0.503626
1,4,16,1,16,16,1,0,0.336037
1,256,1,2,4,1,8,0,0.76246
1,1,8,4,16,4,8,0,0.322542
1,64,4,2,2,4,4,0,0.761757
1,128,1,2,4,16,1,0,0.503572
1,1,2,16,4,2,64,0,0.322986
1,128,2,2,4,8,1,0,0.769823
1,4,1,128,16,1,2,0,0.765584
1,1,64,8,16,1,2,0,0.768905
1,4,2,2,256,1,4,0,0.28878
1,1,2,16,4,32,4,0,0.323087
1,2,8,1,8,64,2,0,0.288616
1,1,1,128,2,2,32,0,0.340376
1,1,8,4,1,512,1,0,0.323833
1,32,2,1,1,128,2,0,0.341522
1,2,32,2,16,2,4,0,0.340504
1,8,2,1,2,256,2,0,0.289408
1,16,1,4,8,16,2,0,0.336158
1,1,32,1,1,16,32,0,0.322967
1,1,4,4,1,32,32,0,0.289193
1,1,4,32,2,4,16,0,0.340763
1,4,1,16,4,1,64,0,0.336039
1,128,2,1,16,1,4,0,0.503705
1,1,16,16,1,64,1,0,0.503564
1,64,4,1,32,1,2,0,0.503829
1,8,16,4,2,8,2,0,0.76888
1,1,4,4,2,256,2,0,0.289056
1,4,2,4,2,256,1,0,0.323195
1,2,2,4,1024,1,1,0,0.288957
1,2,2,16,1,256,1,0,0.336207
1,8,16,1,64,1,2,0,0.340612
1,4,32,2,16,1,4,0,0.503553
1,128,1,1,4,16,2,0,0.340451
1,32,1,1,4,128,1,0,0.322975
1,2,8,8,64,2,1,0,0.340345
1,1,8,2,2,8,64,0,0.28884
0,8,16,2,16,4,1,0,0.579412
1,2,2,4,2,8,64,0,0.288913
1,8,4,1,1,256,2,0,0.320308
1,2,4,16,16,8,1,0,0.340513
1,2,2,8,32,16,1,0,0.323118
1,2,4,32,2,8,4,0,0.5036
1,8,2,16,2,32,1,0,0.503474
1,8,8,2,4,1,32,0,0.340587
1,2,8,2,1,256,2,0,0.323388
1,16,16,1,16,2,2,0,0.503736
1,16,1,1,32,2,16,0,0.288776
1,4,1,64,2,16,2,0,0.503913
1,8,1,2,4,16,16,0,0.288714
1,8,4,8,64,1,1,0,0.503808
0,8,2,16,4,1,16,0,0.580358
1,1,1,16,8,8,16,0,0.288428
1,8,1,2,512,1,2,0,0.288779
1,1,4,8,128,4,1,0,0.323157
1,512,1,1,8,2,2,0,0.766113
1,64,1,8,2,8,2,0,0.76516
0,4,2,16,2,1,64,0,0.349422
1,1,8,4,256,1,2,0,0.323206
1,1,2,8,64,4,4,0,0.28853
1,4,4,1,32,8,4,0,0.288964
1,1,1,16,128,8,1,0,0.288567
1,4,1,16,1,8,32,0,0.336278
1,8,1,8,1,4,64,0,0.336073
1,4,16,1,4,4,16,0,0.336256
1,8,4,2,4,32,2,0,0.336158
1,16,2,4,32,2,2,0,0.340707
1,8,4,4,2,8,8,0,0.340625
1,4,2,2,8,32,4,0,0.289035
1,8,8,4,32,1,2,0,0.50372
1,2,2,16,2,16,8,0,0.336137
1,32,1,16,2,16,1,0,0.76536
1,16,2,2,4,16,4,0,0.336284
1,2,16,2,2,64,2,0,0.336039
1,32,1,2,4,64,1,0,0.336062
1,2,16,8,64,1,1,0,0.503849
1,1,8,2,1,128,8,0,0.288569
1,2,4,2,8,4,32,0,0.288838
1,2,4,64,4,2,4,0,0.766141
1,2,1,8,16,64,1,0,0.288648
1,4,8,1,128,2,2,0,0.32274
1,16,1,1,32,16,2,0,0.288767
1,16,4,2,1,4,32,0,0.340879
1,1,64,2,2,4,16,0,0.340446
0,16,1,4,2,16,8,0,0.345985
0,1,32,4,2,8,8,0,0.348801
1,2,2,32,2,32,2,0,0.340427
0,8,8,1,4,32,2,0,0.345387
1,4,8,4,4,4,8,0,0.340237
1,2,1,8,4,64,4,0,0.288426
1,2,2,128,1,2,16,0,0.769609
1,16,2,4,1,64,2,0,0.340222
0,1,2,8,64,1,16,0,0.347744
1,1,16,1,16,4,16,0,0.28885
1,8,2,4,2,8,16,0,0.335917
0,2,32,1,4,8,8,0,0.3453
1,64,1,8,1,4,8,0,0.765845
1,1,8,16,64,1,2,0,0.340634
1,8,2,4,16,16,1,0,0.335933
1,1,16,2,2,8,32,0,0.32293
0,1,16,16,1,4,16,0,0.578345
1,1,32,4,2,1,64,0,0.340156
1,2,1,8,32,32,1,0,0.288811
0,8,16,4,4,8,1,0,0.777248
1,8,2,4,128,1,2,0,0.335772
1,2,2,32,1,128,1,0,0.340233
1,8,4,8,4,2,8,0,0.503677
1,16,4,2,4,1,32,0,0.340816
1,2,8,2,8,32,2,0,0.323196
1,4,128,1,4,8,1,0,0.765741
1,4,2,8,2,32,4,0,0.336297
1,1,8,2,8,64,2,0,0.288821
1,8,2,2,8,32,2,0,0.323109
0,1,8,2,16,16,4,0,0.347711
1,64,1,1,2,64,2,0,0.33603
0,1,1,16,8,4,32,0,0.348381
1,32,2,1,32,1,8,0,0.336056
1,2,1,128,64,1,1,0,0.503797
0,32,2,2,4,32,1,0,0.349386
1,4,4,1,128,2,4,0,0.288447
1,16,1,32,8,1,4,0,0.76862
1,4,16,2,2,4,16,0,0.340407
1,4,64,1,8,8,1,0,0.50387
1,16,16,1,1,32,2,0,0.554437
1,4,4,1,4,4,64,0,0.288829
1,2,64,1,1,32,4,0,0.361698
1,1,16,2,128,2,2,0,0.323068
1,32,1,4,1,4,32,0,0.340789
1,2,16,1,1,16,32,0,0.32212
1,32,16,1,4,4,2,0,0.765521
1,2,2,8,2,4,64,0,0.323168
1,2,2,64,2,8,4,0,0.503934
1,1,1,256,16,4,1,0,0.50366
1,8,2,16,1,16,4,0,0.503851
1,2,8,16,2,16,2,0,0.503456
1,1,32,2,64,1,4,0,0.335932
1,4,1,32,8,4,4,0,0.340932
0,4,1,16,64,4,1,0,0.345853
1,2,4,4,1,256,2,0,0.322903
1,4,2,32,32,1,2,0,0.50372
1,128,1,4,1,8,4,0,0.766012
1,2,8,2,2,256,1,0,0.322908
1,8,16,1,4,16,2,0,0.340435
1,1,4,32,1,4,32,0,0.340763
1,8,1,2,32,8,4,0,0.289093
1,1,32,4,4,4,8,0,0.340527
1,2,4,2,4,128,2,0,0.288896
1,256,1,2,2,4,4,0,0.766141
1,2,4,16,2,64,1,0,0.340379
1,8,1,16,2,4,16,0,0.340561
1,32,1,4,4,8,4,0,0.34048
1,4,1,32,2,32,2,0,0.340541
1,2,256,1,8,4,1,0,0.76946
1,64,1,4,2,2,16,0,0.50356
1,4,2,8,32,8,1,0,0.335946
1,2,16,16,1,2,16,0,0.766042
1,128,1,4,16,2,1,0,0.769387
1,4,1,8,32,4,4,0,0.323135
1,1,2,64,4,32,1,0,0.340318
1,2,8,4,1,64,4,0,0.335778
1,1,16,4,1,4,64,0,0.336041
1,1,32,8,4,8,2,0,0.503601
1,128,1,2,1,1,64,0,0.503858
1,1,2,256,4,2,4,0,0.765138
1,16,1,2,1,32,16,0,0.323006
0,4,8,2,16,4,4,0,0.345901
1,8,2,1,32,32,1,0,0.288834
1,4,16,1,128,1,2,0,0.335934
0,16,8,1,8,8,2,0,0.348292
1,8,1,4,1,64,8,0,0.322906
1,16,8,1,8,4,4,0,0.340526
1,2,32,4,1,16,4,0,0.50371
1,64,4,2,1,32,1,0,0.773996
0,1,16,16,1,1,64,0,0.580492
0,2,2,8,4,8,16,0,0.344304
0,2,256,1,2,1,16,0,0.774043
1,1,2,256,8,4,1,0,0.768331
1,1,32,1,1,256,2,0,0.322972
0,2,8,2,256,2,1,0,0.34436
1,2,64,2,32,2,1,0,0.503611
1,2,4,8,16,4,4,0,0.336053
1,4,4,16,16,2,2,0,0.503572
1,64,1,2,1,2,64,0,0.340911
1,32,1,1,64,2,4,0,0.323463
0,8,16,2,8,4,2,0,0.579579
0,1,128,1,4,1,32,0,0.349064
1,4,2,16,16,2,4,0,0.340376
1,8,4,8,2,1,32,0,0.503919
1,1,64,1,4,32,2,0,0.335963
1,1,1,16,16,2,32,0,0.288853
1,2,2,4,4,4,64,0,0.289159
0,4,4,1,128,8,1,0,0.348265
1,32,4,4,4,1,8,0,0.769561
1,2,2,8,1,512,1,0,0.322916
1,32,8,1,8,2,4,0,0.503582
0,2,4,32,2,8,4,0,0.579514
0,4,1,64,8,8,1,0,0.580589
1,4,1,64,2,1,32,0,0.503721
1,8,1,16,128,1,1,0,0.340393
0,16,1,1,8,2,64,0,0.347963
0,2,2,4,64,4,4,0,0.347449
1,4,16,2,8,1,16,0,0.340552
1,4,4,8,1,32,4,0,0.34034
0,2,4,2,16,4,16,0,0.347888
0,2,4,2,128,8,1,0,0.347293
1,4,8,4,16,8,1,0,0.340747
1,1,2,8,64,2,8,0,0.288851
1,32,8,2,4,1,8,0,0.765919
1,8,8,2,8,16,1,0,0.34017
1,8,8,1,128,1,2,0,0.336003
0,8,8,8,2,2,8,0,0.770773
1,1,1,16,4,128,2,0,0.288562
1,8,2,8,8,4,4,0,0.340404
1,2,8,1,128,1,8,0,0.28916
1,2,2,8,256,1,2,0,0.323279
1,32,1,4,2,64,1,0,0.340502
0,2,1,8,32,4,8,0,0.347762
0,1,8,2,2,256,2,0,0.346886
1,1,2,256,1,1,32,0,0.765299
1,4,4,2,64,8,1,0,0.32337
1,1,2,256,1,16,2,0,0.761667
0,4,2,16,8,8,2,0,0.348913
1,1,8,4,4,8,16,0,0.32301
1,64,1,4,2,8,4,0,0.503527
1,8,1,2,1,128,8,0,0.288958
1,1,4,4,16,2,32,0,0.288904
1,1,16,32,1,1,32,0,0.762131
1,2,8,8,8,2,8,0,0.340951
1,2,128,2,1,8,4,0,0.765549
1,16,2,16,16,1,2,0,0.76601
1,1,2,128,32,2,1,0,0.503701
1,1,8,8,1,256,1,0,0.335788
1,8,1,8,1,128,2,0,0.335921
1,2,4,32,1,16,4,0,0.503657
1,16,8,4,32,1,1,0,0.762004
1,64,4,2,2,2,8,0,0.769126
1,1,16,4,2,2,64,0,0.336224
1,64,4,2,16,2,1,0,0.765806
1,4,32,1,4,8,4,0,0.340648
1,4,8,2,8,32,1,0,0.336058
1,8,8,8,4,8,1,0,0.762108
1,2,2,128,4,8,1,0,0.769386
1,32,1,4,8,16,1,0,0.340378
1,2,4,8,2,2,64,0,0.336265
1,1,64,1,8,2,16,0,0.336194
1,4,32,4,2,2,8,0,0.765813
1,16,4,2,64,1,2,0,0.340753
1,2,8,8,8,8,2,0,0.34039
1,8,1,2,32,1,32,0,0.288491
0,1,1,16,16,1,64,0,0.347798
1,2,1,16,8,32,2,0,0.322866
1,1,16,1,2,32,16,0,0.288602
1,2,16,4,4,4,8,0,0.340734
1,1,64,1,2,32,4,0,0.335723
1,2,1,8,64,4,4,0,0.288913
1,8,1,8,8,32,1,0,0.336193
1,2,1,64,1,16,8,0,0.340903
1,4,8,2,2,64,2,0,0.335922
1,8,2,16,2,8,4,0,0.503676
1,8,8,4,16,1,4,0,0.503534
1,1,32,2,64,4,1,0,0.335732
1,1,32,16,4,4,2,0,0.766122
1,2,2,4,2,512,1,0,0.288374
1,8,4,4,4,1,32,0,0.340449
1,8,4,16,8,2,2,0,0.762476
1,4,32,2,32,2,1,0,0.503504
1,2,8,2,2,8,32,0,0.323003
1,128,4,1,8,2,2,0,0.7658
1,1,16,8,4,16,2,0,0.340425
1,1,8,64,4,1,8,0,0.766013
1,2,256,1,4,4,2,0,0.761831
1,16,1,2,4,128,1,0,0.326997
1,2,1,16,2,128,2,0,0.323426
1,16,2,8,2,2,16,0,0.503795
1,1,2,16,256,2,1,0,0.323078
1,2,2,64,8,4,2,0,0.50375
1,16,32,1,2,4,4,0,0.765292
1,2,2,8,128,4,1,0,0.323073
1,2,4,32,1,32,2,0,0.503632
1,128,2,1,4,8,2,0,0.503826
1,16,4,8,16,2,1,0,0.765411
1,2,2,4,512,1,2,0,0.288446
1,1,4,128,2,1,16,0,0.769588
1,4,8,1,8,4,16,0,0.323234
1,1,16,4,16,4,4,0,0.336176
1,1,2,16,64,2,4,0,0.323259
1,1,64,2,8,16,1,0,0.340553
1,1,2,128,1,2,32,0,0.503438
1,2,4,8,4,8,8,0,0.335875
1,16,8,1,4,8,4,0,0.340816
1,4,2,2,1,64,16,0,0.288658
1,8,4,16,4,1,8,0,0.768881
1,16,1,4,32,8,1,0,0.336056
1,1,4,4,4,64,4,0,0.28875
1,8,2,2,16,1,32,0,0.323256
1,1,1,64,2,16,8,0,0.336084
1,2,4,2,64,4,4,0,0.288923
1,128,1,1,8,2,8,0,0.340689
1,128,4,1,2,4,4,0,0.769197
1,2,1,128,16,1,4,0,0.503441
0,4,4,2,2,64,4,0,0.344208
1,4,64,2,8,2,2,0,0.765517
1,1,16,4,4,32,2,0,0.335751
1,4,2,16,4,16,2,0,0.340501
1,8,1,16,32,4,1,0,0.340487
1,1,2,64,2,2,32,0,0.340336
1,4,64,2,2,2,8,0,0.762293
1,32,1,16,8,4,1,0,0.761688
1,1,4,4,64,8,2,0,0.288971
1,8,64,1,8,4,1,0,0.769208
1,1,128,1,1,64,2,0,0.340788
1,1,64,1,1,128,2,0,0.335577
1,64,8,1,2,2,8,0,0.76204
1,8,2,8,1,16,8,0,0.340531
1,8,16,4,2,4,4,0,0.765811
1,2,16,8,1,1,64,0,0.503569
1,2,1,128,32,2,1,0,0.503628
1,2,4,4,32,16,1,0,0.323127
1,32,1,8,32,1,2,0,0.503949
1,8,16,1,8,8,2,0,0.340461
