Kernel,gx,gy,gz,bx,by,bz,gpuId,smefficiency
1,112,1,14,1,8,4,0,0.43
0,32,7,1,1,56,4,0,29.91
0,196,1,1,2,4,32,0,30.39
0,2,7,56,4,1,16,0,25.31
1,1,7,7,16,32,2,0,6.27
1,2,1,112,1,16,14,0,11.09
1,8,14,2,28,4,2,0,8.72
1,1,56,28,2,8,2,0,0.44
0,112,1,14,1,8,4,0,19.27
1,2,28,1,16,4,14,0,9.93
1,2,196,2,16,2,2,0,2.96
1,224,1,1,1,224,1,0,9.01
1,2,392,1,1,8,8,0,5.75
1,1,7,28,64,4,1,0,6.28
1,2,7,4,2,448,1,0,10.25
1,1,28,28,32,2,1,0,1.85
1,8,28,1,56,2,2,0,10.92
1,14,8,2,7,1,32,0,6.83
1,7,2,16,1,7,32,0,10.31
1,98,2,2,8,4,4,0,3.65
1,32,49,1,2,4,4,0,0.29
0,8,7,14,4,8,2,0,25.73
1,14,4,4,1,8,28,0,6.83
1,1568,1,1,8,1,4,0,0.54
1,8,7,4,2,2,56,0,10.57
1,14,16,1,1,56,4,0,5.47
1,98,2,1,32,8,1,0,6.04
1,1,28,4,224,1,2,0,9.58
1,28,8,1,8,14,2,0,8.7
1,7,2,14,64,4,1,0,6.11
1,8,49,1,8,16,1,0,4.07
1,14,1,16,56,2,2,0,11.34
1,49,4,1,16,16,1,0,5.95
1,28,2,4,4,2,28,0,11.45
1,1,28,4,4,28,4,0,9.6
1,16,1,49,1,1,64,0,3.65
1,4,2,7,64,2,7,0,9.79
1,1,2,28,14,16,4,0,9.79
1,1,4,56,14,1,16,0,4.68
1,14,7,1,16,1,32,0,6.38
1,1,56,4,1,224,1,0,6.45
1,2,7,14,8,1,32,0,5.96
1,1,1,224,8,14,2,0,8.74
0,2,8,49,8,8,1,0,25.53
1,98,2,4,64,1,1,0,1.67
1,8,49,4,8,4,1,0,0.52
0,7,2,4,14,2,32,0,30.37
1,4,1,28,7,1,64,0,9.6
1,14,2,4,32,2,7,0,9.7
1,28,2,7,16,4,2,0,2.17
1,2,8,14,2,14,8,0,10.34
0,32,49,1,2,4,4,0,19.55
1,14,1,28,1,64,2,0,6.26
1,1,2,28,1,896,1,0,9.94
1,7,7,2,16,1,32,0,6.38
1,2,16,49,2,16,1,0,0.56
0,4,1,196,2,4,8,0,25.05
1,1,8,49,2,2,32,0,3.36
1,392,2,1,16,2,2,0,1.6
1,7,14,16,8,4,1,0,0.47
1,1,56,7,4,32,1,0,4.77
1,1,28,2,64,14,1,0,9.86
1,1,49,1,2,512,1,0,6.13
1,14,1,14,128,1,2,0,5.99
1,4,7,4,2,224,1,0,9.72
1,7,8,7,1,2,64,0,2.67
1,4,28,1,7,8,8,0,12.45
1,196,1,4,1,1,64,0,2.27
0,7,8,28,2,8,2,0,19.76
1,49,1,1,32,2,16,0,6.29
1,28,2,1,16,28,2,0,10.0
1,14,1,16,32,1,7,0,6.99
0,7,7,8,8,2,8,0,30.14
1,28,14,1,4,1,32,0,5.77
1,7,2,56,4,2,8,0,1.83
1,8,7,2,224,2,1,0,9.68
1,49,1,1,256,4,1,0,9.58
1,4,14,4,4,8,7,0,11.46
1,49,32,1,2,4,4,0,0.65
1,7,1,7,8,2,64,0,6.41
1,1,4,56,4,56,1,0,12.46
1,1,49,1,4,4,64,0,6.31
1,28,1,2,16,8,7,0,10.13
1,56,4,1,28,4,2,0,8.65
0,56,1,1,28,8,4,0,30.03
1,7,14,2,1,32,8,0,2.92
1,1,28,28,2,8,4,0,2.14
1,49,8,2,4,16,1,0,1.78
0,8,1,7,14,32,2,0,30.07
1,14,1,14,1,4,64,0,5.9
0,16,49,2,8,4,1,0,19.6
1,14,56,1,2,8,4,0,2.17
1,14,16,1,8,1,28,0,10.23
1,112,1,1,16,7,4,0,9.59
1,1,16,14,4,14,4,0,9.9
1,28,1,2,64,2,7,0,9.77
1,7,112,1,2,2,16,0,2.37
1,2,392,2,1,1,32,0,0.56
1,28,14,2,2,8,4,0,2.0
1,8,1,98,1,1,64,0,1.84
0,28,1,14,16,2,4,0,29.51
1,7,4,7,2,2,64,0,6.29
1,196,4,1,1,4,16,0,2.26
1,28,1,14,4,4,8,0,6.41
0,14,1,16,112,1,2,0,30.05
0,7,2,14,8,16,2,0,29.88
1,2,8,98,16,2,1,0,0.61
1,8,14,1,224,1,2,0,9.17
1,2,196,4,2,1,16,0,0.33
1,14,2,56,8,4,1,0,0.51
1,1,8,98,64,1,1,0,1.61
1,56,7,4,1,32,1,0,0.47
1,784,1,2,1,2,16,0,0.49
1,1,8,7,8,28,4,0,9.96
1,2,2,56,4,28,2,0,6.96
1,7,28,1,8,2,16,0,3.01
1,7,4,2,14,1,64,0,9.59
1,2,2,14,4,16,14,0,10.16
1,1,4,28,14,32,1,0,9.73
1,1,8,28,4,28,2,0,11.45
1,392,1,1,4,1,32,0,4.72
1,49,16,2,1,1,32,0,0.41
1,28,4,1,8,1,56,0,4.89
1,1,8,196,4,8,1,0,0.51
0,28,1,2,16,1,56,0,30.4
1,7,28,4,4,16,1,0,2.64
1,7,2,7,128,2,2,0,6.49
1,4,7,14,1,128,1,0,4.83
0,8,14,7,8,2,4,0,25.88
1,4,196,2,8,2,2,0,0.52
1,16,98,1,2,2,8,0,0.59
0,56,4,7,1,2,16,0,19.59
0,8,7,1,56,2,8,0,29.55
1,1,7,32,1,28,8,0,8.6
1,56,4,1,16,7,2,0,8.86
1,196,2,1,1,128,1,0,4.66
0,1,8,28,2,8,14,0,30.06
1,49,1,8,2,1,64,0,3.37
1,2,112,1,112,2,1,0,8.71
1,4,7,2,7,128,1,0,10.0
1,14,4,4,2,56,2,0,6.8
1,2,49,4,32,2,2,0,4.82
0,8,4,49,1,4,8,0,19.59
1,8,1,28,2,7,16,0,11.4
1,7,14,1,2,64,4,0,6.51
1,28,1,2,14,64,1,0,9.9
1,2,4,14,28,4,4,0,9.7
1,16,2,49,16,2,1,0,0.31
1,1,2,56,16,7,4,0,9.42
1,1,56,14,8,2,4,0,2.19
1,8,7,2,64,7,1,0,9.59
1,1,56,4,16,2,7,0,11.66
0,1,28,7,128,2,1,0,30.54
1,2,56,7,1,32,2,0,2.06
0,28,4,2,8,2,14,0,30.07
1,14,1,4,4,224,1,0,10.21
1,196,1,4,1,32,2,0,2.37
1,1,8,28,1,14,16,0,10.64
1,1,56,7,32,4,1,0,2.4
0,7,16,2,4,56,1,0,30.51
0,56,4,7,2,1,16,0,19.06
1,2,28,2,14,1,32,0,10.05
1,8,1,7,28,1,32,0,10.18
1,1,16,49,8,2,4,0,4.9
1,7,1,32,16,1,14,0,9.08
1,14,14,2,32,2,2,0,2.24
1,14,7,2,1,8,32,0,6.36
1,7,4,4,2,56,4,0,9.66
1,4,7,4,112,2,2,0,9.67
1,16,2,7,56,2,2,0,11.48
1,1,4,28,7,2,32,0,9.41
1,392,2,2,2,8,2,0,1.88
0,28,1,56,4,2,4,0,19.79
0,8,1,14,32,14,1,0,29.31
1,4,1,98,16,2,4,0,4.65
0,32,1,49,2,2,8,0,19.54
1,2,4,7,2,448,1,0,7.03
1,112,7,1,1,16,4,0,4.81
1,49,2,2,16,1,16,0,5.77
1,7,8,4,2,56,2,0,11.4
1,16,1,7,8,14,4,0,9.65
1,2,2,28,2,224,1,0,9.71
1,28,2,2,2,28,8,0,9.75
1,4,4,98,8,1,4,0,0.53
1,1,1,224,8,1,28,0,10.21
1,8,1,98,2,4,8,0,1.93
1,4,7,4,56,2,4,0,9.27
1,392,1,1,4,32,1,0,3.7
1,98,4,2,4,1,16,0,2.69
1,8,2,7,1,8,56,0,9.04
0,1,14,4,16,28,2,0,29.74
0,1,4,56,32,1,7,0,31.29
1,8,28,1,8,4,7,0,11.65
1,28,7,1,1,32,8,0,6.01
1,7,14,4,16,1,8,0,3.62
1,196,1,2,16,4,2,0,3.55
1,112,7,2,8,1,4,0,0.57
1,8,7,1,16,1,56,0,9.85
0,14,16,1,2,14,8,0,29.68
0,7,8,1,32,28,1,0,30.17
1,1,112,1,16,14,2,0,9.91
1,112,2,1,56,1,4,0,11.96
1,7,28,2,16,2,4,0,4.5
1,49,4,2,2,2,32,0,4.74
1,1,1,98,1,32,16,0,6.49
1,28,7,1,256,1,1,0,5.88
1,2,1,56,32,14,1,0,9.71
1,2,28,1,128,1,7,0,9.96
1,7,28,4,2,2,16,0,2.26
1,8,28,1,16,7,2,0,10.42
1,8,1,14,28,16,1,0,9.63
1,1,1,49,8,128,1,0,6.61
1,2,2,56,28,1,8,0,10.49
1,1,98,16,4,8,1,0,0.58
1,7,1,32,28,8,1,0,6.99
1,1,49,1,8,64,2,0,6.15
1,1,4,56,28,8,1,0,8.42
1,7,2,4,64,14,1,0,9.82
1,4,7,14,1,8,16,0,1.98
1,112,1,1,1,7,64,0,9.64
1,14,1,4,896,1,1,0,9.87
1,7,28,1,16,2,8,0,5.92
1,2,56,2,8,14,2,0,10.36
0,1,7,14,2,8,32,0,30.93
0,1,7,224,8,2,2,0,19.48
0,1,14,16,2,56,2,0,30.1
1,1,56,2,1,16,28,0,9.63
1,1,2,196,16,2,4,0,6.08
1,49,1,32,8,1,4,0,0.51
1,1,14,7,2,16,16,0,6.39
1,14,8,14,1,4,8,0,0.54
1,1,4,14,1,56,16,0,10.01
0,7,2,16,8,4,7,0,30.26
0,1,16,14,8,2,14,0,29.81
1,4,98,1,16,2,4,0,5.8
1,196,1,1,4,16,4,0,5.95
1,14,2,2,8,28,4,0,9.96
1,14,1,28,16,4,2,0,3.26
1,8,28,1,14,16,1,0,8.58
1,28,2,7,2,2,32,0,4.74
1,16,7,1,7,8,8,0,9.76
1,98,2,1,8,32,1,0,5.99
1,49,1,2,1,32,16,0,6.47
1,7,4,8,2,28,4,0,11.41
0,1,196,8,2,16,1,0,19.62
0,7,8,4,16,7,2,0,29.86
0,28,2,2,4,16,7,0,30.03
1,7,7,16,16,2,2,0,2.18
1,28,4,2,7,2,16,0,8.57
1,8,7,1,8,14,8,0,10.04
1,1,28,4,1,7,64,0,9.49
1,49,32,1,4,2,4,0,0.4
1,8,4,7,14,1,16,0,10.49
1,14,4,1,2,56,8,0,9.72
0,7,4,14,64,2,1,0,30.25
1,4,49,8,2,1,16,0,0.41
1,14,2,4,8,4,14,0,9.61
1,2,4,7,8,2,56,0,9.75
1,4,8,7,8,28,1,0,11.59
1,98,2,8,8,4,1,0,0.32
1,14,4,4,14,16,1,0,11.82
1,1,98,4,8,16,1,0,5.18
1,2,28,4,1,14,16,0,9.2
1,1,2,49,1,32,16,0,6.53
1,16,14,1,16,2,7,0,7.31
1,14,1,28,4,8,4,0,6.51
1,8,7,2,32,14,1,0,10.08
1,1,49,1,8,2,64,0,6.36
0,1,98,2,4,32,2,0,29.42
1,7,2,8,14,32,1,0,9.74
1,1,224,1,1,224,1,0,11.9
1,1,1,112,8,1,56,0,9.93
1,2,16,7,16,1,14,0,6.54
0,1,4,28,2,224,1,0,29.91
1,784,2,1,16,2,1,0,0.38
1,14,1,16,1,56,4,0,10.38
1,28,4,2,16,14,1,0,9.75
0,1,32,49,2,2,8,0,19.49
1,1,28,8,4,8,7,0,8.93
0,392,4,1,1,16,2,0,19.22
0,1,4,56,2,4,28,0,29.5
1,7,4,4,4,56,2,0,9.7
1,4,2,7,4,56,4,0,9.88
1,56,1,4,14,8,2,0,8.53
1,4,1,14,14,1,64,0,9.67
1,4,49,1,4,32,2,0,5.97
1,7,4,8,2,7,16,0,7.0
1,56,4,1,2,16,7,0,10.43
1,14,4,1,8,2,56,0,10.05
1,2,1,56,14,32,1,0,9.74
0,2,28,28,1,2,16,0,19.64
0,4,2,49,1,8,16,0,28.33
1,4,14,28,2,1,16,0,0.55
1,16,7,1,2,8,28,0,9.72
1,98,1,2,16,1,16,0,5.95
1,28,14,1,16,4,2,0,2.47
1,28,1,4,1,64,7,0,9.61
1,1,1,392,8,4,4,0,4.68
0,14,7,2,1,32,8,0,29.88
1,1,4,56,1,7,32,0,7.21
1,16,98,1,2,16,1,0,0.54
1,1,16,98,2,1,16,0,0.56
1,1,14,112,1,32,1,0,0.51
1,28,2,28,4,1,8,0,0.43
1,14,4,1,2,112,4,0,10.29
1,49,1,32,1,8,4,0,1.15
1,14,7,16,4,4,2,0,0.39
1,1,14,4,14,32,2,0,10.58
1,1,1,112,64,1,7,0,10.43
1,4,2,98,1,1,64,0,2.14
1,2,28,14,4,2,8,0,2.38
1,1,28,2,128,1,7,0,10.74
0,1,7,16,16,28,1,0,29.9
1,4,49,4,4,16,1,0,2.71
1,14,8,1,16,28,1,0,10.5
1,2,56,2,4,4,14,0,8.61
1,7,4,56,1,1,32,0,0.7
1,4,28,2,8,14,2,0,11.56
1,14,1,7,2,128,2,0,6.42
1,4,98,1,1,2,64,0,5.91
1,49,16,2,1,2,16,0,0.56
1,1,784,2,16,2,1,0,0.64
1,14,8,1,2,56,4,0,9.57
1,112,2,1,2,7,16,0,7.14
1,49,2,1,256,2,1,0,5.91
0,1,56,28,16,2,1,0,20.07
1,98,2,2,2,16,4,0,6.15
1,1,2,784,8,2,2,0,0.53
1,16,7,2,8,7,4,0,10.53
1,28,4,1,32,7,2,0,9.7
1,2,2,56,224,1,1,0,8.74
1,1,112,1,7,1,64,0,9.91
1,1,16,14,56,2,2,0,11.49
1,1,4,14,2,224,2,0,9.86
1,1,2,49,16,1,32,0,6.14
1,98,2,2,4,16,2,0,4.45
0,7,8,14,1,16,4,0,25.9
1,8,7,2,14,16,2,0,9.54
1,2,7,7,4,128,1,0,6.36
1,1,28,7,16,1,16,0,5.95
1,16,1,14,1,4,56,0,8.75
1,4,7,2,896,1,1,0,9.7
1,56,2,14,1,1,32,0,0.44
1,2,1,56,448,1,1,0,9.58
1,98,4,1,8,1,16,0,6.04
1,14,8,2,2,16,7,0,8.74
1,56,1,2,8,1,56,0,9.58
0,7,16,1,4,4,28,0,29.24
0,2,14,8,8,28,1,0,30.39
0,28,2,2,4,112,1,0,29.87
1,7,8,1,16,14,4,0,9.93
1,16,2,7,2,4,28,0,8.67
1,14,4,1,16,2,28,0,9.97
1,1,392,1,2,32,2,0,3.11
1,1,4,28,7,4,16,0,9.42
1,98,1,8,4,2,8,0,1.71
1,2,49,4,4,2,16,0,6.0
1,2,14,28,1,16,4,0,1.79
1,2,392,1,2,4,8,0,2.2
1,1,56,1,4,8,28,0,9.46
1,7,4,2,56,4,4,0,9.78
1,2,4,98,16,1,4,0,2.52
1,1,2,56,7,8,8,0,9.55
0,4,1,56,4,56,1,0,30.82
1,7,2,8,7,2,32,0,9.83
0,14,4,7,4,8,4,0,29.49
1,2,1,49,64,4,2,0,6.42
1,2,98,2,16,8,1,0,2.33
1,7,2,7,2,16,16,0,6.41
0,1,7,8,896,1,1,0,30.2
1,56,2,1,1,56,8,0,15.67
1,7,8,7,32,2,2,0,3.39
1,4,56,1,1,7,32,0,4.06
1,392,1,1,64,2,1,0,6.17
1,7,112,2,4,2,4,0,0.59
1,4,2,28,4,7,8,0,11.57
1,1,8,196,4,4,2,0,0.53
1,16,7,14,4,1,8,0,0.38
1,49,2,2,8,2,16,0,6.08
1,1,28,56,4,4,2,0,0.75
1,1,16,49,2,1,32,0,3.89
0,7,7,8,1,128,1,0,30.01
1,7,8,4,14,4,4,0,10.22
0,2,28,28,4,2,4,0,19.88
1,1,2,112,2,4,28,0,10.06
1,7,2,7,4,8,16,0,6.29
1,2,56,2,112,2,1,0,10.84
1,2,14,28,1,4,16,0,2.62
1,4,49,8,8,4,1,0,0.35
1,196,2,2,32,2,1,0,1.92
1,56,2,1,4,112,1,0,9.27
1,4,14,1,28,1,32,0,9.87
0,2,16,7,28,1,8,0,30.3
1,7,4,28,4,8,2,0,2.42
0,112,1,1,8,7,8,0,30.01
1,28,4,1,2,14,16,0,9.66
1,4,2,28,1,28,8,0,6.78
1,8,7,7,8,2,8,0,2.72
1,7,2,14,32,4,2,0,3.3
1,4,56,1,4,2,28,0,11.45
1,4,14,2,1,16,28,0,9.6
1,16,7,1,8,1,56,0,9.64
1,2,1,784,8,2,2,0,0.45
1,14,8,7,1,32,2,0,1.95
1,7,2,8,16,7,4,0,9.68
1,56,2,1,112,1,4,0,9.57
1,4,4,7,28,2,8,0,9.73
1,4,2,7,4,8,28,0,9.9
1,14,2,2,4,14,16,0,9.91
1,56,2,2,16,14,1,0,10.41
1,1,8,49,2,32,2,0,4.59
1,8,98,2,2,8,2,0,0.43
0,1,784,2,4,4,2,0,19.65
0,8,7,1,8,112,1,0,30.4
1,16,7,2,4,28,2,0,10.35
1,7,2,4,2,7,64,0,9.77
1,8,196,1,4,4,2,0,1.44
1,1,14,8,2,28,8,0,9.84
1,7,2,28,1,64,2,0,4.49
1,4,7,8,7,8,4,0,10.12
1,1,7,28,16,2,8,0,6.08
1,28,4,7,4,8,2,0,2.29
1,4,14,28,8,2,2,0,0.54
1,14,4,2,32,7,2,0,9.68
1,4,7,4,1,16,28,0,9.61
1,7,7,16,16,1,4,0,3.85
1,16,7,2,8,2,14,0,10.39
1,14,14,2,16,1,8,0,6.08
1,49,4,2,1,4,32,0,3.62
1,2,784,1,16,1,2,0,0.46
1,2,2,56,28,2,4,0,10.5
1,14,1,7,64,1,8,0,6.46
1,2,7,4,28,1,32,0,10.05
1,14,8,2,14,2,8,0,9.93
0,8,2,7,64,1,7,0,30.16
0,7,14,1,16,16,2,0,30.97
1,2,2,28,2,16,14,0,9.57
0,2,49,8,4,2,8,0,25.75
1,2,8,7,2,8,28,0,9.73
1,56,1,1,14,64,1,0,10.02
1,2,196,1,8,2,8,0,2.53
1,28,2,4,16,1,14,0,8.62
1,196,2,2,2,4,8,0,2.49
1,14,4,1,1,64,14,0,22.17
1,7,112,2,1,32,1,0,0.52
0,7,14,1,4,4,32,0,30.94
0,56,14,1,4,16,1,0,26.15
0,2,2,392,8,4,1,0,19.75
1,56,2,1,64,7,1,0,9.9
1,14,14,8,8,4,1,0,0.41
1,4,14,2,7,8,8,0,9.7
1,1,7,7,256,4,1,0,6.07
1,14,2,8,16,14,1,0,11.47
1,8,7,28,2,4,4,0,0.31
1,1,32,7,4,14,4,0,4.79
1,16,1,49,8,4,2,0,3.47
1,1568,1,1,8,4,1,0,0.4
1,1,2,112,7,32,1,0,11.51
1,16,7,7,4,8,2,0,2.25
1,2,98,1,16,16,1,0,6.03
1,4,1,14,16,8,7,0,9.92
1,8,2,14,8,14,2,0,10.89
1,2,4,28,7,2,16,0,8.79
1,4,8,7,56,4,1,0,11.38
1,1,56,28,2,1,16,0,0.64
1,4,14,1,64,14,1,0,10.04
1,2,4,49,1,4,32,0,2.56
1,14,14,1,2,8,16,0,6.04
1,16,7,1,4,112,1,0,9.68
0,2,4,28,14,16,1,0,30.57
0,8,1,7,2,7,64,0,30.09
1,1,56,4,14,2,8,0,11.59
1,224,1,1,1,7,32,0,8.77
1,4,8,7,16,1,14,0,8.64
1,2,56,1,56,4,2,0,8.8
1,2,2,56,2,28,4,0,11.55
1,2,8,14,14,4,4,0,6.79
1,196,2,2,1,2,32,0,1.96
1,28,1,7,4,32,2,0,2.86
1,2,2,28,7,32,2,0,9.74
1,49,2,8,4,1,16,0,2.2
1,2,1,56,4,56,2,0,9.7
1,4,7,4,14,1,32,0,4.5
0,2,2,14,4,16,14,0,30.35
1,4,7,8,4,2,28,0,9.01
1,1,14,16,1,8,28,0,7.19
1,4,28,7,8,4,2,0,1.94
1,1,14,4,64,1,14,0,10.25
1,98,1,8,8,2,4,0,5.39
1,8,1,7,2,224,2,0,9.98
1,4,7,28,16,1,4,0,4.64
0,14,28,2,8,4,2,0,26.26
1,7,8,2,8,14,4,0,9.91
1,14,28,2,2,4,8,0,2.07
1,2,1,28,2,448,1,0,9.46
1,1,7,7,2,64,8,0,6.2
1,14,8,14,1,2,16,0,0.33
1,2,8,14,7,32,1,0,10.31
1,1,4,392,4,8,1,0,0.57
1,7,7,2,1,512,1,0,6.22
1,1,1,196,1,32,8,0,6.05
1,1,56,1,14,4,16,0,10.04
1,1,56,4,4,7,8,0,11.45
1,98,2,1,128,2,1,0,6.17
1,14,2,4,2,28,8,0,9.66
0,56,1,1,448,1,2,0,30.39
1,14,7,1,32,2,8,0,6.39
1,2,98,1,8,1,32,0,6.33
1,56,1,14,1,64,1,0,2.03
1,196,2,4,2,16,1,0,0.5
0,1,8,7,4,4,56,0,29.62
1,1,14,28,1,2,64,0,6.23
1,8,1,14,4,16,7,0,9.83
1,4,1,98,16,1,8,0,6.18
1,56,2,14,8,2,2,0,0.7
0,1,14,7,16,1,32,0,31.69
1,28,1,7,256,1,1,0,6.18
1,49,4,1,1,16,16,0,7.6
1,1,1568,1,1,8,4,0,0.53
1,1,1,224,2,28,4,0,6.86
1,1,16,49,1,8,8,0,1.84
1,28,7,4,16,4,1,0,2.29
1,2,4,49,8,1,16,0,4.66
1,7,2,112,8,1,4,0,0.43
1,1,7,7,256,2,2,0,6.39
0,2,98,2,2,64,1,0,29.69
1,1,49,2,2,32,8,0,6.47
1,14,4,2,2,112,2,0,9.73
0,14,8,14,1,16,2,0,19.91
1,2,112,7,32,1,1,0,0.43
1,16,2,7,14,8,2,0,11.46
1,8,2,14,4,4,14,0,11.43
1,2,2,196,2,16,2,0,3.26
1,2,8,14,16,1,14,0,6.84
1,1,8,14,7,64,1,0,9.64
1,14,14,8,16,1,2,0,0.31
0,56,2,2,2,7,16,0,30.25
0,112,1,2,14,1,16,0,30.07
1,2,7,16,8,1,28,0,10.25
1,4,1,56,2,16,7,0,11.51
1,56,14,2,32,1,1,0,0.47
1,2,7,28,8,2,8,0,4.88
1,1,7,28,1,256,1,0,2.94
1,2,8,49,4,8,2,0,2.05
1,1,112,2,1,8,28,0,10.26
1,14,14,8,8,1,4,0,0.44
1,1,14,4,7,4,32,0,9.8
1,98,4,1,8,4,4,0,4.83
1,56,1,7,4,1,32,0,4.78
0,7,1,16,14,4,8,0,30.06
1,7,7,4,4,4,16,0,6.22
1,4,98,2,2,32,1,0,2.19
1,14,1,112,2,2,8,0,0.28
1,28,8,1,8,1,28,0,8.96
0,14,1,112,2,2,8,0,19.5
1,2,8,14,8,14,2,0,9.98
1,98,1,8,1,16,4,0,2.11
1,49,8,2,1,64,1,0,1.74
1,14,1,14,4,32,2,0,5.73
1,8,7,7,8,8,2,0,3.23
0,8,14,1,8,1,56,0,30.52
1,2,1,98,1,8,32,0,5.86
1,1,112,1,4,28,4,0,9.63
1,28,14,2,4,8,2,0,1.67
1,4,1,196,1,64,1,0,2.39
1,16,7,1,14,32,1,0,9.07
1,8,1,14,7,8,8,0,9.69
1,1,7,32,14,2,8,0,8.47
1,7,2,8,32,1,14,0,9.66
1,7,2,4,2,8,56,0,9.38
1,56,4,1,4,7,8,0,8.68
1,2,16,7,2,56,2,0,8.82
1,1,14,4,56,2,8,0,9.93
1,2,196,2,1,8,8,0,2.08
1,56,1,14,2,32,1,0,1.96
1,1,7,32,4,56,1,0,8.53
1,1,32,7,1,112,2,0,7.07
1,2,4,49,32,4,1,0,3.32
1,1,49,16,16,4,1,0,2.33
1,8,14,2,1,224,1,0,9.69
1,1,1,56,2,32,14,0,9.89
1,49,32,1,2,1,16,0,0.46
1,56,2,7,2,1,32,0,1.75
1,2,8,7,1,16,28,0,9.43
1,1,56,1,7,16,8,0,9.97
1,2,2,56,16,2,7,0,11.71
1,56,2,1,1,64,7,0,15.48
1,1,28,4,224,2,1,0,9.87
1,28,14,4,8,2,2,0,0.46
1,1,2,392,2,8,4,0,2.07
1,4,2,98,64,1,1,0,3.93
1,49,4,1,8,1,32,0,6.03
1,28,1,2,56,4,4,0,9.55
1,56,1,4,112,1,2,0,8.79
0,2,4,14,28,1,16,0,30.26
1,49,8,1,128,1,1,0,6.11
1,8,2,7,7,16,4,0,9.47
1,49,2,2,4,4,16,0,8.18
1,7,1,56,1,2,64,0,4.72
1,196,2,4,4,1,8,0,0.4
1,1,1,98,4,16,8,0,6.39
1,1,196,2,16,1,8,0,3.39
1,28,8,1,32,1,7,0,10.47
1,56,4,1,2,56,2,0,11.49
1,112,14,1,16,1,2,0,3.4
1,2,8,7,1,32,14,0,9.66
1,49,2,1,16,8,4,0,6.35
1,4,14,4,4,2,28,0,11.63
1,1,14,4,56,16,1,0,9.86
1,8,7,1,2,448,1,0,9.83
1,28,8,1,16,2,7,0,4.69
1,7,8,7,1,4,32,0,4.64
1,1,98,16,1,16,2,0,0.79
1,14,4,1,4,7,32,0,9.82
1,4,4,14,14,2,8,0,11.25
1,28,4,7,2,16,2,0,2.19
1,56,1,2,7,8,8,0,9.74
0,14,4,28,4,8,1,0,19.08
1,28,14,1,8,4,4,0,6.62
1,16,14,1,224,1,1,0,8.9
1,1,7,56,1,64,2,0,4.48
1,7,14,4,8,16,1,0,4.58
1,28,2,4,2,56,2,0,10.2
0,4,7,2,32,1,28,0,30.33
1,1,14,16,1,4,56,0,11.62
0,14,4,1,1,64,14,0,30.12
1,49,4,8,32,1,1,0,0.68
0,1,14,28,1,8,16,0,29.7
1,2,49,1,4,4,32,0,6.06
0,1,8,7,2,224,2,0,29.46
0,49,16,1,1,16,4,0,24.97
1,7,32,1,7,2,16,0,11.67
1,2,112,1,4,28,2,0,11.51
1,1,56,7,16,2,4,0,2.32
1,4,14,14,8,8,1,0,2.25
1,4,4,14,1,16,14,0,11.14
1,8,14,1,32,7,2,0,9.57
1,1,28,7,128,2,1,0,6.11
1,2,4,28,56,2,2,0,10.35
1,49,2,2,256,1,1,0,6.03
1,2,1,56,56,8,1,0,9.09
1,14,2,14,8,4,4,0,4.57
1,14,7,2,32,1,8,0,6.07
1,1,56,1,4,7,32,0,9.68
1,2,14,4,56,2,4,0,9.67
1,2,7,16,1,14,16,0,7.03
1,4,28,14,8,4,1,0,0.41
1,28,1,8,56,2,2,0,11.51
0,16,1,7,16,7,4,0,29.43
1,56,1,2,16,4,7,0,9.76
0,1,8,28,32,1,7,0,30.48
0,1,196,2,16,4,2,0,29.64
1,2,56,1,8,28,2,0,9.44
1,8,7,2,1,112,4,0,9.15
1,1,14,8,56,1,8,0,9.57
1,7,2,8,56,4,2,0,9.74
1,4,4,7,2,16,14,0,4.57
1,7,1,14,32,1,16,0,6.02
0,2,1,28,2,56,8,0,30.18
1,7,14,16,4,2,4,0,0.46
1,1,1,49,256,2,2,0,6.38
1,8,7,14,1,2,32,0,1.97
1,2,7,14,1,32,8,0,5.93
1,56,1,14,2,16,2,0,2.75
1,1,14,16,4,2,28,0,11.52
1,1,7,28,8,16,2,0,2.71
1,1,7,28,16,4,4,0,6.02
0,2,98,1,32,4,2,0,29.22
1,2,1,28,8,7,16,0,9.77
0,1,98,8,4,4,4,0,25.09
1,32,1,7,8,1,28,0,10.07
1,2,56,2,1,56,4,0,6.87
1,7,14,16,32,1,1,0,0.48
1,4,1,196,2,2,16,0,1.85
0,2,7,16,4,8,7,0,29.99
1,1,14,16,7,2,16,0,11.54
0,1,224,1,7,16,2,0,30.02
1,2,98,2,2,2,32,0,2.47
1,2,112,1,2,56,2,0,10.47
1,14,14,4,1,1,64,0,3.78
1,1,98,1,16,16,2,0,6.41
1,8,7,14,16,1,4,0,2.12
1,56,2,2,8,28,1,0,11.44
1,2,112,1,8,1,28,0,6.96
0,4,4,7,14,32,1,0,30.14
1,2,56,2,14,2,8,0,6.93
1,14,7,16,1,2,16,0,0.61
1,8,1,14,1,8,56,0,9.69
1,28,2,1,4,4,56,0,9.89
1,8,98,2,1,1,32,0,0.39
1,1,14,14,4,64,1,0,6.02
1,16,7,2,16,7,2,0,8.73
1,56,1,2,2,7,32,0,9.66
1,2,1,28,4,8,28,0,9.98
1,1,14,8,7,1,64,0,9.76
1,1,1,196,32,2,4,0,6.15
1,28,1,7,4,64,1,0,6.13
1,16,1,98,32,1,1,0,0.46
1,196,2,4,4,2,4,0,0.57
1,7,14,4,8,1,16,0,6.39
1,28,2,7,32,1,4,0,6.12
1,28,8,1,8,28,1,0,11.01
0,98,2,1,128,1,2,0,30.12
1,1,7,14,4,2,64,0,6.6
1,7,2,8,64,7,1,0,9.9
1,2,28,4,4,28,2,0,9.09
1,1,49,16,1,1,64,0,1.51
1,1,1,196,2,4,32,0,6.13
1,4,28,1,112,1,4,0,9.86
1,8,7,1,1,448,2,0,14.92
1,4,7,56,2,2,8,0,0.43
1,56,1,2,32,1,14,0,9.65
0,1,28,2,1,16,56,0,30.35
1,4,7,2,4,112,2,0,10.07
1,14,1,112,8,2,2,0,0.48
1,1,14,56,64,1,1,0,1.93
1,14,8,7,2,4,8,0,2.12
1,28,7,4,32,2,1,0,4.34
1,7,8,2,4,7,16,0,9.56
1,4,4,7,1,56,8,0,9.61
1,7,56,1,1,16,8,0,3.61
0,16,7,1,2,112,2,0,29.33
1,16,7,7,1,32,2,0,1.97
1,2,2,56,1,28,8,0,10.97
1,7,7,1,1,256,4,0,17.66
1,4,2,7,1,112,8,0,10.09
1,14,4,28,1,8,4,0,0.87
1,28,4,2,8,7,4,0,9.55
1,4,49,2,4,32,1,0,4.99
1,8,7,1,1,16,56,0,22.3
1,7,1,7,8,4,32,0,6.86
1,7,7,2,32,2,8,0,6.82
1,2,4,28,56,1,4,0,9.24
1,56,14,1,4,4,4,0,2.68
1,1,4,49,1,64,4,0,6.0
1,2,56,1,2,16,14,0,9.55
1,4,1,14,56,1,16,0,9.92
1,14,4,7,2,64,1,0,6.18
1,7,1,32,32,7,1,0,10.27
1,1,2,196,4,8,4,0,6.03
1,8,2,7,7,32,2,0,9.69
1,56,2,2,2,112,1,0,8.77
1,2,1,784,2,16,1,0,0.49
1,2,1,784,1,8,4,0,0.64
1,7,2,4,8,7,16,0,9.86
1,1,2,112,7,2,16,0,7.07
1,8,7,2,2,8,28,0,9.86
1,2,28,1,7,4,32,0,10.1
1,7,16,1,8,8,7,0,9.87
1,1,14,4,8,2,56,0,9.93
1,16,1,7,2,56,4,0,9.31
1,8,7,2,7,8,8,0,9.61
1,7,2,14,1,16,16,0,8.06
1,14,4,1,16,4,14,0,9.9
1,14,112,1,4,8,1,0,0.34
0,7,8,4,7,32,1,0,30.57
0,7,2,8,28,16,1,0,30.07
1,2,2,28,4,56,2,0,9.78
1,8,7,2,56,8,1,0,9.39
1,4,56,1,28,2,4,0,12.32
1,7,16,7,4,8,2,0,2.18
1,4,1,49,1,32,8,0,6.2
0,8,7,2,224,2,1,0,30.76
1,14,4,1,8,28,4,0,10.13
1,14,4,2,28,8,2,0,9.88
1,49,1,2,16,4,8,0,6.59
1,2,2,14,2,64,7,0,10.15
1,7,16,14,4,2,4,0,0.56
1,1,8,7,8,112,1,0,9.51
1,28,1,4,1,14,32,0,9.24
1,49,1,1,4,8,32,0,5.91
1,14,8,2,1,14,16,0,10.3
1,7,2,4,28,4,8,0,9.92
1,7,16,1,8,4,14,0,9.65
1,7,8,4,4,7,8,0,6.73
1,28,1,2,16,1,56,0,10.04
1,7,8,7,4,4,8,0,2.11
1,49,1,8,4,4,8,0,3.72
1,1,16,7,4,2,56,0,9.82
1,16,14,1,7,32,1,0,9.02
1,4,1,98,64,1,2,0,4.83
1,16,7,1,224,1,2,0,9.83
1,2,784,1,2,1,16,0,1.58
1,56,4,7,1,2,16,0,0.45
0,4,8,7,2,56,2,0,30.41
1,1,4,14,64,1,14,0,10.18
1,2,14,56,1,32,1,0,1.29
1,8,4,49,1,4,8,0,0.43
1,112,7,1,8,4,2,0,1.78
1,16,2,49,1,2,16,0,0.48
1,7,14,1,256,2,1,0,6.18
1,1,112,1,4,112,1,0,9.56
1,1,1,49,64,4,4,0,6.5
1,16,14,1,2,7,16,0,10.41
1,4,14,1,28,8,4,0,9.38
1,7,28,2,8,1,16,0,4.92
1,1,56,14,4,16,1,0,4.78
1,1,49,2,32,8,2,0,6.43
1,14,1,8,64,1,7,0,9.58
1,112,2,7,4,8,1,0,0.37
1,2,392,1,16,2,2,0,2.68
1,8,4,49,1,32,1,0,0.55
1,1,49,1,64,4,4,0,6.6
1,2,1,56,4,4,28,0,9.67
0,98,2,8,4,4,2,0,19.82
0,4,28,1,7,16,4,0,28.97
1,49,1,1,64,4,4,0,6.17
0,98,2,1,2,4,32,0,30.14
0,8,28,1,56,2,2,0,29.43
0,8,1,196,1,4,8,0,19.97
1,7,2,8,28,8,2,0,9.23
1,7,1,32,4,14,4,0,10.29
1,2,28,7,16,4,2,0,4.74
1,1,4,14,1,112,8,0,10.01
1,56,1,1,4,7,32,0,9.9
1,4,4,7,4,28,4,0,9.8
1,1,112,2,2,2,56,0,10.43
1,1,4,56,1,112,2,0,4.39
1,1,7,32,2,14,8,0,11.4
1,1,49,2,16,8,4,0,6.52
1,4,8,7,1,4,56,0,4.75
1,2,28,1,64,1,14,0,9.88
1,49,1,2,8,8,8,0,5.91
1,28,2,1,56,8,2,0,9.9
1,4,2,49,4,1,32,0,5.76
1,1,56,2,4,14,8,0,9.79
1,7,2,14,8,2,16,0,6.07
1,112,1,1,112,1,4,0,9.7
1,4,4,7,14,4,8,0,9.73
1,7,14,2,64,4,1,0,6.09
0,16,1,7,56,8,1,0,30.4
1,4,7,8,1,112,2,0,10.5
1,7,56,1,2,16,4,0,6.11
1,1,1,56,448,2,1,0,9.83
1,1,14,16,8,1,28,0,10.6
1,14,4,1,1,112,8,0,22.22
1,14,2,28,1,32,2,0,1.84
0,7,1,8,16,56,1,0,30.42
1,1,112,14,1,8,4,0,0.62
1,4,4,7,112,4,1,0,9.83
1,7,28,2,2,16,4,0,4.65
0,28,2,2,2,28,8,0,28.72
0,4,1,196,1,1,64,0,26.15
1,7,16,1,14,8,4,0,9.65
1,98,2,4,1,8,8,0,2.53
1,1,7,8,7,8,16,0,9.82
1,7,28,8,2,1,16,0,0.47
1,7,8,1,1,224,4,0,21.8
1,28,28,2,1,32,1,0,0.4
1,14,16,7,2,4,4,0,0.54
1,1,14,7,1,16,32,0,6.64
1,1,14,112,1,16,2,0,0.53
1,2,1,49,2,64,4,0,8.09
1,4,1,98,1,128,1,0,6.38
1,4,2,14,32,14,1,0,9.54
0,8,2,98,1,32,1,0,19.87
1,49,2,16,16,1,2,0,0.45
0,1,112,1,16,14,2,0,29.9
1,16,14,7,2,2,8,0,0.42
1,56,1,14,1,8,8,0,1.36
1,8,14,1,16,28,1,0,9.77
1,7,1,28,2,16,8,0,2.93
1,7,8,7,8,8,2,0,2.49
1,2,196,1,8,16,1,0,5.92
1,56,14,1,2,4,8,0,1.89
0,4,7,8,1,112,2,0,30.22
1,8,49,1,1,128,1,0,4.34
1,28,1,14,2,64,1,0,6.03
1,49,4,4,2,2,16,0,1.89
1,28,28,2,2,2,8,0,0.38
1,16,7,1,2,224,1,0,9.73
1,1,16,49,4,2,8,0,1.6
1,1,7,32,16,7,2,0,11.47
1,112,1,1,1,16,28,0,9.53
1,28,4,1,1,14,32,0,6.7
1,4,4,14,16,1,14,0,10.6
0,7,112,1,1,4,16,0,26.22
1,1,1,196,16,16,1,0,5.94
1,8,14,2,2,112,1,0,11.39
1,7,1,16,8,8,7,0,9.58
1,1,7,14,2,8,32,0,6.36
1,1,14,4,4,28,8,0,9.82
0,2,7,4,8,14,8,0,30.39
1,1,1,112,4,14,8,0,9.61
1,1,1,56,2,14,32,0,9.98
1,7,14,8,4,2,8,0,1.73
1,1568,1,1,2,8,2,0,0.55
1,98,1,1,8,8,8,0,6.49
1,2,1,28,1,16,56,0,9.93
1,14,7,8,2,4,8,0,2.08
0,1,56,28,1,32,1,0,19.96
1,4,1,49,256,1,1,0,5.65
0,1,8,49,1,32,4,0,29.93
1,2,112,1,4,56,1,0,3.82
0,7,1,16,8,8,7,0,29.85
0,2,2,14,1,64,14,0,29.67
1,1,392,2,1,64,1,0,1.76
1,56,1,1,32,14,2,0,10.06
1,2,1,28,32,7,4,0,9.97
1,2,7,4,2,7,64,0,10.02
1,2,4,49,32,2,2,0,6.08
1,4,2,14,16,4,7,0,9.64
1,14,4,7,64,2,1,0,3.2
1,8,7,2,14,4,8,0,9.33
1,1,1,98,8,4,16,0,5.85
1,1,28,28,64,1,1,0,1.96
1,4,98,2,32,2,1,0,2.34
1,2,56,1,7,64,1,0,9.62
1,98,4,2,2,8,4,0,1.83
0,14,8,1,2,7,32,0,29.08
0,1,7,8,14,16,4,0,29.93
0,4,98,1,2,16,4,0,29.95
1,4,28,1,2,4,56,0,9.61
1,1,2,98,128,1,2,0,5.77
1,2,98,4,16,1,4,0,2.23
1,7,56,1,4,4,8,0,6.2
1,2,1,196,32,1,4,0,4.63
1,392,2,1,1,4,16,0,3.09
1,4,2,14,14,1,32,0,9.74
1,8,2,7,4,4,28,0,9.58
1,1,2,196,16,8,1,0,6.2
1,14,4,1,112,2,4,0,9.98
1,4,49,1,2,16,8,0,6.0
1,2,2,98,1,16,8,0,6.12
1,28,2,4,32,1,7,0,10.48
1,1,2,112,8,4,7,0,7.0
1,2,49,8,2,16,2,0,2.07
1,2,14,28,32,1,2,0,5.87
1,7,8,2,1,32,14,0,9.14
1,14,14,2,4,8,4,0,4.6
1,4,28,2,2,14,8,0,9.82
1,7,4,8,1,224,1,0,11.48
0,14,7,8,4,4,4,0,25.66
0,14,4,4,4,7,8,0,30.57
1,7,2,8,32,14,1,0,9.49
1,98,2,1,32,4,2,0,5.92
1,8,28,1,14,4,4,0,11.49
1,7,8,2,1,448,1,0,9.68
1,7,8,1,2,16,28,0,9.93
0,2,1,56,14,32,1,0,30.09
1,8,14,2,2,14,8,0,11.46
1,1,14,56,2,2,16,0,5.75
1,2,2,49,16,16,1,0,6.08
1,1,56,1,2,112,4,0,9.82
1,14,1,4,2,32,14,0,9.94
1,4,98,2,1,32,2,0,2.26
0,49,4,2,32,4,1,0,29.84
1,1,2,98,8,1,32,0,5.96
1,14,16,7,8,2,2,0,0.44
1,1,32,7,1,14,16,0,8.59
1,32,7,1,8,28,1,0,11.14
1,196,2,1,1,8,16,0,3.77
1,14,2,2,64,7,2,0,9.94
1,4,4,98,1,4,8,0,0.45
1,1,28,28,8,4,2,0,3.08
1,2,4,14,8,1,56,0,9.67
0,7,28,2,2,32,2,0,29.57
1,28,7,2,4,2,16,0,2.49
1,1,28,2,2,28,16,0,9.5
1,28,2,2,112,4,1,0,9.81
1,1,4,98,8,8,2,0,3.61
1,2,4,196,1,4,8,0,0.44
1,2,7,4,28,16,2,0,9.83
1,1,1,56,14,64,1,0,9.99
1,1,2,28,16,14,4,0,9.64
1,7,4,2,4,224,1,0,9.92
1,14,14,1,4,1,64,0,5.97
1,2,14,2,14,32,2,0,9.86
1,1,8,7,8,7,16,0,9.42
1,8,14,7,2,2,16,0,2.16
1,2,7,16,32,7,1,0,7.18
1,98,1,8,16,4,1,0,2.33
1,1,2,112,28,2,4,0,7.18
1,1,49,16,1,4,16,0,1.75
1,1,98,4,2,8,8,0,4.42
1,4,1,49,1,16,16,0,6.12
1,4,2,49,2,64,1,0,2.19
1,112,1,1,64,7,1,0,9.81
1,7,7,2,4,2,64,0,6.51
1,7,4,2,56,8,2,0,9.88
1,112,1,7,32,2,1,0,2.12
0,1,8,98,32,2,1,0,25.56
1,2,4,28,28,8,1,0,7.05
1,1,28,7,2,2,64,0,5.66
1,1,7,7,1,16,64,0,6.3
1,1,112,1,224,2,1,0,9.58
1,1,49,1,16,4,16,0,6.54
1,8,7,2,56,2,4,0,9.69
1,56,2,7,8,1,8,0,1.92
1,2,4,7,2,112,4,0,9.61
1,16,7,1,1,112,4,0,19.95
1,56,4,1,14,4,4,0,8.52
1,7,16,7,64,1,1,0,1.96
1,2,14,2,14,8,8,0,9.9
0,2,2,56,7,8,4,0,30.09
1,1,4,49,32,2,4,0,5.85
1,1,8,7,32,2,14,0,9.55
1,2,98,8,2,4,4,0,0.69
1,16,7,2,7,16,2,0,8.84
1,7,1,7,32,1,32,0,6.15
1,1,8,196,1,32,1,0,0.39
1,28,7,8,1,32,1,0,0.51
1,196,1,2,4,2,16,0,4.53
1,1,784,1,1,4,16,0,1.58
1,1,112,14,2,2,8,0,0.39
1,56,2,1,8,14,4,0,9.25
1,1,224,1,2,2,56,0,11.54
1,1,1,112,112,4,1,0,9.88
1,32,7,1,16,1,14,0,6.9
1,98,2,2,64,2,1,0,6.07
1,14,4,14,4,1,16,0,1.73
1,2,4,14,64,1,7,0,9.64
1,7,14,8,2,8,4,0,2.02
1,2,56,1,28,16,1,0,9.63
1,7,28,2,1,128,1,0,4.65
1,49,1,1,1,512,2,0,6.23
1,7,1,32,2,112,1,0,10.33
1,1,7,14,16,1,32,0,6.43
1,196,1,1,4,2,32,0,5.95
1,2,28,2,32,2,7,0,9.62
1,28,4,7,4,2,8,0,1.97
1,14,112,1,2,8,2,0,0.54
1,7,2,7,128,4,1,0,6.42
1,4,2,98,1,16,4,0,1.83
1,1,56,28,16,2,1,0,0.41
1,1,196,2,2,32,2,0,3.38
1,2,1,56,32,1,14,0,9.52
1,4,28,1,1,16,28,0,14.79
1,7,112,2,1,1,32,0,0.32
1,14,4,28,16,1,2,0,0.36
1,1,4,196,2,4,8,0,1.55
1,8,14,1,32,2,7,0,9.16
1,7,2,4,1,14,64,0,10.03
1,7,7,16,2,32,1,0,3.72
1,2,14,4,8,56,1,0,9.66
0,7,14,2,2,2,64,0,30.11
1,7,1,56,4,4,8,0,4.84
0,4,7,14,8,8,2,0,29.6
1,224,1,1,8,4,7,0,8.91
1,49,4,4,4,1,16,0,2.17
1,7,4,4,8,7,8,0,9.6
1,56,2,14,2,2,8,0,4.25
1,4,7,2,112,2,4,0,9.86
1,4,28,2,4,8,7,0,11.5
1,1,16,14,112,2,1,0,10.41
1,2,14,2,7,64,2,0,9.92
1,4,7,2,1,64,14,0,9.8
1,49,8,1,16,1,8,0,5.83
1,14,14,1,16,4,4,0,3.01
1,2,4,14,2,112,2,0,9.64
1,2,14,8,8,28,1,0,6.75
1,28,2,2,4,112,1,0,9.46
1,28,1,7,64,2,2,0,6.01
0,4,14,1,14,64,1,0,30.34
1,4,49,1,2,32,4,0,5.7
1,28,7,4,4,8,2,0,3.49
1,1,224,7,4,4,2,0,0.58
1,8,14,7,8,4,2,0,3.38
1,4,7,7,2,128,1,0,6.01
1,8,7,2,28,4,4,0,9.67
1,4,4,14,32,1,7,0,10.44
1,56,1,2,7,2,32,0,9.53
1,2,14,2,16,7,8,0,9.82
1,56,1,2,16,2,14,0,9.52
1,1,1,49,4,32,8,0,6.08
1,1,14,8,4,7,16,0,9.71
0,1,224,7,1,32,1,0,20.39
1,2,7,14,2,8,16,0,5.89
1,16,1,7,64,7,1,0,4.37
1,4,28,2,2,16,7,0,11.6
1,14,4,14,4,8,2,0,2.29
1,1,224,1,8,28,1,0,6.71
1,8,7,2,8,7,8,0,9.61
1,4,14,2,7,1,64,0,9.11
1,7,8,2,2,56,4,0,9.62
1,7,2,14,1,64,4,0,5.84
1,1,1,56,16,56,1,0,9.72
1,4,2,196,32,1,1,0,0.48
1,7,7,8,1,128,1,0,4.75
0,1,28,7,16,8,2,0,30.38
1,4,1,14,2,224,2,0,9.78
1,1,4,28,16,2,14,0,9.69
1,1,196,2,16,4,2,0,4.91
1,1,28,4,14,1,32,0,9.43
0,14,16,7,1,1,32,0,19.9
0,56,2,1,4,112,1,0,30.43
0,2,196,1,8,8,2,0,29.78
1,1,14,4,4,8,28,0,9.89
1,1,56,1,1,28,32,0,9.44
0,4,2,7,8,8,14,0,30.25
1,7,8,14,4,1,16,0,3.52
1,4,98,1,16,8,1,0,4.54
1,56,7,2,16,4,1,0,2.13
1,1,2,56,32,1,14,0,9.65
1,14,1,56,32,1,2,0,2.57
1,4,49,4,8,4,2,0,2.24
1,8,4,7,16,1,14,0,8.63
1,7,4,2,8,112,1,0,10.03
1,7,1,8,7,32,4,0,10.15
1,7,28,1,2,8,16,0,5.99
1,2,28,28,2,16,1,0,0.63
1,32,1,7,112,2,1,0,9.05
1,4,1,14,1,32,28,0,10.24
1,98,1,16,1,1,32,0,0.53
1,8,2,98,1,2,16,0,0.38
1,7,14,1,32,2,8,0,6.45
1,1568,1,1,16,2,1,0,0.68
1,2,4,28,1,28,8,0,11.59
1,16,7,7,1,1,64,0,2.3
1,7,1,16,1,56,8,0,9.72
1,1,1,112,8,56,1,0,9.58
0,7,4,14,4,2,16,0,29.64
1,16,14,7,1,16,2,0,0.48
1,14,7,4,1,8,16,0,4.76
1,4,2,14,112,4,1,0,9.36
1,1,28,7,4,32,2,0,6.03
1,2,2,392,1,4,8,0,0.49
1,1,8,14,2,56,4,0,9.65
0,1,196,2,2,64,1,0,30.16
0,4,28,1,8,14,4,0,29.58
0,7,56,2,8,2,4,0,25.44
1,2,784,1,32,1,1,0,0.45
1,28,2,2,448,1,1,0,9.67
1,8,28,1,7,1,32,0,10.19
1,8,4,7,14,4,4,0,10.59
1,2,56,2,2,16,7,0,4.87
1,7,7,4,1,4,64,0,5.73
0,2,1,56,2,32,7,0,29.46
0,1,4,56,8,7,4,0,29.49
0,2,1,49,16,2,16,0,31.66
1,1,196,1,32,4,2,0,5.95
1,49,2,16,8,4,1,0,0.4
1,7,4,4,4,16,7,0,9.51
1,2,8,98,8,2,2,0,0.51
1,98,2,2,4,32,1,0,4.62
0,28,1,28,1,4,16,0,25.85
0,49,2,8,4,2,8,0,25.62
1,196,4,2,8,2,2,0,1.16
1,2,112,1,4,7,8,0,9.96
1,1,224,1,8,2,14,0,4.77
1,112,1,1,32,14,1,0,9.57
1,2,7,8,112,1,4,0,9.56
1,4,4,14,1,28,8,0,10.17
1,1,4,196,4,2,8,0,2.69
1,4,7,4,16,2,14,0,9.66
1,16,7,1,2,7,32,0,9.61
1,98,2,4,2,4,8,0,1.43
1,2,28,14,8,2,4,0,1.9
1,14,7,16,4,8,1,0,0.41
1,16,7,7,1,64,1,0,2.18
0,7,1,14,8,1,64,0,31.72
1,49,4,1,64,4,1,0,5.77
0,16,49,2,8,2,2,0,20.21
1,7,16,7,1,32,2,0,2.03
1,8,28,1,1,4,56,0,6.0
1,7,1,56,128,1,1,0,4.32
1,14,4,4,7,1,32,0,11.47
1,16,7,7,4,2,8,0,1.63
1,56,2,7,8,8,1,0,2.12
1,8,2,49,1,2,32,0,1.9
1,112,7,2,4,1,8,0,6.57
1,4,28,2,1,16,14,0,9.89
0,1,28,8,4,7,8,0,29.91
1,1,784,2,2,4,4,0,0.49
0,16,1,14,7,2,16,0,30.79
1,28,56,1,8,1,4,0,0.71
1,98,1,8,8,8,1,0,1.45
1,1,224,1,28,8,1,0,11.39
1,1,2,98,8,8,4,0,5.85
0,7,4,14,128,1,1,0,30.02
1,1,98,1,1,512,1,0,6.54
1,1,112,1,56,4,2,0,10.51
1,7,14,2,8,4,8,0,6.04
1,1,56,14,1,2,32,0,2.28
1,4,1,14,32,28,1,0,9.93
1,14,14,1,1,4,64,0,8.18
1,56,2,2,112,2,1,0,11.61
1,4,28,1,28,2,8,0,9.73
1,2,2,14,112,4,2,0,9.85
1,7,2,14,16,4,4,0,5.22
1,98,1,2,4,64,1,0,5.92
1,196,1,4,1,8,8,0,1.79
1,2,49,4,8,1,16,0,4.89
1,224,1,7,1,16,2,0,0.72
1,14,4,1,14,4,16,0,9.87
1,1,8,28,7,4,8,0,11.44
1,8,7,2,2,14,16,0,9.71
1,7,14,8,1,2,32,0,1.93
1,2,28,4,4,1,56,0,8.68
1,14,4,4,28,2,4,0,8.76
0,56,1,2,14,16,2,0,29.63
1,1,28,2,1,16,56,0,10.03
1,2,2,28,28,16,1,0,9.77
0,14,14,8,16,1,2,0,20.12
1,1,7,224,1,2,16,0,0.62
1,28,28,1,1,2,32,0,0.95
1,14,14,2,8,1,16,0,8.49
1,196,2,1,2,1,64,0,2.45
0,1,8,14,14,32,1,0,30.47
0,1,98,1,16,32,1,0,31.89
1,16,7,1,56,4,2,0,3.96
1,56,7,1,32,4,1,0,2.5
1,4,28,7,4,4,4,0,2.17
1,1,7,28,16,1,16,0,6.04
1,1,112,7,2,1,32,0,2.05
1,4,7,4,28,1,16,0,9.73
1,8,196,1,16,1,2,0,0.31
1,14,1,14,16,2,8,0,6.03
1,14,2,4,2,56,4,0,9.31
1,7,56,4,1,4,8,0,0.55
1,224,1,7,1,4,8,0,0.34
0,7,2,4,56,16,1,0,30.48
0,56,7,4,2,4,4,0,19.41
0,2,14,2,4,32,7,0,30.0
0,8,7,1,2,448,1,0,30.64
1,7,2,28,8,8,2,0,4.88
0,28,1,8,7,2,16,0,30.67
1,98,2,1,2,64,2,0,6.29
1,1,7,16,14,32,1,0,9.23
1,2,14,56,32,1,1,0,2.35
1,14,4,4,8,1,28,0,11.47
1,2,4,14,8,56,1,0,9.64
1,28,2,1,16,56,1,0,9.83
1,1,1,56,8,2,56,0,7.37
1,8,7,2,16,7,4,0,9.64
1,16,7,1,32,2,7,0,9.63
1,2,8,7,7,16,4,0,9.56
1,4,98,2,8,2,4,0,2.58
1,2,8,7,16,4,7,0,9.35
1,1,28,2,8,28,4,0,9.9
1,7,8,1,2,448,1,0,7.13
1,2,1,56,112,4,1,0,9.71
1,4,28,2,16,7,2,0,11.65
1,196,2,1,64,2,1,0,5.98
1,56,1,14,16,2,2,0,1.99
1,2,2,28,1,64,7,0,9.65
0,2,14,4,8,28,2,0,29.52
1,2,98,2,1,8,16,0,5.88
1,7,1,56,4,32,1,0,3.61
1,56,14,2,1,1,32,0,0.5
1,4,7,4,16,7,4,0,9.84
1,14,1,16,224,1,1,0,8.31
1,49,16,2,4,2,4,0,0.4
0,8,1,7,2,14,32,0,30.4
1,4,1,196,64,1,1,0,2.17
1,16,1,7,28,2,8,0,9.25
1,1,196,1,2,8,16,0,6.05
1,8,49,2,64,1,1,0,2.44
1,4,7,7,4,64,1,0,6.14
1,2,49,8,16,4,1,0,2.64
1,2,2,98,2,8,8,0,3.19
1,14,1,28,4,1,32,0,2.36
1,7,8,14,16,4,1,0,2.23
1,98,1,4,2,64,1,0,4.99
1,28,1,2,2,224,2,0,9.81
0,7,1,56,8,4,4,0,30.16
0,14,1,56,1,64,1,0,26.26
1,49,1,8,1,128,1,0,4.75
1,8,14,1,8,56,1,0,9.64
0,196,1,8,1,16,2,0,19.31
1,14,4,4,8,4,7,0,7.01
1,8,28,1,14,8,2,0,6.88
1,1,14,7,8,8,8,0,6.41
1,14,8,1,4,112,1,0,9.68
1,2,7,16,4,8,7,0,8.96
1,4,28,1,64,7,1,0,9.61
1,14,28,2,2,1,32,0,2.25
1,1,14,56,16,4,1,0,2.39
1,1,4,49,8,32,1,0,5.99
1,784,1,1,8,8,1,0,2.06
1,1,56,1,1,56,16,0,9.89
1,16,1,7,2,224,1,0,9.3
1,49,4,2,2,1,64,0,4.6
1,4,14,7,1,64,2,0,4.77
1,16,7,1,1,32,14,0,6.47
1,1,224,1,4,4,14,0,6.88
1,1,1,224,1,112,2,0,11.51
1,4,28,7,4,1,16,0,2.09
0,2,16,7,56,2,2,0,30.37
1,1,392,1,1,64,2,0,4.27
1,2,49,1,16,8,4,0,5.99
1,392,1,1,4,4,8,0,4.98
1,1,32,7,28,2,4,0,8.78
1,16,1,14,14,2,8,0,8.58
1,32,1,49,1,16,2,0,0.48
1,1,7,16,1,448,1,0,9.81
1,28,1,4,1,28,16,0,9.68
1,14,8,1,8,7,8,0,9.22
1,1,1,784,32,2,1,0,2.15
1,28,4,1,64,7,1,0,10.58
0,1,16,49,4,8,2,0,24.65
1,2,98,4,1,1,64,0,1.68
1,14,2,28,4,8,2,0,2.24
1,2,4,14,8,14,4,0,9.58
1,8,28,1,2,16,7,0,8.63
1,2,8,14,7,2,16,0,10.45
0,7,8,14,2,16,2,0,25.83
1,7,28,4,16,1,4,0,1.56
1,14,2,7,2,2,64,0,6.07
1,7,1,112,4,16,1,0,2.22
1,14,28,1,32,2,2,0,4.75
1,7,8,4,14,2,8,0,10.22
1,98,2,1,128,1,2,0,5.59
1,1,8,28,16,7,2,0,8.53
1,2,7,4,1,64,14,0,10.03
1,1,56,7,64,1,2,0,6.15
1,16,49,2,1,16,2,0,0.55
1,14,7,4,32,4,1,0,3.34
1,1,49,1,1024,1,1,0,6.43
1,7,2,4,16,2,28,0,9.99
1,7,7,8,2,64,1,0,3.91
0,1,14,56,2,4,8,0,25.13
1,1,98,4,128,1,1,0,2.4
1,98,4,1,1,128,1,0,2.74
1,392,2,1,4,16,1,0,2.22
1,4,4,98,2,16,1,0,0.47
1,16,1,14,7,8,4,0,4.78
1,7,1,8,4,56,4,0,9.99
1,2,2,392,16,1,2,0,0.53
1,7,56,1,8,8,2,0,4.62
1,7,7,4,8,32,1,0,6.03
1,2,7,7,4,4,32,0,6.48
1,28,1,28,1,32,2,0,2.29
1,7,7,4,2,2,64,0,5.67
0,2,56,2,2,56,2,0,30.07
1,1,2,28,16,4,14,0,9.89
1,7,112,2,1,16,2,0,0.28
1,2,4,196,2,8,2,0,0.43
1,2,1,28,8,14,8,0,9.87
1,56,2,1,28,16,1,0,9.8
1,14,7,2,64,4,1,0,6.09
1,4,1,28,8,8,7,0,9.53
1,1,49,2,4,128,1,0,6.32
1,2,28,7,8,1,16,0,6.08
1,56,1,14,8,2,4,0,4.49
1,8,2,49,4,8,2,0,2.88
1,14,1,8,2,8,28,0,9.89
1,1,7,28,2,64,2,0,6.24
1,2,1,28,7,64,2,0,6.74
1,2,4,28,2,2,56,0,8.74
1,32,7,7,16,2,1,0,0.67
1,7,16,1,4,8,14,0,9.69
1,1,112,2,16,7,2,0,8.41
1,7,8,1,2,14,32,0,9.94
1,16,49,1,16,1,4,0,2.33
1,28,2,4,16,14,1,0,10.67
1,1,14,28,32,1,4,0,4.63
0,2,1,784,1,8,4,0,19.39
1,7,2,4,8,28,4,0,9.82
1,28,1,14,16,2,4,0,6.1
0,2,112,1,112,2,1,0,30.57
0,1,196,1,32,8,1,0,30.09
0,224,1,7,1,4,8,0,19.39
1,56,1,14,16,4,1,0,2.12
1,16,7,1,224,2,1,0,10.03
0,2,14,14,8,4,4,0,29.44
1,8,7,7,2,16,4,0,3.61
0,1,392,4,1,4,8,0,19.45
1,8,7,1,1,56,16,0,22.23
1,2,14,4,4,16,7,0,9.71
1,28,28,1,2,4,8,0,2.0
1,28,1,8,28,4,2,0,11.57
1,4,7,7,8,8,4,0,6.14
1,7,1,16,7,1,64,0,9.26
1,1,1,112,2,7,32,0,9.71
1,2,7,56,1,64,1,0,2.48
1,8,7,7,2,1,64,0,6.03
1,2,4,7,56,1,16,0,10.03
1,98,4,1,2,4,16,0,6.33
1,14,7,1,8,64,1,0,6.32
1,8,1,7,112,8,1,0,7.35
1,1,28,8,1,16,14,0,7.01
1,1,7,32,7,32,1,0,11.52
1,7,2,16,4,28,2,0,6.78
1,1,196,2,1,16,8,0,2.58
1,14,1,16,7,1,32,0,10.52
1,7,7,8,1,32,4,0,2.27
1,1,1,49,128,8,1,0,6.36
1,7,56,1,8,2,8,0,6.17
1,1,8,49,4,8,4,0,4.67
1,2,49,8,8,1,8,0,2.28
1,49,2,2,4,16,4,0,6.02
1,7,2,16,4,1,56,0,8.61
1,2,8,7,14,4,8,0,9.69
1,14,2,2,64,2,7,0,9.94
1,32,49,1,1,4,8,0,7.13
1,28,2,4,8,4,7,0,10.36
1,2,2,14,32,4,7,0,9.76
1,7,4,4,7,1,64,0,9.72
1,1,32,7,8,7,4,0,11.63
0,1,16,49,8,4,2,0,25.16
1,1,2,56,4,4,28,0,9.28
1,14,2,2,8,112,1,0,9.57
1,1,8,7,7,64,2,0,9.96
1,4,7,8,1,8,28,0,10.5
1,28,28,1,16,2,2,0,3.09
1,7,1,7,64,8,2,0,6.43
1,7,28,1,1,16,16,0,7.56
1,14,7,1,8,32,2,0,6.44
1,8,49,1,1,2,64,0,3.39
1,196,4,1,2,32,1,0,3.47
1,7,8,1,7,128,1,0,9.46
1,7,7,1,4,8,32,0,6.26
1,14,1,7,128,1,4,0,6.25
1,2,28,7,2,8,8,0,6.06
1,14,4,28,1,16,2,0,0.47
1,4,2,49,2,2,32,0,5.66
1,56,14,1,16,4,1,0,1.62
1,4,1,28,56,1,8,0,9.75
1,14,7,8,1,32,2,0,2.68
1,4,98,2,1,16,4,0,1.98
1,56,2,2,1,8,28,0,8.94
1,28,2,14,4,1,16,0,2.59
0,7,2,28,2,4,16,0,28.91
1,1,196,8,2,1,16,0,0.46
1,1,49,2,512,1,1,0,6.27
1,2,4,7,1,32,28,0,9.59
1,56,1,1,64,1,14,0,9.94
1,2,196,1,4,1,32,0,5.95
1,7,14,1,8,64,1,0,6.21
1,8,28,1,7,32,1,0,10.45
1,2,4,7,28,32,1,0,10.06
1,98,2,1,32,1,8,0,6.01
1,7,8,1,448,1,2,0,9.79
1,1,49,4,4,16,4,0,5.95
1,2,7,16,56,1,4,0,9.91
1,2,4,7,8,56,2,0,9.85
1,2,8,7,32,7,2,0,9.61
1,1,2,28,224,2,2,0,9.99
1,56,2,1,2,28,8,0,9.71
1,112,1,14,16,2,1,0,0.42
1,4,49,1,4,2,32,0,6.09
1,7,8,14,2,4,8,0,1.76
1,49,2,4,64,1,2,0,3.48
1,7,1,8,1,224,4,0,9.94
1,7,14,2,128,2,1,0,5.94
1,1,7,8,56,1,16,0,9.82
1,1,32,49,1,2,16,0,0.48
1,1,4,392,2,8,2,0,0.37
1,7,32,1,16,1,14,0,11.69
0,7,16,2,2,112,1,0,30.34
1,1,784,2,4,2,4,0,0.64
1,28,2,1,28,1,32,0,9.94
1,7,32,1,32,7,1,0,10.28
1,7,56,1,2,32,2,0,4.83
0,2,1,196,1,8,16,0,28.93
0,1,1,112,448,1,1,0,29.58
1,7,14,2,32,1,8,0,6.09
1,2,56,2,1,28,8,0,8.9
1,49,8,4,4,8,1,0,0.63
1,7,7,2,4,128,1,0,6.42
1,56,4,1,4,28,2,0,10.36
1,2,2,49,16,2,8,0,6.02
1,28,1,4,1,448,1,0,9.84
1,4,98,1,32,1,4,0,4.78
1,2,2,196,64,1,1,0,1.99
1,2,7,28,2,16,4,0,4.78
1,7,112,1,4,2,8,0,2.2
1,56,7,2,2,32,1,0,2.32
1,4,49,8,1,32,1,0,0.55
1,56,14,2,4,1,8,0,0.39
1,1,98,8,8,2,4,0,2.21
1,1,7,8,7,4,32,0,10.15
0,28,4,1,8,4,14,0,28.91
1,2,1,28,16,2,28,0,16.5
1,2,56,2,56,4,1,0,8.75
1,2,7,16,7,32,1,0,4.95
1,56,1,4,2,2,56,0,11.63
1,4,28,2,1,112,2,0,8.63
1,4,14,2,16,28,1,0,9.75
1,1,224,7,4,1,8,0,0.31
1,2,4,196,2,4,4,0,0.57
1,4,14,7,8,16,1,0,6.08
1,196,2,2,4,4,4,0,2.24
1,1,1,56,1,28,32,0,9.77
0,14,1,14,1,128,2,0,30.23
0,16,7,1,8,7,8,0,29.01
0,7,8,2,8,4,14,0,29.52
1,7,8,1,28,1,32,0,9.73
1,7,4,28,8,1,8,0,1.9
1,8,28,7,16,1,2,0,0.55
1,28,4,2,14,16,1,0,7.14
1,8,1,14,32,14,1,0,4.78
0,2,28,2,16,28,1,0,29.86
1,2,4,14,2,32,7,0,9.59
1,196,1,1,16,8,2,0,6.01
1,224,1,1,4,28,2,0,11.42
1,1,49,1,4,16,16,0,6.39
1,1,2,196,4,16,2,0,4.74
1,7,1,28,1,32,8,0,6.2
1,1,2,112,14,8,2,0,11.61
1,8,4,7,8,14,2,0,4.69
1,28,7,8,1,2,16,0,0.69
1,1,56,4,1,4,56,0,11.59
1,1,7,7,4,16,16,0,6.35
1,49,8,4,2,1,16,0,0.44
1,28,4,2,1,14,16,0,11.15
1,14,1,56,2,8,4,0,2.51
1,4,28,2,7,4,8,0,6.9
1,196,1,1,64,2,2,0,6.07
1,2,2,14,32,7,4,0,9.94
0,49,1,2,2,256,1,0,32.06
1,56,1,1,28,8,4,0,9.91
1,1,4,56,32,1,7,0,4.59
1,1,8,49,2,1,64,0,4.18
1,28,2,4,8,2,14,0,10.35
1,4,49,1,2,2,64,0,5.79
1,2,7,112,8,2,2,0,0.38
1,7,7,1,1,16,64,0,18.23
1,56,1,7,4,4,8,0,6.26
1,98,2,1,2,8,16,0,6.02
1,8,2,98,1,32,1,0,0.38
0,28,7,2,16,1,8,0,29.82
1,8,1,196,8,1,4,0,0.42
1,49,1,1,128,1,8,0,6.35
1,28,2,1,224,4,1,0,9.88
1,1,7,8,2,7,64,0,9.71
1,16,7,1,8,2,28,0,9.49
0,14,4,1,56,1,16,0,31.04
0,14,2,14,1,128,1,0,30.22
1,28,1,14,2,4,16,0,6.0
1,7,4,28,4,4,4,0,1.5
1,2,7,16,1,8,28,0,4.55
0,7,2,7,32,8,2,0,31.43
1,7,4,4,8,8,7,0,9.45
1,1,14,4,2,64,7,0,10.04
1,4,28,2,28,4,2,0,6.78
1,1,56,7,4,8,4,0,4.79
1,4,1,28,14,4,8,0,9.73
1,1,8,14,16,14,2,0,9.58
1,8,7,1,7,64,2,0,7.45
1,14,2,4,1,28,16,0,9.42
1,2,49,1,8,64,1,0,6.12
1,1,4,98,2,4,16,0,4.8
1,8,2,7,8,28,2,0,9.6
1,1,56,28,1,32,1,0,0.33
1,196,2,2,1,1,64,0,1.78
1,7,28,2,4,4,8,0,4.89
1,8,1,196,4,4,2,0,0.43
1,7,1,16,64,1,7,0,9.65
1,2,1,112,4,14,4,0,8.87
1,7,8,2,28,1,16,0,9.69
1,7,2,8,112,2,2,0,9.57
1,2,2,14,16,4,14,0,9.78
1,4,2,7,14,1,64,0,9.79
1,1,196,1,1,128,2,0,3.08
0,7,2,4,16,4,14,0,30.05
1,1,16,49,2,8,4,0,3.68
1,14,8,1,2,7,32,0,9.65
1,1,224,7,16,2,1,0,0.48
1,56,28,1,2,8,2,0,0.6
1,1,56,4,112,1,2,0,8.62
1,2,392,1,2,1,32,0,1.86
1,2,4,98,4,4,4,0,2.33
1,7,1,28,32,4,2,0,6.02
1,7,14,1,128,4,1,0,6.29
1,2,1,28,16,8,7,0,10.99
1,112,1,1,4,56,2,0,9.58
0,2,98,4,16,1,4,0,26.01
1,1,16,49,64,1,1,0,1.02
1,56,7,1,2,64,1,0,3.81
1,7,8,1,1,112,8,0,22.26
1,1,32,7,7,1,32,0,7.08
1,224,1,1,8,7,4,0,11.45
1,49,8,4,1,2,16,0,0.56
0,7,16,1,16,14,2,0,28.28
1,224,7,1,1,2,16,0,1.52
1,14,4,1,112,8,1,0,9.91
0,1,7,16,14,32,1,0,30.34
1,28,2,28,1,16,2,0,0.55
1,7,2,4,14,64,1,0,9.48
1,8,14,7,8,2,4,0,1.47
1,8,7,28,1,8,4,0,0.44
1,1,14,7,2,64,4,0,6.47
1,2,1,28,28,16,2,0,9.86
0,7,16,1,7,1,64,0,30.02
0,2,16,7,2,56,2,0,30.18
1,14,7,8,2,1,32,0,2.68
1,1,49,2,4,8,16,0,6.28
1,4,1,28,56,8,1,0,9.62
1,1,2,28,2,8,56,0,9.91
1,224,1,1,1,4,56,0,10.09
0,32,1,7,14,8,2,0,30.19
1,28,1,7,1,32,8,0,6.05
1,7,2,112,2,1,16,0,0.54
1,1,112,2,7,2,16,0,11.32
0,4,98,2,1,32,2,0,25.39
1,1,4,14,4,224,1,0,9.9
1,2,4,7,8,28,4,0,9.94
1,2,4,28,2,7,16,0,6.87
1,1,1,112,16,7,4,0,9.62
1,28,1,2,8,112,1,0,9.89
1,1,4,14,1,14,64,0,10.02
1,4,1,392,1,32,1,0,0.45
1,2,28,2,14,8,4,0,9.8
1,1,2,392,2,32,1,0,8.78
1,1,7,56,2,32,2,0,2.44
1,14,16,1,2,16,7,0,11.31
1,98,1,2,2,4,32,0,5.97
1,1,7,14,64,4,2,0,6.35
0,2,2,196,2,4,8,0,25.77
1,7,16,2,2,7,16,0,7.0
1,4,14,1,8,4,28,0,9.85
1,56,4,1,28,2,4,0,4.53
1,7,28,2,2,32,2,0,4.67
1,4,28,1,2,224,1,0,9.38
1,1,32,7,16,14,1,0,8.89
1,98,2,4,1,32,2,0,2.11
1,8,7,1,28,8,4,0,9.91
1,7,16,1,4,56,2,0,9.86
1,2,4,7,64,2,7,0,10.13
1,1,7,8,56,4,4,0,10.2
1,1,112,2,7,4,8,0,4.79
1,1,784,1,2,16,2,0,2.06
1,4,28,2,4,28,2,0,5.09
1,4,49,8,1,4,8,0,0.28
1,2,56,1,56,2,4,0,9.73
1,2,7,4,112,1,8,0,10.13
1,1,14,4,4,4,56,0,9.81
1,1,4,14,14,1,64,0,10.1
1,7,8,1,64,1,14,0,9.99
0,56,7,2,4,2,8,0,26.12
1,14,4,2,1,8,56,0,9.65
1,4,4,7,4,2,56,0,9.57
1,7,7,8,1,2,64,0,6.12
1,1,49,8,8,2,8,0,4.75
1,1,2,196,2,16,4,0,2.22
1,1,1,56,4,8,28,0,9.98
1,16,1,7,1,56,8,0,9.66
1,4,7,4,2,28,8,0,9.78
1,4,1,196,32,1,2,0,3.68
0,1,2,784,8,2,2,0,18.9
1,8,49,4,4,4,2,0,0.5
1,7,8,7,16,8,1,0,6.18
0,4,56,1,4,2,28,0,30.21
0,7,1,8,1,56,16,0,29.84
1,7,28,4,1,8,8,0,2.22
1,14,8,1,28,1,16,0,8.89
1,16,1,49,1,16,4,0,2.54
1,49,8,1,8,4,4,0,2.29
1,7,2,16,16,7,2,0,8.74
1,1,98,16,4,4,2,0,0.55
1,2,49,4,1,16,8,0,6.24
1,1,4,98,1,32,4,0,2.45
0,224,1,1,4,7,8,0,30.41
1,7,16,1,4,4,28,0,9.62
1,49,8,4,2,4,4,0,0.36
1,7,16,2,16,2,7,0,7.15
1,1,392,1,4,4,8,0,6.15
1,14,2,56,1,1,32,0,0.41
1,16,49,2,4,2,4,0,0.65
1,28,1,2,1,14,64,0,10.04
0,1,2,56,7,8,8,0,28.73
1,7,8,7,1,128,1,0,4.76
1,28,4,7,8,2,4,0,1.66
0,4,49,1,2,32,4,0,29.69
0,4,7,4,1,7,64,0,29.61
0,2,7,14,2,8,16,0,30.59
1,1,8,7,16,1,56,0,9.97
1,98,2,4,2,16,2,0,3.19
1,28,1,28,8,8,1,0,2.52
1,1,28,4,28,1,16,0,9.55
1,4,14,7,32,2,2,0,3.44
0,4,56,7,2,2,8,0,19.97
1,16,98,1,16,1,2,0,0.32
1,16,1,7,8,8,7,0,9.73
1,28,8,1,4,28,2,0,4.52
1,2,2,28,4,8,14,0,9.69
1,2,1,28,8,2,56,0,9.93
1,1,8,14,16,7,4,0,9.62
1,56,1,4,8,28,1,0,8.77
1,4,2,7,14,64,1,0,9.63
1,4,7,4,16,1,28,0,9.66
1,7,4,8,4,56,1,0,4.04
1,2,7,4,2,14,32,0,9.79
1,2,14,2,16,28,2,0,9.9
1,1,4,14,56,1,16,0,9.83
1,2,49,2,1,256,1,0,6.04
1,2,4,14,56,2,4,0,9.57
1,7,8,28,1,8,4,0,0.46
0,7,8,4,14,4,4,0,29.87
1,1,4,56,28,4,2,0,4.93
1,4,4,49,16,2,2,0,1.97
1,1,7,32,28,2,4,0,6.9
1,28,2,14,16,4,1,0,2.17
1,8,1,14,2,56,4,0,9.66
1,7,4,4,14,16,2,0,9.72
0,4,14,1,28,1,32,0,30.69
1,2,14,2,32,4,7,0,10.01
1,28,4,1,2,4,56,0,9.63
1,1,7,7,64,8,2,0,6.5
1,7,56,1,2,2,32,0,2.61
1,14,1,28,2,4,16,0,4.79
1,2,7,8,2,28,8,0,9.35
1,28,7,1,8,2,16,0,5.92
1,1,14,28,32,2,2,0,4.88
1,1,16,14,14,4,4,0,10.57
1,56,1,1,14,1,64,0,10.3
1,8,7,4,2,28,4,0,10.46
1,98,2,1,16,2,8,0,6.04
1,784,2,1,32,1,1,0,0.35
1,1,8,28,28,2,4,0,9.91
0,112,2,7,4,4,2,0,19.45
0,2,8,7,2,224,1,0,30.61
0,7,28,2,2,8,8,0,30.19
1,4,1,14,128,7,1,0,9.78
1,1,4,14,28,1,32,0,10.02
1,7,4,14,4,2,16,0,6.16
1,7,8,1,4,4,56,0,6.85
1,1,56,4,1,14,16,0,4.7
0,16,1,14,4,2,28,0,29.75
1,4,28,1,8,14,4,0,9.58
0,2,2,14,16,28,2,0,30.55
1,1,7,8,8,112,1,0,9.86
1,4,7,8,2,2,56,0,8.66
1,16,14,1,16,14,1,0,7.01
1,8,28,1,2,7,16,0,6.76
1,4,28,7,32,2,1,0,2.09
1,56,14,1,4,16,1,0,4.78
1,1,4,56,8,7,4,0,10.43
1,2,2,392,8,4,1,0,0.53
1,1,49,1,1,1024,1,0,6.59
1,98,1,1,256,1,2,0,6.29
1,2,1,392,1,16,4,0,1.91
1,1,28,8,1,7,32,0,8.56
1,4,1,49,2,8,16,0,5.92
1,7,28,4,8,8,1,0,4.78
1,7,2,8,7,8,8,0,9.56
1,4,196,2,8,1,4,0,0.72
1,2,7,14,8,4,8,0,3.21
0,1,49,16,1,16,4,0,25.61
1,4,7,4,8,7,8,0,9.58
1,28,4,2,1,28,8,0,10.81
0,14,2,8,14,8,2,0,30.28
1,1,2,49,16,4,8,0,6.51
1,28,7,1,32,1,8,0,6.1
1,7,16,2,2,112,1,0,8.75
1,1,2,28,8,2,56,0,9.94
1,196,1,1,16,4,4,0,6.06
1,1,2,28,1,56,16,0,9.91
1,1,98,1,4,64,2,0,6.39
1,2,28,4,2,16,7,0,8.49
1,56,1,1,28,4,8,0,10.04
1,2,1,784,2,2,8,0,0.66
1,7,1,14,8,1,64,0,6.36
1,16,1,7,1,7,64,0,9.67
1,2,14,8,16,7,2,0,8.57
1,28,1,28,8,2,4,0,1.9
1,28,1,4,7,16,4,0,9.68
1,4,7,4,7,64,1,0,9.73
1,4,2,14,7,4,16,0,9.72
1,4,14,2,8,8,7,0,9.57
0,56,4,1,4,8,7,0,29.46
0,4,7,28,16,1,4,0,25.88
1,14,16,1,28,4,2,0,10.36
0,392,1,4,1,8,4,0,19.66
1,392,1,1,32,2,2,0,5.79
0,98,2,1,128,2,1,0,30.18
1,196,4,2,16,2,1,0,0.53
1,1,1,98,1,512,1,0,6.14
1,1,1,224,112,2,1,0,9.73
1,196,2,2,8,2,4,0,2.32
1,28,14,2,1,1,64,0,2.39
1,7,4,4,2,4,56,0,9.6
1,8,4,7,7,8,4,0,10.86
1,8,1,7,16,2,28,0,9.84
1,7,7,32,1,16,2,0,0.31
1,14,2,7,2,16,8,0,2.99
1,98,2,1,4,8,8,0,6.08
1,7,8,2,8,56,1,0,9.64
1,8,14,7,32,2,1,0,2.08
1,1,1,49,16,2,32,0,6.25
1,2,56,7,4,2,8,0,3.39
1,1,1,56,7,64,2,0,9.98
1,2,2,56,32,7,1,0,10.25
1,49,2,4,8,2,8,0,6.11
1,2,7,7,1,8,64,0,6.57
1,2,1,28,2,32,14,0,9.86
1,14,7,8,8,8,1,0,2.51
1,1,1,1568,4,8,1,0,0.48
1,7,8,2,64,1,7,0,9.47
1,1,8,7,1,128,7,0,9.75
0,4,1,28,2,56,4,0,29.43
1,7,1,56,16,1,8,0,6.25
1,28,1,7,1,4,64,0,8.11
1,8,1,7,8,14,8,0,9.84
1,196,1,4,16,2,2,0,2.6
1,14,4,1,28,4,8,0,9.82
1,14,2,4,64,1,7,0,9.64
1,1,14,4,112,1,8,0,9.82
0,4,7,14,8,16,1,0,29.36
1,16,2,7,8,28,1,0,11.38
0,56,14,2,16,2,1,0,19.55
1,1,7,7,16,1,64,0,6.31
1,4,7,2,112,1,8,0,10.0
1,2,2,56,8,4,7,0,8.81
1,7,1,8,14,64,1,0,9.94
1,28,7,8,16,1,2,0,0.49
1,7,14,2,2,8,16,0,6.09
1,7,8,28,4,8,1,0,0.48
1,2,14,14,2,1,64,0,8.39
1,1,16,7,14,32,1,0,9.68
1,14,4,14,16,2,2,0,1.91
1,1,14,56,1,2,32,0,2.34
1,28,2,1,56,4,4,0,10.07
1,1,7,16,2,14,16,0,9.68
1,1,28,14,16,1,8,0,2.09
1,2,196,4,16,2,1,0,0.59
0,1,56,4,7,16,2,0,31.03
1,1,2,196,32,4,1,0,4.8
1,1,28,56,16,2,1,0,0.46
1,28,28,1,32,1,2,0,2.1
1,2,49,4,2,8,8,0,4.57
1,2,28,2,16,1,28,0,9.59
1,8,7,1,128,7,1,0,9.96
1,7,2,56,1,2,32,0,2.31
1,7,7,1,2,16,32,0,6.53
1,2,14,56,8,2,2,0,0.42
1,14,4,1,56,8,2,0,10.36
1,49,8,2,2,8,4,0,1.81
1,1,392,1,1,128,1,0,4.66
1,4,7,14,2,64,1,0,5.96
1,196,4,2,2,16,1,0,0.34
1,1,8,28,4,14,4,0,10.22
1,8,28,7,8,4,1,0,0.38
1,1,14,4,16,14,4,0,9.94
1,1,1,98,4,64,2,0,6.33
1,2,1,196,4,16,2,0,4.65
1,2,16,7,4,2,28,0,8.89
1,8,2,7,28,8,2,0,9.8
1,49,2,2,4,1,64,0,6.27
1,2,16,7,1,112,2,0,10.73
1,56,1,1,1,56,16,0,10.23
1,1,49,2,8,2,32,0,5.85
1,2,28,1,7,2,64,0,9.8
1,8,49,1,2,32,2,0,6.04
1,2,14,7,8,1,32,0,8.0
1,14,8,2,14,16,1,0,6.79
1,4,1,14,7,16,8,0,9.99
1,1,392,1,64,1,2,0,2.33
1,28,4,14,2,1,16,0,0.3
1,112,7,2,2,4,4,0,0.32
1,1,1,49,1,32,32,0,6.41
1,2,2,56,56,4,1,0,6.76
1,49,2,8,8,1,8,0,2.55
1,28,1,28,64,1,1,0,3.71
1,1,14,56,8,8,1,0,5.12
1,14,1,8,2,7,32,0,9.75
0,14,4,1,32,28,1,0,30.21
1,56,2,2,2,7,16,0,4.68
1,112,1,2,14,1,16,0,7.0
0,1,7,56,16,4,2,0,28.95
0,7,8,7,2,1,64,0,29.62
1,2,2,56,7,2,16,0,4.94
1,4,2,14,28,1,16,0,9.88
1,4,7,2,16,7,8,0,9.89
1,1,56,2,8,8,7,0,9.41
1,2,14,2,1,28,32,0,9.86
1,2,7,4,1,448,2,0,9.73
1,1,14,8,4,16,7,0,9.6
1,2,7,4,14,64,1,0,9.71
1,28,4,1,2,32,7,0,9.69
1,7,32,1,14,8,2,0,6.97
1,4,56,1,2,16,7,0,10.44
1,7,14,1,4,2,64,0,6.35
1,16,1,7,224,2,1,0,9.52
1,14,7,8,4,8,2,0,1.32
1,1,16,7,112,4,1,0,9.56
1,4,196,1,1,16,4,0,3.81
1,1,56,28,32,1,1,0,0.54
1,49,1,1,2,256,2,0,6.51
1,1,112,2,7,1,32,0,10.41
1,2,196,4,1,8,4,0,0.37
1,7,7,1,8,128,1,0,6.3
0,28,2,4,4,1,56,0,30.46
1,2,14,2,4,32,7,0,9.94
1,2,7,56,2,2,16,0,2.23
1,14,2,2,2,14,32,0,9.87
1,7,1,32,7,1,32,0,11.43
1,224,7,1,4,2,4,0,0.47
1,2,98,4,8,2,4,0,2.31
1,1,16,7,4,7,16,0,9.79
0,14,2,56,2,8,2,0,19.74
1,8,98,1,1,2,32,0,0.88
1,1,1,56,224,1,4,0,9.91
1,7,1,14,256,2,1,0,6.51
1,49,1,4,1,4,64,0,5.99
0,1,56,14,8,8,1,0,25.61
1,8,98,2,2,2,8,0,0.38
1,7,1,16,16,14,2,0,9.53
1,7,7,2,16,4,8,0,6.39
1,2,56,14,32,1,1,0,0.54
1,2,49,1,256,2,1,0,6.44
0,1,2,28,64,1,14,0,30.48
0,1,4,98,16,2,4,0,29.28
1,1,7,8,56,8,2,0,9.81
1,28,2,7,8,16,1,0,6.09
1,8,7,2,1,32,14,0,9.3
1,1,49,16,16,1,4,0,2.25
1,28,28,1,32,2,1,0,1.7
1,2,28,4,7,4,8,0,11.46
1,14,28,1,2,64,1,0,5.66
1,7,2,112,1,1,32,0,0.41
1,392,2,2,4,8,1,0,0.43
1,4,7,4,28,16,1,0,9.61
1,4,1,14,8,7,16,0,9.8
1,4,28,1,32,1,14,0,9.56
0,49,2,2,1,32,8,0,30.46
1,2,7,28,8,16,1,0,3.39
0,4,56,1,4,56,1,0,30.6
1,56,2,1,2,32,7,0,9.59
1,28,1,8,8,1,28,0,11.55
1,16,1,14,16,2,7,0,8.57
1,56,7,4,2,4,4,0,0.57
1,1,4,28,1,112,4,0,9.62
1,7,1,16,2,7,32,0,9.63
1,28,1,2,4,16,14,0,9.84
1,28,8,1,28,2,4,0,11.33
1,14,1,4,56,4,4,0,9.45
0,14,1,8,7,1,64,0,30.23
1,2,7,7,512,1,1,0,7.93
1,1,14,7,1,32,16,0,6.45
1,49,1,32,1,2,16,0,0.52
1,98,4,2,1,4,16,0,3.81
1,28,8,7,16,1,2,0,3.88
1,32,1,7,1,16,14,0,11.52
1,1,28,7,4,64,1,0,5.99
0,28,2,2,2,56,4,0,29.38
1,8,4,7,7,1,32,0,11.52
1,8,14,1,7,4,16,0,9.67
0,1,14,16,7,2,16,0,29.69
0,1,392,1,1,64,2,0,30.21
1,8,1,7,64,1,14,0,9.6
1,8,7,4,14,16,1,0,10.44
1,4,7,14,4,8,4,0,4.76
1,2,28,1,56,8,2,0,10.02
1,1,14,4,7,8,16,0,10.24
0,4,1,14,64,7,2,0,30.27
1,4,14,2,14,1,32,0,9.57
1,1,1,224,32,7,1,0,10.47
1,1,28,4,7,64,1,0,9.65
1,8,7,7,4,8,4,0,4.34
1,1,2,28,7,4,32,0,9.98
1,7,4,14,4,4,8,0,5.05
1,56,2,1,2,14,16,0,9.64
1,4,8,49,8,2,2,0,0.44
1,14,7,4,4,8,4,0,6.3
1,14,14,1,64,1,4,0,6.06
1,1,49,32,4,2,4,0,0.54
1,7,8,14,2,16,2,0,2.0
1,2,7,28,2,64,1,0,5.81
1,7,4,7,8,1,32,0,5.95
1,49,8,4,16,1,2,0,0.62
1,1,32,7,14,16,1,0,8.65
1,2,4,14,1,14,32,0,9.77
1,28,4,1,28,2,8,0,9.77
1,7,4,2,16,14,4,0,10.1
1,7,1,28,8,4,8,0,6.16
1,7,2,7,4,32,4,0,6.34
1,1,4,14,2,14,32,0,9.64
1,4,14,1,224,4,1,0,9.87
1,1,14,56,2,4,8,0,2.09
1,8,1,7,112,4,2,0,10.03
1,8,7,2,16,1,28,0,9.61
1,4,49,2,32,2,2,0,5.96
1,2,8,49,2,32,1,0,2.09
1,196,2,1,128,1,1,0,3.43
1,2,7,112,4,1,8,0,0.57
1,14,8,14,1,16,2,0,0.28
1,7,28,2,4,1,32,0,2.16
1,14,4,2,8,1,56,0,9.63
1,2,4,7,16,4,14,0,9.87
1,16,7,1,8,28,2,0,9.77
1,14,1,56,64,1,1,0,2.01
1,4,7,4,32,2,7,0,9.6
1,32,1,49,1,8,4,0,0.41
1,1,56,2,64,1,7,0,9.7
1,2,4,98,2,2,16,0,2.54
1,1,98,8,2,4,8,0,1.46
1,7,8,14,4,8,2,0,1.79
1,7,1,16,224,1,2,0,9.67
1,2,2,14,1,224,4,0,9.92
1,2,14,4,112,4,1,0,9.61
1,14,8,2,4,1,56,0,8.65
1,8,7,4,8,2,14,0,4.8
0,2,56,7,2,16,2,0,25.62
1,7,8,2,112,4,1,0,9.56
1,1,28,14,4,4,8,0,3.36
1,7,16,2,2,8,14,0,3.77
1,56,2,2,2,28,4,0,10.41
1,8,2,49,4,4,4,0,2.13
1,4,28,14,8,1,4,0,0.41
1,1,7,224,4,4,2,0,0.52
1,196,4,1,4,4,4,0,1.87
1,14,7,2,2,32,4,0,5.94
1,112,1,7,1,16,4,0,2.05
1,14,1,8,448,1,1,0,9.6
1,14,2,2,7,32,4,0,9.89
1,1,49,8,2,8,8,0,3.35
1,1,7,56,1,2,64,0,4.66
1,14,1,4,1,112,8,0,9.84
1,2,7,7,64,1,8,0,6.39
1,1,1,56,4,4,56,0,9.56
1,4,1,28,112,2,2,0,9.7
1,2,8,49,1,64,1,0,2.02
1,1,4,14,1,32,28,0,9.96
1,1,98,1,1,256,2,0,6.31
1,56,7,2,64,1,1,0,2.17
1,14,4,7,1,16,8,0,4.89
1,8,4,7,8,1,28,0,11.41
1,1,56,2,112,1,4,0,9.73
1,32,7,1,32,1,7,0,11.52
1,14,28,4,2,16,1,0,0.37
1,1,2,28,1,32,28,0,9.78
1,4,4,7,1,16,28,0,9.27
1,7,16,1,8,1,56,0,9.63
1,16,2,7,7,2,16,0,8.74
1,28,1,8,56,1,4,0,11.48
1,49,1,1,2,32,16,0,6.25
1,8,1,7,4,28,8,0,9.96
1,7,1,112,2,16,2,0,2.93
1,14,8,2,28,8,1,0,8.64
1,16,7,2,7,4,8,0,10.38
1,49,2,8,4,2,8,0,1.95
1,8,1,7,8,56,2,0,9.85
1,7,2,4,14,4,16,0,9.95
1,8,4,7,8,28,1,0,11.56
1,4,14,4,16,1,14,0,10.39
1,1,14,4,8,8,14,0,9.82
1,4,7,2,2,112,4,0,9.97
1,4,14,14,1,16,4,0,2.13
1,2,49,8,4,8,2,0,2.46
1,4,196,2,16,1,2,0,0.6
1,1,16,7,4,112,1,0,9.6
1,2,1,112,1,7,32,0,4.79
1,1,8,49,16,2,4,0,6.06
1,2,2,392,1,8,4,0,0.83
1,112,1,2,2,56,2,0,7.08
1,28,8,7,4,2,4,0,0.52
1,2,4,98,2,16,2,0,1.92
1,7,4,14,8,8,2,0,5.99
1,49,1,2,256,2,1,0,6.41
1,28,4,1,8,56,1,0,9.56
1,28,1,7,8,1,32,0,5.95
1,4,14,2,16,7,4,0,9.6
1,7,1,16,14,8,4,0,9.26
1,112,2,1,16,14,1,0,10.33
1,7,2,56,8,8,1,0,4.88
1,2,1,28,7,8,16,0,9.89
0,49,1,32,16,1,2,0,19.87
1,1,2,28,1,16,56,0,9.96
1,7,7,1,2,32,16,0,5.85
1,7,4,2,4,7,32,0,7.59
1,1,7,16,4,112,1,0,9.16
1,14,1,4,2,56,8,0,9.96
0,2,1,28,224,2,2,0,30.65
1,49,2,4,1,64,2,0,3.49
1,2,2,196,4,4,4,0,2.12
1,7,28,2,8,8,2,0,4.81
1,1,1,196,8,1,32,0,6.13
0,49,4,2,16,1,8,0,29.83
1,32,7,1,224,1,1,0,10.28
1,1,14,16,2,28,4,0,10.12
1,2,1,28,4,14,16,0,9.59
1,4,8,7,28,8,1,0,10.36
1,14,2,2,32,28,1,0,9.92
1,14,4,4,7,32,1,0,7.11
1,4,2,28,4,4,14,0,6.81
1,1,16,7,16,14,2,0,9.47
1,14,7,1,2,128,2,0,6.51
1,1,56,1,112,4,2,0,10.05
1,28,1,14,2,16,4,0,6.11
1,1,16,14,1,112,2,0,11.58
1,196,4,1,4,16,1,0,3.11
1,2,7,4,2,32,14,0,9.86
1,7,8,4,7,32,1,0,8.8
1,49,8,4,8,2,2,0,0.39
1,7,1,8,4,7,32,0,9.92
1,1,112,2,224,1,1,0,6.94
1,4,7,28,16,4,1,0,1.76
1,8,7,2,2,4,56,0,9.76
0,4,4,7,2,16,14,0,30.19
1,7,2,14,8,16,2,0,5.92
0,1,49,2,512,1,1,0,32.0
1,16,7,2,7,2,16,0,6.73
1,4,196,2,32,1,1,0,0.37
1,14,8,2,7,2,16,0,8.67
1,1,2,56,4,7,16,0,9.74
1,7,1,7,2,8,64,0,6.5
1,8,28,7,1,2,16,0,0.4
1,1,1,98,2,16,16,0,5.85
1,28,1,28,2,4,8,0,1.54
1,2,56,1,1,14,32,0,6.22
1,7,7,32,4,8,1,0,0.65
1,1,8,49,32,1,4,0,2.59
1,28,1,2,1,448,2,0,9.92
1,392,1,2,1,1,64,0,2.03
1,1,49,16,2,4,8,0,2.42
1,7,1,14,4,4,32,0,6.35
1,1,14,8,1,32,14,0,9.56
1,392,1,2,2,8,4,0,2.14
1,8,7,1,32,28,1,0,9.6
1,2,7,8,8,28,2,0,9.25
1,1,28,2,28,1,32,0,9.93
1,2,4,14,1,7,64,0,9.67
0,1,7,32,1,28,8,0,30.31
1,1,14,14,64,2,2,0,6.28
0,112,7,1,8,4,2,0,25.89
1,1,7,16,7,4,16,0,9.62
0,7,7,2,4,128,1,0,31.37
1,1,2,112,14,4,4,0,11.44
1,1,49,8,2,64,1,0,5.99
1,28,4,2,16,2,7,0,10.31
1,56,1,7,4,2,16,0,6.1
1,14,14,4,64,1,1,0,2.4
1,1,196,8,2,2,8,0,0.5
1,2,14,7,2,64,2,0,6.01
1,1,8,14,1,8,56,0,9.7
1,49,1,4,1,128,2,0,6.02
1,2,4,14,8,2,28,0,9.6
0,224,1,1,28,4,2,0,30.82
0,14,1,4,1,224,4,0,30.2
0,28,4,2,14,16,1,0,30.64
1,16,2,7,28,2,4,0,8.8
1,4,14,7,1,2,64,0,3.38
1,2,7,4,64,2,7,0,9.77
1,2,28,4,7,8,4,0,11.58
1,28,4,2,1,32,7,0,11.48
0,1,32,49,2,4,4,0,19.64
1,56,1,1,4,14,16,0,9.98
1,14,1,16,32,7,1,0,8.66
1,14,2,28,8,1,8,0,1.93
1,8,2,98,1,1,32,0,0.56
1,16,7,1,56,8,1,0,9.17
1,1,16,7,28,4,4,0,9.25
1,4,1,14,32,7,4,0,9.8
1,14,4,1,14,8,8,0,9.29
1,7,1,16,1,224,2,0,9.58
1,49,4,4,2,1,32,0,1.72
1,4,14,28,1,2,16,0,0.33
1,1,56,4,14,16,1,0,6.82
1,2,28,1,7,64,2,0,9.78
1,28,2,2,14,16,2,0,9.37
1,14,2,7,2,64,2,0,6.07
1,7,8,7,8,4,4,0,4.76
1,32,7,1,1,28,8,0,9.81
1,1,2,28,1,28,32,0,9.86
1,1,14,4,1,64,14,0,9.94
1,1,2,49,2,128,2,0,6.44
1,8,7,7,32,4,1,0,6.29
1,4,4,7,1,8,56,0,9.69
1,14,2,4,2,8,28,0,9.7
1,1,8,7,112,2,4,0,9.89
0,7,4,8,1,16,14,0,29.53
1,1,1,392,4,16,2,0,4.99
0,2,2,49,1,4,64,0,30.01
0,4,14,2,14,16,2,0,29.89
1,16,1,98,1,16,2,0,0.72
1,14,2,4,448,1,1,0,9.78
1,196,8,1,1,1,32,0,0.54
0,28,14,1,1,8,16,0,29.58
0,8,1,14,2,28,8,0,29.06
1,8,98,2,4,4,2,0,0.43
1,4,2,7,16,28,2,0,9.87
0,1,196,1,16,8,2,0,29.53
1,49,32,1,32,1,1,0,0.3
1,2,14,8,28,4,2,0,10.41
1,1,7,7,128,8,1,0,6.37
1,98,2,8,1,1,32,0,0.57
1,98,8,1,2,8,4,0,3.48
1,1,2,56,2,7,32,0,10.64
1,1,28,28,4,16,1,0,2.21
1,14,8,1,28,16,1,0,9.61
1,7,8,7,64,2,1,0,6.01
1,14,4,1,28,2,16,0,11.0
1,2,1,196,16,2,4,0,4.66
1,28,14,4,32,1,1,0,0.61
1,49,1,1,1,128,8,0,6.32
0,16,7,2,7,16,2,0,30.66
1,4,1,196,4,8,2,0,2.18
1,56,1,4,28,8,1,0,8.84
1,16,1,7,28,8,2,0,9.58
1,28,28,1,1,1,64,0,1.94
1,98,1,4,1,32,4,0,6.15
1,1,224,1,8,14,2,0,6.54
1,8,1,7,14,32,2,0,9.94
1,1,1,1568,4,2,4,0,0.45
1,14,4,1,2,28,16,0,9.76
1,1,224,1,14,4,4,0,6.81
1,7,8,7,4,1,32,0,6.15
0,8,1,49,2,2,32,0,29.86
1,1,196,1,2,128,1,0,5.84
1,14,4,2,4,7,16,0,9.64
1,1,28,2,56,2,8,0,9.8
0,2,14,4,112,1,4,0,30.05
1,98,2,2,4,2,16,0,4.55
1,28,4,7,1,64,1,0,2.47
1,4,28,7,1,4,16,0,2.25
1,16,1,7,4,14,8,0,9.75
1,56,2,7,16,4,1,0,2.2
0,49,8,2,1,2,32,0,25.03
1,392,1,1,4,16,2,0,3.48
1,16,1,98,2,8,2,0,0.47
1,7,14,8,1,4,16,0,2.4
1,4,14,4,1,14,16,0,8.31
1,4,1,392,2,4,4,0,0.52
1,2,1,56,14,8,4,0,9.63
1,2,1,392,4,16,1,0,2.18
1,224,7,1,1,8,4,0,7.19
1,1,14,16,1,112,2,0,11.5
1,14,16,1,8,14,2,0,8.76
0,2,14,7,8,16,2,0,30.52
1,7,8,28,8,2,2,0,0.46
1,1,1,98,2,4,64,0,6.55
1,8,7,2,56,4,2,0,9.56
1,7,1,14,64,4,2,0,6.24
1,14,1,16,1,28,8,0,10.24
0,7,4,28,4,4,4,0,26.17
1,32,1,7,2,2,56,0,8.17
1,1,14,16,2,56,2,0,3.94
1,4,28,1,32,14,1,0,9.65
1,8,4,7,8,2,14,0,10.5
1,2,7,7,256,2,1,0,6.16
1,28,7,4,2,1,32,0,2.72
1,392,1,2,2,2,16,0,1.99
1,4,56,7,2,1,16,0,0.38
1,7,2,56,4,4,4,0,1.05
1,1,112,1,16,28,1,0,9.65
0,2,49,4,2,2,32,0,29.81
0,2,196,4,32,1,1,0,20.35
1,1,2,49,128,4,1,0,6.45
0,7,8,4,4,1,56,0,30.64
1,7,16,1,16,4,7,0,9.61
1,8,1,28,2,14,8,0,11.39
1,7,1,32,56,1,4,0,10.27
1,7,1,8,8,112,1,0,9.78
1,196,1,2,8,8,2,0,4.76
1,28,14,2,16,4,1,0,2.17
1,2,14,14,1,8,16,0,6.01
1,784,1,1,16,1,4,0,1.82
1,1,49,2,4,64,2,0,6.29
1,28,7,1,2,64,2,0,6.12
1,8,14,7,32,1,2,0,1.97
1,14,1,16,2,16,7,0,11.6
1,28,4,2,2,112,1,0,8.64
1,8,98,1,16,1,4,0,1.91
1,56,1,4,56,1,4,0,11.4
1,1,1,112,7,32,2,0,9.66
1,1,196,2,4,16,2,0,6.03
1,8,4,7,2,112,1,0,11.5
1,98,1,16,2,1,16,0,0.44
1,28,1,4,32,2,7,0,9.7
1,28,2,14,16,1,4,0,2.4
1,14,8,1,8,1,56,0,9.34
1,7,16,2,7,32,1,0,11.61
1,8,1,28,4,28,2,0,10.76
1,1,8,14,1,16,28,0,9.75
0,1,224,1,1,224,1,0,30.29
1,8,14,2,16,7,2,0,6.98
0,2,16,7,16,1,14,0,30.39
1,1,4,28,2,224,1,0,9.49
1,1,28,2,224,2,2,0,10.05
0,14,2,2,7,64,2,0,30.2
1,7,4,4,56,4,2,0,9.91
1,8,7,28,1,16,2,0,0.41
1,28,7,1,8,32,1,0,4.95
1,14,7,1,16,16,2,0,6.72
1,4,98,1,2,4,16,0,3.49
1,7,8,4,2,16,7,0,10.36
1,8,28,1,4,7,8,0,6.9
1,4,56,1,1,16,14,0,6.95
1,56,1,1,7,32,4,0,9.97
1,196,2,1,1,4,32,0,5.12
0,7,7,1,128,2,4,0,34.51
1,1,112,1,2,112,2,0,9.74
1,7,4,14,8,1,16,0,6.17
1,112,1,1,4,2,56,0,9.71
1,28,4,1,1,112,4,0,19.09
1,14,2,2,2,32,14,0,9.94
0,4,1,392,1,32,1,0,19.57
1,56,1,4,7,2,16,0,8.83
1,2,7,56,4,1,16,0,2.42
1,4,2,7,16,4,14,0,9.61
1,1,98,1,2,64,4,0,6.31
0,28,4,1,1,14,32,0,29.8
1,2,2,196,2,4,8,0,1.62
1,14,4,2,14,16,2,0,9.76
1,7,32,1,2,56,2,0,7.1
1,2,28,14,1,32,2,0,2.08
1,7,4,8,8,28,1,0,6.96
1,1,784,1,64,1,1,0,1.86
0,49,4,8,2,8,2,0,19.69
1,4,1,56,1,7,32,0,7.05
1,8,28,1,4,4,14,0,4.98
1,2,2,56,2,4,28,0,4.5
1,1,2,28,896,1,1,0,9.77
1,4,2,28,16,2,7,0,11.4
1,14,14,4,1,4,16,0,2.13
1,14,1,112,4,4,2,0,0.53
1,8,196,1,1,32,1,0,0.48
1,28,8,1,1,112,2,0,5.32
1,28,14,1,1,4,32,0,6.03
1,8,7,28,4,4,2,0,0.54
1,7,7,2,32,1,16,0,6.3
0,14,1,8,4,16,7,0,29.44
1,1,392,4,32,1,1,0,2.51
1,4,28,14,1,1,32,0,0.34
1,4,28,1,4,28,4,0,9.71
1,49,1,1,32,16,2,0,6.37
1,14,16,1,4,56,1,0,4.6
1,7,1,8,128,7,1,0,9.97
1,14,4,1,8,14,8,0,10.14
1,2,98,8,1,32,1,0,0.53
1,2,98,4,1,64,1,0,1.76
0,4,4,7,7,4,16,0,29.64
0,8,7,2,14,16,2,0,29.95
1,28,1,2,112,1,8,0,10.01
1,4,28,2,4,4,14,0,10.3
0,49,8,4,2,4,4,0,19.38
1,28,4,2,2,4,28,0,11.2
1,4,14,1,14,64,1,0,10.08
1,1,8,7,7,128,1,0,10.07
1,7,2,4,56,8,2,0,10.29
1,7,8,4,14,8,2,0,9.04
1,1,1,392,2,2,32,0,6.17
1,8,7,14,1,16,4,0,2.3
0,1,2,112,4,14,4,0,29.25
1,2,16,7,56,4,1,0,10.54
1,7,4,7,4,16,4,0,6.06
1,2,49,2,4,64,1,0,6.21
1,1,7,8,32,7,4,0,6.77
1,7,1,14,4,128,1,0,6.31
0,1,1,56,8,112,1,0,30.14
1,2,392,2,8,1,4,0,0.41
1,28,1,4,56,2,4,0,9.74
1,1,7,8,7,64,2,0,9.76
1,7,2,7,32,1,16,0,6.26
1,4,4,98,1,1,32,0,0.4
1,1,32,7,7,16,2,0,10.54
1,2,392,1,4,16,1,0,1.81
1,14,7,2,4,2,32,0,6.11
1,1,28,8,28,4,2,0,6.89
1,8,1,14,224,1,2,0,9.13
0,1,14,4,1,14,64,0,30.53
1,196,2,1,2,2,32,0,6.17
1,224,1,1,16,2,7,0,10.4
1,8,7,4,8,14,2,0,8.75
0,2,28,4,7,4,8,0,30.11
1,1,196,4,4,16,1,0,1.49
1,28,14,2,1,32,2,0,1.96
1,49,4,1,2,128,1,0,6.13
1,1,112,14,4,1,8,0,0.64
1,28,8,1,2,112,1,0,9.17
1,49,4,8,8,2,2,0,0.35
0,2,56,1,14,16,2,0,28.64
1,1,196,2,1,8,16,0,2.85
0,7,4,14,2,8,8,0,29.79
0,4,49,4,16,1,4,0,25.55
1,4,2,49,2,1,64,0,5.14
1,1,8,196,2,1,16,0,0.51
0,1,1,56,56,16,1,0,30.12
1,32,7,7,2,2,8,0,0.43
1,28,1,7,32,8,1,0,5.83
1,224,1,1,4,2,28,0,11.59
1,56,2,14,2,4,4,0,0.38
1,1,1,196,8,16,2,0,5.93
1,14,14,1,1,256,1,0,5.92
1,28,1,4,56,4,2,0,9.35
1,28,14,4,8,4,1,0,0.36
1,8,1,49,1,16,8,0,7.25
1,1,112,2,14,16,1,0,7.11
1,1,28,4,14,4,8,0,9.54
1,14,1,7,4,128,1,0,6.48
1,2,56,7,8,2,4,0,2.01
1,2,112,1,14,16,1,0,11.88
1,7,16,7,2,16,2,0,1.83
1,28,2,1,4,7,32,0,9.58
1,14,8,1,1,14,32,0,6.21
1,1,112,1,7,2,32,0,10.68
1,16,1,7,8,28,2,0,9.7
1,7,16,7,2,32,1,0,2.03
1,14,16,1,2,28,4,0,11.01
1,392,2,1,4,1,16,0,2.46
1,112,7,1,2,4,8,0,1.92
1,7,8,2,1,56,8,0,9.57
1,1,14,7,8,4,16,0,6.53
1,196,4,1,1,1,64,0,1.83
1,4,14,14,2,2,16,0,1.44
1,2,4,14,7,1,64,0,9.7
1,16,14,1,4,4,14,0,10.77
1,7,28,1,4,4,16,0,6.1
1,196,2,1,16,4,2,0,6.19
1,7,16,2,7,16,2,0,12.53
1,7,16,1,56,2,4,0,10.72
1,28,1,4,4,112,1,0,9.76
1,196,1,1,8,8,4,0,6.17
1,8,28,1,8,14,2,0,11.51
1,1,98,4,32,4,1,0,4.77
1,2,4,28,56,4,1,0,9.91
1,28,1,28,2,2,16,0,2.27
1,1,14,7,16,4,8,0,6.6
1,1,4,14,128,7,1,0,10.01
1,28,1,8,7,1,32,0,6.86
1,1,112,14,4,8,1,0,0.4
1,2,7,14,16,2,8,0,5.63
1,4,2,14,28,4,4,0,9.61
1,1,49,4,2,16,8,0,6.14
1,32,1,7,14,16,1,0,8.72
1,14,1,56,2,16,2,0,3.58
1,1,98,8,4,4,4,0,2.03
1,14,4,2,14,1,32,0,9.89
1,2,56,7,32,2,1,0,2.88
1,16,98,1,8,4,1,0,0.47
1,1,7,28,1,16,16,0,5.93
1,2,16,49,1,8,4,0,0.33
1,49,1,2,1,128,4,0,6.43
1,7,16,2,2,16,7,0,8.79
1,4,49,8,8,1,4,0,0.58
1,7,56,2,8,8,1,0,3.61
1,4,2,14,2,28,8,0,9.59
0,4,7,4,56,2,4,0,29.43
1,2,14,2,32,2,14,0,9.92
1,16,14,1,4,2,28,0,11.67
1,32,49,1,8,4,1,0,0.6
1,14,7,8,16,1,4,0,2.22
1,8,14,1,8,7,8,0,9.72
1,2,1,49,4,4,32,0,6.52
1,7,8,1,16,28,2,0,9.92
1,28,1,2,448,1,2,0,9.84
1,49,1,2,128,1,4,0,6.33
1,1,7,16,4,2,56,0,9.63
1,14,1,16,1,32,7,0,4.77
1,4,2,196,16,1,2,0,0.36
1,7,7,2,16,8,4,0,6.33
1,1,14,4,4,32,7,0,9.87
1,1,28,8,8,14,2,0,4.71
1,1,7,32,7,8,4,0,10.26
1,98,1,1,16,1,32,0,6.4
1,7,1,112,2,2,16,0,2.33
1,49,1,8,8,1,16,0,6.03
1,7,1,32,2,16,7,0,4.78
1,28,4,2,1,56,4,0,6.85
1,4,7,56,32,1,1,0,0.43
0,7,28,1,2,16,8,0,29.56
1,8,49,4,1,8,4,0,0.52
1,32,7,1,56,2,2,0,8.42
1,56,2,1,64,1,7,0,9.61
1,2,1,112,8,4,7,0,6.75
1,1,196,2,4,4,8,0,6.05
1,4,4,7,112,1,4,0,9.61
1,8,98,2,2,4,4,0,0.6
1,4,14,7,4,1,32,0,4.46
1,7,2,4,4,7,32,0,9.94
1,28,2,4,16,7,2,0,6.79
1,1,112,2,14,4,4,0,8.77
1,16,7,7,4,16,1,0,2.18
1,4,1,49,16,4,4,0,6.01
1,16,7,1,1,64,7,0,15.46
1,14,2,2,8,4,28,0,9.96
1,2,28,1,1,128,7,0,22.23
0,1,2,49,16,4,8,0,30.41
1,392,4,1,16,1,2,0,0.51
1,56,2,1,16,28,1,0,9.37
1,98,1,16,4,2,4,0,0.42
1,7,4,8,8,7,4,0,8.65
1,4,14,14,16,2,2,0,2.13
1,14,8,2,1,4,56,0,4.69
1,98,1,4,2,16,4,0,4.35
1,28,2,7,1,128,1,0,6.25
1,7,1,56,64,1,2,0,5.11
1,1,7,7,4,8,32,0,6.31
1,8,28,1,1,8,28,0,9.04
1,14,1,56,1,8,8,0,1.73
1,1,1,224,28,4,2,0,8.92
1,1,784,1,4,4,4,0,3.87
1,28,4,7,2,2,16,0,2.15
1,2,14,14,2,2,32,0,4.65
1,1,1,56,32,28,1,0,9.95
1,4,2,28,2,14,8,0,11.58
1,4,7,56,2,16,1,0,0.44
0,2,16,49,1,4,8,0,19.64
1,28,1,7,32,2,4,0,3.24
1,1,28,4,1,224,2,0,9.44
1,2,14,2,1,14,64,0,9.88
1,14,28,2,1,16,4,0,2.6
1,1,7,8,32,14,2,0,9.91
1,28,4,2,8,1,28,0,10.41
1,28,7,2,16,1,8,0,6.2
1,4,7,7,16,4,4,0,6.13
1,2,49,4,1,128,1,0,4.93
1,28,7,2,4,32,1,0,4.69
1,1,49,1,32,2,16,0,6.27
1,56,1,14,2,4,8,0,2.45
1,4,28,1,14,1,32,0,9.57
0,56,1,14,1,64,1,0,26.21
0,1,14,56,8,8,1,0,26.15
1,1,56,2,28,8,2,0,9.76
1,1,14,16,8,2,14,0,11.6
1,7,7,1,1,512,2,0,9.47
1,2,4,7,4,28,8,0,10.12
1,2,1,98,8,8,4,0,3.1
0,2,7,7,16,4,8,0,31.73
1,2,8,14,7,16,2,0,10.4
1,2,28,1,1,16,56,0,22.22
1,2,196,1,2,32,2,0,4.85
1,1,4,98,1,128,1,0,4.85
0,1,32,7,1,16,14,0,30.34
1,14,14,4,2,32,1,0,2.48
1,7,8,7,2,1,64,0,6.17
0,8,7,28,2,2,8,0,19.75
1,1,49,2,1,256,2,0,6.52
1,14,14,8,1,16,2,0,0.47
1,1,56,4,2,8,14,0,11.59
1,16,7,1,1,56,8,0,15.49
1,14,8,1,56,4,2,0,9.76
0,2,7,56,2,2,16,0,25.61
1,14,4,1,4,224,1,0,9.92
1,56,14,1,32,1,2,0,2.32
0,2,112,1,2,16,7,0,29.91
0,49,1,4,8,16,2,0,30.11
1,1,98,1,64,1,8,0,6.4
1,7,32,1,4,56,1,0,10.41
1,7,8,2,4,2,56,0,9.83
1,2,14,4,112,2,2,0,9.15
1,2,7,7,1,512,1,0,6.37
1,1,14,28,1,8,16,0,5.89
1,7,8,2,14,32,1,0,9.7
1,16,7,14,1,4,8,0,0.66
1,2,7,4,4,7,32,0,6.73
1,98,1,1,32,16,1,0,6.28
1,56,1,1,112,8,1,0,9.86
1,4,14,1,4,224,1,0,9.95
0,2,4,98,8,8,1,0,26.28
1,8,1,49,2,32,2,0,2.65
1,4,1,56,7,1,32,0,10.4
1,16,2,49,4,8,1,0,0.64
1,2,16,49,16,2,1,0,0.53
1,4,7,8,224,1,1,0,6.91
1,28,2,14,8,2,4,0,2.18
1,14,1,14,8,2,16,0,5.81
1,2,7,4,32,1,28,0,9.87
1,49,8,1,16,4,2,0,2.38
1,2,1,56,224,2,1,0,9.6
0,1,1,49,64,1,16,0,34.55
1,14,2,2,64,14,1,0,10.03
1,1,49,1,32,1,32,0,6.35
0,16,7,14,8,4,1,0,19.93
1,16,2,7,1,112,2,0,11.52
1,4,2,196,2,4,4,0,0.53
1,98,1,8,1,1,64,0,1.82
0,1,28,7,4,64,1,0,31.0
0,2,49,4,1,32,4,0,29.03
1,14,1,14,1,128,2,0,6.32
1,14,8,2,7,4,8,0,6.93
1,1,1,112,28,16,1,0,9.81
1,1,28,8,7,1,32,0,10.63
1,28,4,7,1,16,4,0,1.45
1,2,4,7,56,8,2,0,9.9
1,8,2,7,8,4,14,0,9.79
1,49,1,8,4,16,2,0,4.91
1,112,1,2,4,2,28,0,10.35
1,8,2,7,2,56,4,0,9.85
1,2,4,7,4,8,28,0,10.05
1,14,4,28,1,4,8,0,0.59
0,49,2,16,2,2,8,0,19.31
1,8,1,14,7,64,1,0,9.6
1,1,7,56,32,4,1,0,6.01
1,4,14,4,2,7,16,0,6.99
1,2,28,1,56,4,4,0,9.7
1,4,196,2,2,8,2,0,0.46
1,1,8,98,1,16,4,0,3.44
1,56,2,14,8,1,4,0,0.48
1,49,4,8,16,1,2,0,0.41
1,56,1,7,8,8,2,0,11.68
1,392,1,1,1,32,4,0,4.71
1,196,4,1,4,2,8,0,2.34
1,112,1,14,2,2,8,0,0.27
1,1,16,14,2,16,7,0,11.58
0,112,1,14,2,2,8,0,19.71
1,2,7,4,7,16,8,0,9.97
1,7,14,8,2,32,1,0,2.08
1,7,32,1,8,1,28,0,6.8
1,16,7,2,2,112,1,0,10.9
1,2,28,2,112,1,4,0,4.47
1,14,28,4,1,32,1,0,0.47
1,4,4,14,2,8,14,0,10.43
1,8,7,4,7,1,32,0,10.46
1,49,4,1,1,256,1,0,6.11
1,1,4,28,28,1,16,0,9.64
1,7,8,1,4,14,16,0,9.56
1,14,1,4,224,2,2,0,9.97
1,2,49,1,1,256,2,0,6.53
1,2,49,16,32,1,1,0,0.39
1,2,1,784,4,2,4,0,0.44
1,8,28,1,2,112,1,0,9.91
1,1,7,14,16,8,4,0,6.37
1,56,2,1,8,56,1,0,9.57
1,2,1,98,1,4,64,0,6.07
1,14,112,1,8,4,1,0,0.5
1,4,7,7,8,2,16,0,5.87
1,2,28,2,2,14,16,0,9.31
1,112,7,1,32,1,2,0,1.65
1,7,4,2,32,4,7,0,10.0
1,7,1,8,224,2,2,0,10.09
1,16,1,14,2,14,8,0,11.6
1,28,2,1,14,8,8,0,9.99
1,784,1,2,4,8,1,0,0.5
1,1,56,14,2,32,1,0,1.76
1,16,1,7,7,32,2,0,9.84
1,1,112,1,4,8,14,0,9.5
1,7,1,14,128,2,2,0,5.85
1,1,196,2,2,16,4,0,4.72
1,49,2,1,8,64,1,0,6.2
1,49,2,1,16,16,2,0,6.25
1,8,28,1,2,56,2,0,11.44
1,98,1,1,64,1,8,0,6.42
1,8,14,2,28,2,4,0,7.07
1,2,8,7,112,4,1,0,9.67
1,2,56,14,2,1,16,0,0.61
1,2,4,28,1,4,56,0,4.8
1,7,1,32,112,1,2,0,10.45
1,1,112,1,16,2,14,0,9.48
1,1,32,7,1,28,8,0,11.51
1,8,49,4,16,1,2,0,0.32
1,8,1,7,14,1,64,0,10.92
1,1,28,8,2,56,2,0,4.94
1,2,14,4,2,16,14,0,9.78
1,1,8,49,4,32,1,0,5.9
1,1,4,28,1,7,64,0,9.63
1,49,16,1,8,1,8,0,2.55
1,2,14,8,16,2,7,0,8.79
1,49,4,4,16,4,1,0,2.51
1,7,56,2,32,2,1,0,1.9
1,28,7,8,32,1,1,0,1.23
1,14,1,8,28,8,2,0,4.54
1,28,1,7,2,128,1,0,5.89
1,2,1,784,16,2,1,0,0.31
0,112,2,1,14,1,16,0,30.59
1,4,1,49,1,4,64,0,6.3
1,16,1,98,2,4,4,0,0.44
1,2,2,14,56,8,2,0,9.74
0,1,1,56,16,28,2,0,30.46
1,1,16,49,4,8,2,0,2.2
1,7,4,4,8,56,1,0,9.66
1,1,8,14,14,1,32,0,9.22
1,1,98,8,1,4,16,0,2.2
1,28,56,1,2,1,16,0,0.75
1,1,2,112,1,14,16,0,10.89
1,49,1,2,1,16,32,0,6.17
1,1,7,112,32,1,2,0,3.42
1,4,98,4,4,1,8,0,0.46
1,28,1,8,4,14,4,0,10.34
1,7,2,16,4,4,14,0,4.7
1,1,7,14,4,16,8,0,6.01
1,1,14,28,2,4,16,0,4.63
1,7,56,2,4,2,8,0,4.62
1,7,7,16,2,2,16,0,1.88
1,2,1,28,64,7,2,0,10.01
1,28,2,2,8,1,56,0,9.58
1,28,1,28,4,8,2,0,2.57
1,1,14,7,4,16,8,0,6.38
1,7,8,7,1,32,4,0,3.23
1,2,56,7,2,1,32,0,1.65
1,7,2,112,1,2,16,0,0.51
1,2,8,14,7,4,8,0,11.58
1,32,1,7,1,224,1,0,11.53
1,2,784,1,1,1,32,0,0.49
0,7,2,56,8,1,8,0,26.39
1,14,2,7,1,8,32,0,5.87
1,28,7,2,1,2,64,0,6.16
1,2,16,7,7,4,8,0,6.72
1,14,4,14,4,4,4,0,2.16
1,224,7,1,16,1,2,0,0.57
1,98,8,2,1,8,4,0,0.55
1,14,1,16,16,7,2,0,6.75
0,2,16,49,2,16,1,0,19.79
1,28,8,7,4,8,1,0,0.49
1,2,98,8,4,8,1,0,0.44
1,7,7,32,1,32,1,0,0.68
1,1,28,2,64,1,14,0,9.95
1,8,7,2,8,2,28,0,4.46
1,32,7,1,14,16,1,0,4.62
0,14,4,28,1,8,4,0,19.68
1,28,1,14,1,64,2,0,4.8
1,7,4,14,32,1,4,0,4.67
1,28,1,56,2,2,8,0,0.34
1,7,16,1,224,1,2,0,9.84
1,16,2,49,8,2,2,0,0.4
1,1,1,112,1,56,8,0,9.43
1,2,4,7,32,28,1,0,9.99
1,14,1,4,7,32,4,0,9.92
1,4,4,7,7,32,2,0,9.6
1,1,7,112,32,2,1,0,3.26
1,4,14,2,28,1,16,0,9.71
1,2,392,2,16,2,1,0,0.56
1,16,1,49,1,64,1,0,2.37
1,14,7,1,16,2,16,0,6.31
1,4,8,49,1,8,4,0,0.38
1,8,49,2,2,1,32,0,2.28
1,1,14,8,8,7,8,0,9.86
0,7,28,1,1,32,8,0,30.37
1,2,196,4,2,16,1,0,0.41
0,28,7,8,2,4,4,0,18.96
0,2,49,1,1,64,8,0,31.56
1,8,4,7,56,2,2,0,8.88
0,49,8,2,8,2,4,0,25.78
1,49,1,1,2,8,64,0,6.36
1,1,56,2,448,1,1,0,9.16
1,14,2,8,7,32,1,0,7.06
1,2,2,49,32,8,1,0,6.11
1,8,1,7,2,7,64,0,9.98
1,2,56,1,8,2,28,0,9.29
1,2,1,196,8,16,1,0,4.49
1,14,1,4,1,28,32,0,9.92
1,14,2,4,112,1,4,0,9.73
1,1,196,4,2,32,1,0,2.4
0,2,784,1,2,1,16,0,19.8
1,28,1,4,1,224,2,0,9.74
1,2,1,196,1,8,16,0,6.1
1,7,2,56,32,2,1,0,1.9
1,1,98,8,16,4,1,0,1.59
1,4,2,14,14,32,1,0,9.67
1,7,1,14,32,4,4,0,6.37
1,8,1,14,32,2,7,0,9.68
1,1,14,7,4,128,1,0,6.38
1,8,14,2,1,28,8,0,10.49
1,1,14,112,16,2,1,0,0.51
1,1,49,8,2,1,64,0,5.89
1,1,4,14,1,448,2,0,9.79
1,1,4,28,112,1,4,0,9.64
1,14,2,8,7,1,32,0,10.45
1,8,1,98,8,4,2,0,1.9
1,14,7,1,32,1,16,0,5.98
1,98,8,1,4,1,16,0,2.01
1,14,1,4,8,14,8,0,10.13
1,1,28,2,7,2,64,0,9.34
0,14,8,1,64,1,7,0,30.73
1,7,4,8,32,1,7,0,4.96
1,28,1,7,4,1,64,0,6.1
1,7,4,2,16,7,8,0,9.87
1,1,32,7,14,2,8,0,8.62
1,2,49,8,1,1,64,0,2.01
0,7,32,1,1,28,8,0,29.82
1,2,4,7,28,4,8,0,9.83
0,14,1,56,2,8,4,0,25.69
1,16,1,14,1,224,1,0,11.39
1,2,7,14,4,16,4,0,6.06
1,7,56,1,2,1,64,0,3.77
1,1,2,56,1,448,1,0,9.66
1,7,2,8,14,4,8,0,9.69
1,14,4,28,1,32,1,0,0.48
1,8,4,7,4,7,8,0,11.52
1,7,16,1,2,4,56,0,9.7
1,8,2,14,56,4,1,0,10.34
1,1,49,2,4,4,32,0,6.52
0,1,2,196,4,16,2,0,29.09
1,1,16,14,8,14,2,0,10.14
1,28,7,2,1,8,16,0,5.92
1,1,4,98,16,2,4,0,6.13
1,1,4,49,2,32,4,0,5.96
1,2,8,7,1,28,16,0,9.79
0,4,14,4,2,16,7,0,30.76
1,7,4,8,1,16,14,0,10.97
1,4,98,2,2,8,4,0,2.21
1,14,4,2,7,64,1,0,9.6
1,4,2,14,112,2,2,0,9.59
1,14,2,14,128,1,1,0,2.57
1,2,16,49,16,1,2,0,0.45
1,7,32,1,2,16,7,0,6.85
1,7,1,56,4,16,2,0,4.04
1,49,1,32,1,16,2,0,0.49
1,2,2,56,1,112,2,0,6.28
1,1,28,4,64,7,1,0,9.63
1,7,112,2,32,1,1,0,0.64
0,4,7,8,4,1,56,0,30.41
1,2,28,1,128,7,1,0,9.76
1,2,14,2,8,4,28,0,9.78
1,1,4,14,448,2,1,0,9.82
1,14,8,1,4,56,2,0,9.63
1,28,4,2,14,8,2,0,11.42
1,1,16,7,2,7,32,0,9.57
1,1,16,14,2,8,14,0,6.85
1,1,112,2,2,7,16,0,11.25
1,8,1,14,4,56,2,0,9.35
1,224,1,1,28,2,4,0,8.76
1,14,2,8,7,2,16,0,11.5
1,1,7,56,1,8,16,0,6.09
1,16,7,2,7,8,4,0,8.71
1,7,7,4,128,1,2,0,8.0
1,7,7,2,8,64,1,0,6.34
1,1,16,14,2,7,16,0,10.39
0,4,49,4,8,8,1,0,26.78
1,98,4,4,2,4,4,0,0.25
1,2,2,28,8,7,8,0,9.68
0,98,4,4,2,4,4,0,19.78
1,8,14,1,1,14,32,0,14.82
1,2,14,4,16,28,1,0,9.55
1,1,196,1,32,1,8,0,5.95
1,14,1,28,2,2,32,0,6.11
1,1,392,1,32,1,4,0,6.17
1,49,1,16,1,2,32,0,1.77
1,4,1,56,1,112,2,0,4.72
1,28,2,2,2,56,4,0,9.7
1,8,1,98,8,1,8,0,3.83
1,2,8,7,16,28,1,0,9.3
1,1,4,28,32,14,1,0,9.17
1,7,1,8,112,1,8,0,9.81
1,14,16,7,4,4,2,0,0.59
0,49,16,1,1,8,8,0,26.19
1,1,112,1,1,448,1,0,9.42
1,7,56,2,2,1,32,0,1.53
1,14,4,7,4,2,16,0,2.49
1,2,28,4,32,7,1,0,10.36
1,1,224,7,8,1,4,0,0.36
1,14,2,2,1,14,64,0,9.84
1,7,2,4,4,56,4,0,11.04
1,2,7,8,32,1,14,0,9.17
1,112,1,7,64,1,1,0,2.42
1,7,7,16,1,1,64,0,3.57
1,28,28,2,4,2,4,0,0.73
1,56,7,1,4,2,16,0,4.32
1,1,28,2,28,16,2,0,9.86
1,112,2,1,16,7,2,0,10.41
1,2,28,14,4,8,2,0,1.73
1,4,14,1,4,4,56,0,9.97
1,14,1,14,64,4,1,0,6.05
1,1,8,49,1,2,64,0,4.59
1,56,1,4,4,2,28,0,6.97
1,8,28,7,1,32,1,0,0.55
1,1,2,98,8,16,2,0,5.63
1,2,2,14,16,56,1,0,9.95
1,14,8,7,1,2,32,0,1.99
1,8,98,2,8,4,1,0,0.56
1,4,49,1,2,4,32,0,5.89
1,28,1,7,2,8,16,0,6.05
1,4,1,49,128,1,2,0,5.65
1,28,7,2,64,1,2,0,4.25
1,8,7,7,16,4,2,0,4.73
1,2,1,784,2,1,16,0,0.54
1,7,2,16,16,14,1,0,11.66
1,7,8,4,56,4,1,0,6.86
1,4,7,2,32,1,28,0,9.9
1,16,7,1,4,8,14,0,9.66
1,2,56,14,1,8,4,0,0.59
1,28,4,1,4,4,28,0,9.8
1,8,14,1,4,28,4,0,9.61
1,4,1,28,8,2,28,0,9.68
1,1,56,2,14,8,4,0,9.42
1,8,14,1,7,16,4,0,9.48
1,4,98,2,2,1,32,0,2.33
1,2,392,2,2,8,2,0,0.88
1,14,4,7,4,32,1,0,6.24
1,2,1,28,14,64,1,0,9.84
1,14,8,1,64,1,7,0,9.69
1,28,14,1,32,2,2,0,5.65
1,2,7,4,2,112,4,0,9.81
1,7,28,2,4,2,16,0,6.04
1,1,7,16,2,32,7,0,9.45
1,32,49,1,2,16,1,0,0.6
1,1,49,1,8,4,32,0,6.33
1,7,14,16,1,2,16,0,0.8
1,112,7,1,1,32,2,0,2.46
1,7,8,1,14,4,16,0,15.34
1,14,4,7,1,8,16,0,2.45
1,8,2,7,64,7,1,0,9.5
1,7,2,8,448,1,1,0,9.72
1,98,1,2,2,64,2,0,6.04
1,7,14,1,16,16,2,0,6.27
1,28,4,1,14,2,16,0,9.23
1,7,4,2,16,56,1,0,10.03
1,2,7,4,4,56,4,0,9.9
1,2,14,7,1,8,32,0,5.75
1,49,8,2,8,1,8,0,2.82
1,14,8,2,16,2,7,0,8.67
1,14,4,2,7,1,64,0,9.64
1,4,392,1,4,1,8,0,0.28
1,28,7,8,4,8,1,0,0.56
1,7,14,2,16,8,2,0,5.64
1,4,28,7,8,1,8,0,2.41
1,14,1,4,8,16,7,0,10.06
1,112,1,1,4,14,8,0,9.52
1,196,1,2,32,1,4,0,5.93
1,56,28,1,4,2,4,0,0.62
1,7,8,4,16,1,14,0,11.54
1,1,1,98,2,128,2,0,6.47
1,32,1,49,2,4,4,0,0.56
1,4,1,392,16,2,1,0,0.58
1,4,4,7,14,8,4,0,9.72
1,2,7,8,1,14,32,0,9.58
1,4,7,8,4,8,7,0,10.32
1,2,8,7,1,8,56,0,9.71
1,1,8,7,14,8,8,0,9.99
1,16,1,7,32,2,7,0,9.22
1,14,4,2,28,16,1,0,9.66
1,4,1,56,7,16,2,0,8.61
1,392,2,2,16,2,1,0,0.42
1,8,1,14,2,28,8,0,9.26
1,1,2,49,2,256,1,0,6.45
1,14,4,4,32,7,1,0,9.99
1,2,112,1,16,2,7,0,10.44
1,4,14,28,16,1,2,0,0.8
1,28,28,2,2,8,2,0,0.67
1,14,2,2,56,16,1,0,9.81
1,2,16,7,1,7,32,0,8.67
1,2,2,14,28,4,8,0,11.16
1,2,14,8,1,16,14,0,10.42
1,4,14,4,1,16,14,0,10.28
0,28,28,2,4,1,8,0,19.63
1,1,16,7,16,4,7,0,9.52
1,1,28,8,2,112,1,0,11.49
1,2,4,49,2,32,2,0,4.58
1,1,2,98,4,8,8,0,3.19
1,2,7,16,2,7,16,0,10.32
1,4,7,2,2,16,28,0,10.08
1,56,1,7,16,2,4,0,4.67
1,4,14,2,1,448,1,0,9.72
1,7,4,2,28,8,4,0,10.2
1,4,7,4,4,4,28,0,10.89
1,8,7,7,2,8,8,0,6.18
1,28,1,2,4,112,2,0,9.77
1,1,4,28,4,8,14,0,9.61
0,1,7,16,8,4,14,0,29.44
0,1,4,49,32,2,4,0,30.06
1,28,7,1,4,32,2,0,5.9
1,7,14,1,1,512,1,0,6.32
1,1,196,2,2,8,8,0,5.86
1,1,4,56,1,16,14,0,11.64
1,2,1,28,8,56,2,0,10.01
1,8,1,28,56,1,4,0,8.8
0,7,7,1,64,16,1,0,33.98
1,49,2,4,32,4,1,0,6.17
1,2,2,98,16,8,1,0,4.53
1,7,32,1,7,32,1,0,11.62
1,28,14,2,32,1,2,0,1.91
0,1,2,28,1,28,32,0,30.68
1,7,28,1,64,2,2,0,6.04
1,1,392,2,8,2,4,0,1.82
1,16,1,49,1,4,16,0,2.45
0,14,8,7,1,1,64,0,25.89
1,1,2,784,8,4,1,0,0.29
1,8,28,1,8,2,14,0,6.97
0,14,1,4,4,14,16,0,30.59
1,49,2,2,1,32,8,0,5.94
1,1,7,56,2,1,64,0,3.56
1,7,32,1,32,1,7,0,7.18
0,8,49,4,4,4,2,0,20.09
0,4,4,7,4,56,2,0,29.71
1,4,98,2,64,1,1,0,2.09
1,1,2,98,32,4,2,0,6.04
1,14,14,4,4,8,2,0,1.2
1,14,1,7,16,4,8,0,6.44
1,14,8,1,32,1,14,0,9.68
1,14,2,7,64,1,4,0,6.0
1,1,28,7,4,1,64,0,5.95
1,1,49,4,32,2,4,0,6.08
1,49,32,1,2,8,2,0,0.45
1,1,98,4,64,2,1,0,5.8
1,28,2,4,7,1,32,0,11.6
1,4,1,392,4,1,8,0,0.49
1,196,1,1,2,16,8,0,6.05
1,1,1,196,4,8,8,0,2.78
1,56,2,2,7,8,4,0,6.89
1,7,2,28,4,4,8,0,6.02
1,1,49,4,16,2,8,0,6.35
1,2,2,56,56,1,4,0,7.13
0,8,7,14,1,16,4,0,25.62
1,8,14,14,2,16,1,0,0.5
1,8,1,49,8,8,2,0,6.49
1,2,1,56,7,64,1,0,9.69
1,8,2,98,8,2,2,0,0.35
1,7,8,1,4,8,28,0,9.91
1,1,7,28,32,4,2,0,5.92
1,1,1,112,56,1,8,0,9.69
1,1,392,1,8,4,4,0,5.78
1,56,1,4,4,8,7,0,11.5
1,56,7,1,1,4,32,0,4.78
1,7,2,7,16,4,8,0,6.45
1,7,2,7,16,16,2,0,6.43
1,1,14,14,32,2,4,0,6.14
1,2,8,7,56,1,8,0,9.64
1,4,1,98,1,16,8,0,3.53
1,56,2,2,4,14,4,0,10.43
1,2,7,28,8,1,16,0,3.04
1,1,28,4,56,8,1,0,9.71
1,7,32,1,4,1,56,0,3.79
1,1,1,196,8,2,16,0,5.98
1,392,2,1,1,16,4,0,2.16
1,98,8,2,16,2,1,0,0.28
1,4,8,7,112,2,1,0,11.12
1,4,1,14,4,224,1,0,9.79
1,4,2,28,1,112,2,0,10.6
1,392,1,2,4,4,4,0,2.33
1,2,14,2,448,2,1,0,9.91
1,14,1,8,8,4,14,0,9.61
1,4,14,4,2,56,2,0,10.24
1,7,7,8,1,16,8,0,2.6
1,7,8,2,1,8,56,0,9.74
1,1,4,56,56,4,1,0,10.41
1,4,4,14,8,14,2,0,8.58
1,1,224,1,4,8,7,0,8.92
1,8,7,1,8,8,14,0,10.06
1,1,112,1,32,2,7,0,9.67
1,2,2,14,32,14,2,0,9.87
1,7,7,1,2,8,64,0,6.28
1,28,14,2,4,2,8,0,2.5
1,56,2,1,7,32,2,0,9.93
1,1,28,7,1,4,64,0,6.01
1,2,7,8,14,2,16,0,9.57
1,7,7,8,64,1,2,0,6.03
1,16,2,7,112,2,1,0,8.72
1,8,7,1,1,28,32,0,22.2
1,1,4,196,1,4,16,0,2.4
1,2,14,28,4,4,4,0,1.55
1,4,14,1,7,32,4,0,9.9
1,1,196,1,16,8,2,0,5.83
1,7,8,1,16,7,8,0,9.93
1,28,2,2,4,14,8,0,9.65
1,4,2,28,16,1,14,0,10.41
1,1,1,1568,2,16,1,0,0.6
1,16,2,49,8,1,4,0,0.46
1,28,4,14,1,4,8,0,0.57
1,4,4,49,1,8,8,0,3.28
1,1,56,1,32,14,2,0,9.82
1,7,4,2,2,8,56,0,9.9
1,4,1,196,8,8,1,0,2.36
0,56,1,4,2,28,4,0,29.85
1,4,7,8,7,32,1,0,4.95
0,8,1,14,224,1,2,0,29.7
1,112,1,14,4,2,4,0,0.52
0,1,4,56,28,4,2,0,29.79
1,14,14,2,1,16,8,0,4.7
1,1,16,49,2,16,2,0,2.3
0,16,2,7,8,7,4,0,29.96
1,14,2,4,4,56,2,0,9.92
1,56,2,1,4,2,56,0,9.55
1,8,2,7,1,112,4,0,9.84
1,2,28,1,14,1,64,0,10.2
1,112,1,7,16,1,4,0,2.3
1,1,196,1,16,4,4,0,6.21
1,7,16,2,8,2,14,0,8.74
1,28,2,1,896,1,1,0,9.31
1,1,1,49,16,8,8,0,6.26
1,56,2,2,4,4,14,0,10.3
1,196,2,4,2,4,4,0,0.6
1,7,8,28,8,4,1,0,0.68
1,4,7,28,1,4,16,0,1.86
0,1,16,14,14,1,16,0,30.16
0,1,1,56,64,14,1,0,30.17
0,1,4,14,28,1,32,0,30.45
1,7,32,1,56,2,2,0,10.5
1,4,1,49,64,4,1,0,6.08
1,112,1,2,28,1,8,0,8.76
1,49,4,1,8,16,2,0,5.08
1,1,7,8,112,1,8,0,9.95
1,2,4,196,4,8,1,0,2.21
1,14,2,4,4,16,7,0,9.58
1,2,392,2,1,16,2,0,0.63
1,4,49,4,16,1,4,0,2.24
1,7,56,2,8,2,4,0,1.86
1,56,2,2,7,16,2,0,7.1
1,28,4,14,4,8,1,0,0.35
1,2,49,1,1,16,32,0,10.68
1,14,4,1,1,16,56,0,22.33
1,1,196,1,2,16,8,0,5.95
1,8,1,7,1,896,1,0,9.84
1,8,14,1,2,16,14,0,9.63
1,1,8,28,4,8,7,0,4.84
1,14,14,1,32,2,4,0,2.6
1,4,14,14,1,2,32,0,1.53
1,1,224,1,4,28,2,0,8.78
1,8,1,28,28,4,2,0,8.21
1,8,98,1,2,16,2,0,3.69
1,2,56,1,4,4,28,0,9.67
1,1,1,56,64,2,7,0,10.03
1,56,1,4,8,14,2,0,7.06
1,1,49,1,2,8,64,0,6.43
1,8,49,1,32,1,4,0,4.69
1,14,56,2,2,4,4,0,0.39
1,1,14,28,16,1,8,0,2.49
0,98,1,4,2,16,4,0,30.05
1,112,1,1,2,8,28,0,9.61
1,16,49,2,8,2,2,0,0.52
1,49,8,1,1,32,4,0,5.64
1,2,8,7,4,2,56,0,9.82
1,2,1,28,64,1,14,0,10.03
1,16,1,7,28,4,4,0,9.72
1,112,2,1,8,4,7,0,7.25
1,2,8,98,16,1,2,0,0.63
1,1,196,4,16,1,4,0,1.91
1,98,8,2,4,1,8,0,0.64
1,2,7,28,16,1,8,0,4.48
1,2,14,2,28,8,4,0,9.83
1,2,98,1,2,64,2,0,6.06
1,1,49,8,8,16,1,0,3.86
1,7,7,4,16,8,2,0,6.01
0,28,1,7,32,2,4,0,30.05
1,49,1,8,2,8,8,0,4.84
1,16,7,2,56,4,1,0,10.41
1,1,224,1,56,4,1,0,8.81
1,98,8,2,4,4,2,0,0.46
1,56,2,1,1,28,16,0,15.07
1,1,2,49,1,8,64,0,6.6
1,8,14,2,224,1,1,0,11.8
1,8,2,98,2,2,8,0,1.19
1,2,1,28,1,14,64,0,9.98
1,7,8,4,1,224,1,0,4.94
1,56,7,2,4,4,4,0,2.09
0,2,8,98,2,4,4,0,19.12
1,4,28,7,2,2,16,0,2.61
1,4,8,7,2,28,4,0,8.91
1,8,2,7,32,2,7,0,9.9
1,14,2,4,8,14,4,0,6.81
1,98,2,2,4,8,4,0,4.94
1,1,7,8,64,7,2,0,10.3
1,7,2,56,4,1,16,0,2.56
1,7,16,1,2,56,4,0,10.1
1,1,14,112,1,8,4,0,0.49
0,1,4,98,1,128,1,0,30.21
1,1,7,56,16,4,2,0,6.15
1,112,2,1,7,32,1,0,11.54
1,4,49,4,16,2,2,0,2.0
1,56,4,1,28,8,1,0,8.65
1,2,2,56,2,14,8,0,6.84
1,98,4,2,4,16,1,0,2.33
1,8,98,2,1,16,2,0,0.32
1,4,392,1,8,2,2,0,0.31
1,2,1,28,4,28,8,0,9.96
1,14,1,16,2,14,8,0,4.67
0,112,1,2,4,56,1,0,30.66
1,28,2,7,16,1,8,0,5.78
1,98,1,2,4,4,16,0,6.05
0,14,28,1,4,1,32,0,30.18
0,1,49,8,2,32,2,0,29.51
1,7,4,4,28,8,2,0,9.72
1,2,56,14,8,2,2,0,0.46
0,49,4,8,32,1,1,0,19.65
1,2,49,2,2,2,64,0,6.06
1,2,98,2,8,16,1,0,2.39
1,1,4,56,4,14,4,0,8.53
1,28,2,2,16,1,28,0,9.75
1,4,2,196,1,4,8,0,0.53
1,224,1,1,16,1,14,0,8.66
1,49,2,2,32,2,4,0,5.95
0,1,32,7,32,1,7,0,30.65
1,49,16,1,1,16,4,0,3.49
1,7,16,2,2,28,4,0,11.09
1,1,14,8,14,8,4,0,9.62
1,1,224,1,16,7,2,0,4.77
1,7,32,1,4,7,8,0,11.58
1,8,98,2,4,1,8,0,0.46
1,1,8,7,112,1,8,0,9.87
1,2,7,4,128,7,1,0,9.83
1,4,2,98,4,1,16,0,2.18
1,7,7,8,16,1,8,0,4.67
1,49,1,16,8,1,8,0,2.18
1,2,196,4,2,2,8,0,0.28
1,2,2,98,2,2,32,0,3.54
0,7,1,32,4,8,7,0,30.15
1,196,1,2,16,8,1,0,4.77
1,1,7,7,8,16,8,0,6.24
1,8,2,7,14,32,1,0,9.53
1,16,1,98,1,32,1,0,5.06
1,4,14,4,7,32,1,0,10.31
1,2,4,49,4,1,32,0,4.64
1,16,7,14,8,4,1,0,0.42
1,7,4,4,32,2,7,0,4.73
1,4,7,4,8,4,14,0,9.63
1,1,56,2,8,2,28,0,9.32
1,49,1,4,8,32,1,0,5.97
1,4,4,14,56,2,2,0,11.44
1,2,28,1,4,8,28,0,9.95
1,1,16,7,28,8,2,0,9.58
1,224,1,7,1,1,32,0,0.5
1,14,2,14,64,1,2,0,4.73
1,2,14,8,8,7,4,0,11.75
1,1,2,49,1,512,1,0,6.47
1,1,112,7,1,4,16,0,1.78
1,4,8,7,32,7,1,0,6.91
1,7,8,2,4,14,8,0,9.61
1,7,2,8,7,16,4,0,9.67
1,49,16,1,4,1,16,0,1.87
1,1,8,49,1,4,32,0,6.27
1,1,7,8,1,224,4,0,9.87
1,7,1,112,4,1,16,0,1.82
1,8,4,49,1,16,2,0,0.36
1,4,8,7,2,14,8,0,11.64
1,2,2,98,1,128,1,0,3.4
1,7,1,16,16,4,7,0,9.14
1,112,1,2,16,2,7,0,10.38
1,14,4,7,2,2,32,0,4.42
1,7,224,1,32,1,1,0,0.41
1,1,56,4,2,14,8,0,11.57
1,4,14,2,16,2,14,0,9.59
0,16,2,7,1,112,2,0,29.74
1,1,14,8,4,56,2,0,9.72
1,1,14,4,32,28,1,0,9.84
1,49,1,2,2,32,8,0,6.15
1,1,8,28,16,14,1,0,11.5
1,16,14,1,112,2,1,0,10.23
0,4,4,14,14,4,4,0,30.22
1,28,4,1,14,4,8,0,9.65
1,14,4,4,2,8,14,0,11.29
0,2,14,14,8,8,2,0,30.29
1,1,2,56,1,64,7,0,9.29
0,7,32,1,28,8,1,0,30.36
1,14,16,7,32,1,1,0,0.4
1,1,98,1,128,4,1,0,6.18
1,56,2,1,4,56,2,0,9.74
1,56,2,7,4,8,2,0,2.22
1,16,1,49,8,1,8,0,2.08
1,1,2,28,4,14,16,0,10.16
1,32,49,1,4,2,4,0,0.35
1,2,1,392,2,16,2,0,2.21
0,7,1,224,8,1,4,0,19.49
1,1,1,112,1,112,4,0,9.58
1,2,4,14,4,28,4,0,9.66
1,7,28,4,4,8,2,0,1.91
1,4,49,4,1,1,64,0,2.25
1,4,7,2,32,2,14,0,9.86
1,1,196,4,2,4,8,0,2.25
1,8,7,1,28,4,8,0,9.88
1,1,1,98,1,64,8,0,6.41
1,14,1,4,1,64,14,0,9.73
1,2,4,98,16,4,1,0,1.58
1,8,28,1,32,7,1,0,6.76
1,14,56,2,4,2,4,0,0.53
1,56,1,1,1,28,32,0,9.78
1,16,7,2,1,224,1,0,8.67
1,4,1,28,32,1,14,0,9.51
1,1,196,2,1,128,1,0,5.95
1,14,56,2,4,8,1,0,0.55
1,1,224,7,1,2,16,0,0.59
1,1,4,98,4,16,2,0,4.69
1,4,7,2,2,56,8,0,9.9
1,4,2,28,32,1,7,0,8.54
1,112,1,2,28,8,1,0,6.94
1,7,8,7,128,1,1,0,3.04
1,16,2,7,4,14,4,0,11.48
1,4,7,2,2,448,1,0,9.96
1,2,8,49,8,1,8,0,3.9
1,1,28,4,64,1,7,0,10.82
1,8,1,14,32,1,14,0,9.63
1,1,7,112,4,2,8,0,1.88
1,4,14,7,32,1,4,0,3.3
1,28,4,14,8,4,1,0,0.81
1,7,4,8,14,16,1,0,10.89
1,28,1,7,2,32,4,0,6.07
1,14,7,4,4,4,8,0,3.25
1,1,1,98,8,16,4,0,5.83
1,49,1,8,64,1,2,0,4.97
1,7,1,28,64,1,4,0,5.88
1,4,28,1,16,4,7,0,9.62
1,1,4,28,112,2,2,0,4.16
1,56,1,4,8,1,28,0,8.62
1,16,1,7,28,16,1,0,9.76
0,14,1,8,7,2,32,0,29.74
1,4,98,1,2,8,8,0,2.38
1,8,7,4,1,14,16,0,6.91
1,1,7,8,128,7,1,0,9.51
1,14,7,4,4,1,32,0,2.44
1,4,4,14,16,7,2,0,10.97
1,28,1,4,2,7,32,0,9.66
1,28,28,1,4,16,1,0,2.42
1,2,7,7,2,4,64,0,6.44
1,112,1,1,64,1,7,0,9.23
1,1,14,8,1,112,4,0,9.65
1,7,4,2,448,1,2,0,7.52
1,2,4,28,8,28,1,0,7.04
1,56,7,2,1,16,4,0,1.43
1,112,1,2,16,1,14,0,6.96
1,2,8,7,2,32,7,0,9.68
1,7,4,8,1,7,32,0,10.39
1,7,8,14,4,16,1,0,2.28
0,196,1,1,4,2,32,0,30.05
1,1,7,8,2,64,7,0,9.78
1,7,1,8,8,28,4,0,9.84
1,7,56,4,8,4,1,0,0.48
1,2,28,14,4,16,1,0,2.54
1,8,28,1,4,56,1,0,11.49
1,32,49,1,16,1,2,0,0.67
0,7,7,1,2,128,4,0,34.37
1,2,2,49,32,2,4,0,5.97
1,14,2,4,112,2,2,0,9.62
0,14,1,14,8,4,8,0,30.31
1,2,392,1,8,8,1,0,1.88
1,49,8,1,2,64,1,0,6.18
1,2,1,28,112,4,2,0,9.82
1,2,4,14,2,16,14,0,9.55
1,2,2,98,2,4,16,0,4.79
0,1,14,28,2,4,16,0,29.25
1,1,49,16,8,8,1,0,2.36
1,1,2,28,14,4,16,0,9.85
1,7,4,4,2,28,8,0,9.5
1,1,14,4,32,4,7,0,10.04
1,1,112,2,14,2,8,0,6.83
1,2,28,1,7,128,1,0,9.87
1,112,2,1,1,32,7,0,10.34
0,1,1,56,2,28,16,0,30.52
0,49,8,2,16,1,4,0,26.01
1,2,7,4,2,8,56,0,10.01
1,4,56,1,1,32,7,0,8.64
1,4,1,28,64,1,7,0,9.37
1,4,98,2,2,16,2,0,1.83
1,98,16,1,2,1,16,0,0.43
1,4,1,196,1,16,4,0,2.21
1,1,14,14,128,1,2,0,6.08
1,7,2,16,8,2,14,0,11.49
1,1,98,4,2,1,64,0,4.84
1,56,1,1,56,16,1,0,9.82
1,4,14,28,1,1,32,0,0.55
1,28,7,4,2,8,4,0,3.6
0,2,16,7,112,1,2,0,30.29
1,1,8,7,28,8,4,0,9.86
1,14,4,1,16,8,7,0,9.64
1,1,8,14,8,14,4,0,9.59
1,196,1,4,32,1,2,0,1.75
1,2,49,1,1,128,4,0,9.58
1,7,7,4,1,8,32,0,6.0
1,14,1,7,256,1,2,0,6.28
1,56,2,2,2,16,7,0,8.71
1,8,49,2,4,8,2,0,2.26
0,4,1,14,56,2,8,0,30.27
0,2,28,4,28,2,4,0,29.7
0,2,7,14,32,2,4,0,30.26
1,1,7,8,1,448,2,0,10.06
1,7,28,2,16,1,8,0,3.68
0,392,1,2,1,1,64,0,25.88
1,7,16,1,1,16,28,0,14.63
1,56,1,28,1,16,2,0,0.81
1,1,14,16,4,4,14,0,11.36
1,112,1,1,16,4,7,0,9.67
1,2,2,14,448,1,2,0,10.05
1,8,1,98,1,32,2,0,1.71
1,28,2,7,32,2,2,0,4.62
1,32,7,1,32,7,1,0,10.83
1,2,98,1,16,1,16,0,5.97
1,8,14,1,2,112,2,0,9.72
1,28,4,1,2,112,2,0,9.41
1,2,1,28,7,128,1,0,9.99
1,4,2,14,16,1,28,0,9.65
1,196,8,1,4,1,8,0,0.45
0,7,1,56,8,2,8,0,29.44
1,8,4,7,1,56,4,0,8.92
1,56,7,2,1,1,64,0,2.52
1,392,1,1,8,2,8,0,5.09
1,8,196,1,1,16,2,0,0.94
0,16,2,49,1,2,16,0,19.41
1,1,49,1,2,128,4,0,6.32
1,2,392,1,1,1,64,0,1.69
1,56,4,1,32,7,1,0,6.94
1,7,1,16,1,64,7,0,9.56
1,4,56,1,16,2,7,0,8.69
1,7,1,7,128,1,8,0,9.83
1,16,2,49,1,8,4,0,4.1
1,49,1,16,4,8,2,0,2.3
1,1,8,7,64,1,14,0,9.92
1,7,56,1,1,8,16,0,4.97
1,49,32,1,1,8,4,0,6.36
1,1,28,14,64,2,1,0,4.61
1,98,2,8,8,2,2,0,0.5
1,7,2,4,4,16,14,0,9.79
1,1,2,28,112,1,8,0,9.92
1,1,49,16,2,1,32,0,2.34
1,28,1,56,1,2,16,0,0.55
1,7,8,14,1,4,16,0,1.96
1,1,1,49,16,16,4,0,6.39
1,392,4,1,1,8,4,0,6.48
1,2,14,2,7,2,64,0,9.93
1,2,7,7,16,16,2,0,6.44
1,7,112,2,1,4,8,0,0.62
1,14,7,2,1,4,64,0,5.69
1,14,2,2,8,16,7,0,9.73
1,8,14,1,1,8,56,0,12.74
1,1,2,28,2,32,14,0,9.74
1,4,7,4,14,32,1,0,9.21
1,28,2,28,8,2,2,0,0.51
1,14,8,7,4,16,1,0,2.27
1,1,14,14,4,1,64,0,5.92
1,28,4,1,1,224,2,0,11.39
1,7,8,1,7,64,2,0,10.06
1,56,28,1,1,16,2,0,1.46
1,4,2,49,4,4,8,0,5.89
1,1,56,4,4,8,7,0,8.74
1,4,49,1,256,1,1,0,6.03
1,1,196,8,1,32,1,0,0.44
1,2,28,4,1,4,56,0,8.82
1,14,2,14,4,1,32,0,6.02
0,56,7,1,8,4,4,0,28.86
1,1,14,7,256,2,1,0,5.98
1,1,4,49,1,8,32,0,6.11
1,2,14,56,2,16,1,0,0.53
1,2,1,112,4,8,7,0,8.64
0,1,49,8,2,64,1,0,29.64
1,7,2,28,4,8,4,0,5.45
1,16,98,1,32,1,1,0,0.68
1,1,49,8,4,16,2,0,4.7
1,7,1,14,4,32,4,0,6.36
1,28,2,1,4,14,16,0,9.77
1,1,196,1,4,8,8,0,5.74
1,2,28,1,1,64,14,0,22.24
1,4,1,56,2,4,28,0,4.84
1,2,2,14,64,14,1,0,7.2
1,8,2,14,28,8,1,0,11.65
1,14,1,56,8,4,2,0,2.31
1,32,7,1,28,1,8,0,7.09
1,1,4,14,7,4,32,0,9.72
1,1,2,49,2,16,16,0,6.38
1,1,8,28,8,1,28,0,8.78
1,28,4,14,4,1,8,0,0.42
1,7,2,8,8,7,8,0,9.57
1,14,7,1,128,1,4,0,6.12
1,7,16,1,8,2,28,0,9.62
0,14,14,8,1,16,2,0,19.3
0,56,1,7,4,8,4,0,29.9
0,112,1,14,8,1,4,0,20.4
1,7,16,2,7,8,4,0,10.38
1,1,56,4,1,7,32,0,11.52
1,1,49,8,16,4,2,0,4.71
1,1,56,1,4,4,56,0,9.8
1,1,14,16,1,7,32,0,11.12
1,392,2,1,1,32,2,0,1.95
1,4,1,14,896,1,1,0,9.91
1,1,28,2,8,14,8,0,9.64
1,1,32,7,8,14,2,0,7.08
1,2,1,98,8,1,32,0,1.86
1,8,1,28,112,2,1,0,4.07
0,4,14,7,8,16,1,0,30.23
1,8,2,14,56,1,4,0,11.5
1,7,112,2,16,2,1,0,0.49
1,4,98,4,2,2,8,0,0.69
1,112,2,1,28,4,2,0,6.89
1,7,4,4,64,1,7,0,9.77
1,4,2,14,7,64,1,0,9.6
1,98,2,2,1,32,4,0,5.87
1,1,8,98,32,2,1,0,2.09
1,392,1,2,2,16,2,0,2.27
1,7,2,4,2,448,1,0,10.08
1,2,4,7,224,2,2,0,9.89
1,1,4,14,32,2,14,0,9.83
1,2,2,56,1,32,7,0,11.48
0,2,28,4,16,1,14,0,30.61
1,4,1,98,1,4,32,0,2.61
1,7,1,16,112,1,4,0,9.31
1,1,7,112,1,2,32,0,1.83
1,2,28,4,4,2,28,0,8.7
1,4,49,1,64,1,4,0,6.07
0,7,1,16,1,64,7,0,29.65
1,7,7,2,1,64,8,0,6.65
0,112,1,14,16,1,2,0,20.2
1,14,2,14,4,2,16,0,6.0
1,1,28,4,8,1,56,0,9.66
1,8,7,1,4,56,4,0,9.89
1,7,32,1,4,14,4,0,11.23
1,16,1,7,1,64,7,0,9.82
0,1,28,7,8,8,4,0,29.65
1,7,2,56,2,1,32,0,2.03
1,16,1,7,16,7,4,0,9.36
1,14,4,1,32,14,2,0,9.88
1,7,14,1,32,1,16,0,6.49
1,7,4,8,28,2,4,0,6.8
0,7,1,16,14,1,32,0,30.41
1,2,28,1,448,2,1,0,9.82
1,1,98,2,16,1,16,0,5.71
1,1,98,2,8,1,32,0,5.96
1,1,1,196,1,256,1,0,6.04
1,49,1,1,32,1,32,0,6.6
0,1,8,14,1,14,32,0,30.7
0,112,2,7,1,4,8,0,20.18
1,1,14,8,2,4,56,0,9.53
1,49,2,2,4,8,8,0,2.53
1,7,1,112,4,2,8,0,2.53
1,1,7,16,1,224,2,0,9.6
1,392,1,4,8,4,1,0,0.44
1,98,2,4,4,16,1,0,2.3
1,1,1,224,7,2,16,0,10.34
1,8,98,1,2,2,16,0,3.16
1,4,8,7,16,7,2,0,6.84
1,98,8,1,1,32,2,0,2.44
1,7,28,2,1,16,8,0,6.01
1,7,2,16,28,1,8,0,8.57
0,1,16,49,64,1,1,0,25.43
1,1,7,32,2,56,2,0,6.93
1,7,16,1,1,28,16,0,5.76
1,1,16,7,8,1,56,0,9.63
1,1,56,1,2,32,14,0,9.82
1,1,14,14,1,16,16,0,5.88
1,2,28,2,1,224,2,0,9.66
1,196,2,2,16,2,2,0,2.61
1,8,7,7,1,128,1,0,6.09
1,49,4,2,2,8,8,0,2.55
1,32,7,7,8,4,1,0,0.52
0,1,28,8,1,56,4,0,30.15
1,1,14,28,8,16,1,0,6.66
0,2,2,14,16,4,14,0,30.38
1,4,49,2,1,32,4,0,6.2
1,2,4,28,2,4,28,0,11.56
1,2,2,56,14,8,2,0,11.59
1,2,14,4,7,16,4,0,9.62
1,14,2,4,2,224,1,0,9.69
1,4,7,8,32,1,7,0,11.57
1,1,49,16,4,8,2,0,2.81
1,8,14,2,2,7,16,0,10.46
0,14,2,14,1,16,8,0,29.03
1,2,1,49,128,2,2,0,6.01
1,14,1,56,8,2,4,0,1.99
1,8,14,1,8,14,4,0,9.58
1,8,7,1,8,2,56,0,9.9
0,8,7,4,4,56,1,0,29.87
1,16,7,1,4,7,16,0,9.68
0,112,2,1,7,1,32,0,30.56
0,1,2,784,8,4,1,0,19.35
1,4,1,28,1,7,64,0,9.67
1,2,1,112,1,28,8,0,8.92
1,8,7,1,32,7,4,0,10.01
1,1,28,56,8,4,1,0,0.64
0,98,4,1,4,16,2,0,29.61
1,1,7,32,4,1,56,0,8.77
1,1,2,392,2,16,2,0,3.06
1,784,1,2,4,1,8,0,0.54
0,1,112,2,56,2,2,0,29.4
0,2,1,49,32,2,8,0,31.01
1,14,2,2,2,28,16,0,9.81
1,7,8,14,1,16,4,0,1.7
0,4,98,2,64,1,1,0,26.0
0,7,2,112,4,1,8,0,19.35
1,49,1,1,8,8,16,0,6.15
1,1,32,7,2,8,14,0,6.93
1,14,1,8,32,2,7,0,9.58
1,7,224,1,4,8,1,0,0.45
1,14,1,16,16,1,14,0,8.67
1,98,16,1,16,1,2,0,0.33
1,2,196,1,16,2,4,0,4.91
1,7,2,28,1,8,16,0,2.4
0,1,56,2,8,2,28,0,28.67
1,14,1,7,8,64,1,0,6.32
1,7,14,4,4,32,1,0,3.39
1,7,7,1,128,8,1,0,6.14
1,1,392,4,2,1,16,0,0.44
1,4,7,4,8,8,7,0,9.67
1,1,4,196,32,2,1,0,1.81
0,14,8,2,4,8,7,0,29.81
1,8,2,7,56,2,4,0,9.62
1,2,49,1,64,8,1,0,7.44
1,7,2,16,1,14,16,0,6.82
1,2,14,4,2,32,7,0,9.54
1,14,8,7,8,2,4,0,1.94
1,49,8,4,1,16,2,0,0.47
1,4,28,2,14,1,16,0,6.95
1,7,2,4,32,7,4,0,10.05
1,392,1,2,8,2,4,0,1.98
1,2,2,14,7,4,32,0,9.69
0,4,14,4,1,16,14,0,29.94
1,2,392,2,16,1,2,0,0.39
1,7,7,8,8,1,16,0,3.39
1,14,2,4,4,7,16,0,9.75
1,2,112,7,16,1,2,0,0.39
1,2,14,8,2,28,4,0,11.63
0,32,49,1,4,8,1,0,19.6
0,4,7,14,8,2,8,0,29.47
1,2,16,7,14,16,1,0,8.72
1,28,8,7,1,2,16,0,0.5
1,1,8,196,8,2,2,0,0.79
1,7,28,8,4,4,2,0,0.41
1,1,49,4,1,8,32,0,6.02
1,7,4,14,8,16,1,0,4.74
1,8,4,7,112,2,1,0,8.87
1,7,8,2,28,8,2,0,9.72
1,2,2,14,8,8,14,0,9.72
1,2,98,1,8,16,2,0,6.03
1,4,2,98,1,2,32,0,1.69
1,56,1,2,4,28,4,0,9.73
1,2,112,1,7,1,32,0,10.31
1,1,224,1,224,1,1,0,11.56
1,28,2,1,28,16,2,0,9.82
1,7,7,32,8,2,2,0,0.5
1,7,7,1,256,4,1,0,6.46
1,4,14,4,1,4,56,0,11.63
1,14,8,1,8,4,14,0,9.68
1,196,8,1,1,8,4,0,6.74
1,32,1,49,2,16,1,0,0.48
1,28,2,28,2,16,1,0,0.59
1,2,28,7,32,2,2,0,4.81
1,196,2,4,1,16,2,0,1.16
1,4,4,49,8,1,8,0,5.15
1,1,14,7,16,8,4,0,6.42
1,7,1,28,4,8,8,0,5.93
1,28,2,1,32,7,4,0,15.31
1,1,196,4,8,8,1,0,1.82
1,7,32,1,16,14,1,0,4.66
1,1,392,2,1,2,32,0,2.02
1,1,28,4,8,4,14,0,9.55
1,49,1,16,2,32,1,0,1.66
1,1,1,56,448,1,2,0,9.65
1,14,1,7,4,4,32,0,6.39
1,7,16,14,2,8,2,0,0.47
1,4,2,28,7,1,32,0,8.7
1,1,14,16,16,14,1,0,8.51
1,8,7,28,1,32,1,0,0.5
1,1,98,1,8,16,4,0,6.43
1,14,1,28,2,64,1,0,3.41
1,1,4,49,2,16,8,0,3.15
1,7,8,2,1,14,32,0,9.64
1,4,1,28,112,1,4,0,9.62
1,4,4,98,16,1,2,0,0.48
1,2,8,7,7,32,2,0,9.51
1,1,2,98,8,32,1,0,6.0
1,7,1,7,8,8,16,0,6.47
1,2,4,28,16,14,1,0,10.33
1,2,49,2,1,32,8,0,6.15
1,98,1,8,1,2,32,0,2.44
1,2,14,8,4,1,56,0,2.37
1,56,1,4,1,224,1,0,10.42
1,8,7,1,28,1,32,0,9.9
1,49,4,2,8,2,8,0,6.32
1,14,2,8,16,7,2,0,8.04
1,784,2,1,1,16,2,0,0.37
1,49,2,2,64,2,2,0,6.21
1,1,2,98,8,4,8,0,6.01
1,28,4,2,1,8,28,0,10.93
1,2,98,2,8,1,16,0,6.07
1,1,1,112,1,64,7,0,9.67
1,7,1,32,2,4,28,0,8.8
1,56,2,1,4,4,28,0,9.55
1,32,7,1,1,32,7,0,9.37
1,2,2,28,2,7,32,0,9.53
1,2,1,56,28,2,8,0,9.64
1,7,4,2,1,128,7,0,9.79
1,2,1,56,28,4,4,0,9.6
1,4,2,7,1,64,14,0,9.82
1,1,2,49,128,1,4,0,6.29
1,1,224,7,4,2,4,0,0.47
1,2,14,4,14,32,1,0,9.59
1,1,56,4,8,28,1,0,8.85
1,2,4,7,4,32,7,0,9.94
1,49,1,4,16,2,8,0,6.03
1,4,98,2,4,16,1,0,2.36
1,14,4,7,32,2,2,0,5.97
1,28,4,1,1,448,1,0,9.3
1,2,28,4,28,8,1,0,6.92
1,2,49,1,2,128,2,0,6.06
1,4,4,14,7,32,1,0,3.63
1,7,14,1,16,4,8,0,6.36
1,14,28,1,4,32,1,0,4.69
1,1,2,98,2,2,64,0,6.0
1,4,1,196,16,4,1,0,2.76
1,4,1,49,128,2,1,0,6.0
1,2,56,7,16,4,1,0,2.45
1,1,56,14,4,8,2,0,2.12
1,2,1,56,16,14,2,0,9.61
1,1,16,14,2,56,2,0,11.36
1,4,2,7,2,64,7,0,9.84
1,4,2,49,8,16,1,0,3.47
1,1,392,2,1,4,16,0,2.11
1,7,32,1,4,8,7,0,11.57
1,56,2,2,8,14,2,0,11.3
1,1,112,1,112,1,4,0,9.56
1,2,28,2,16,28,1,0,9.5
1,1,2,112,1,4,56,0,4.5
1,49,2,1,8,16,4,0,6.35
1,2,4,7,8,14,8,0,11.0
1,56,28,1,8,2,2,0,0.51
1,16,49,1,1,1,64,0,2.2
1,16,49,1,1,64,1,0,2.39
1,4,56,7,2,2,8,0,0.37
1,2,8,49,8,2,4,0,1.93
1,2,1,196,1,4,32,0,5.98
1,16,7,14,2,8,2,0,0.68
1,1,2,112,1,56,4,0,8.63
1,2,28,1,2,16,28,0,9.93
1,1,1,56,4,7,32,0,9.94
1,1,784,2,1,4,8,0,0.76
1,2,7,7,128,1,4,0,6.36
1,1,28,2,28,32,1,0,10.01
1,1,8,14,28,4,4,0,9.8
1,1,98,1,512,1,1,0,6.36
1,4,28,1,224,1,2,0,10.56
1,112,2,7,1,2,16,0,0.54
0,8,7,1,4,32,7,0,29.93
0,49,1,4,1,128,2,0,29.3
0,1,4,14,2,112,4,0,29.88
1,2,7,8,2,16,14,0,9.49
1,16,2,7,1,56,4,0,10.24
1,28,2,1,1,28,32,0,22.26
1,2,28,4,112,1,2,0,11.57
1,4,28,1,16,7,4,0,9.7
1,7,1,16,64,7,1,0,9.79
1,32,1,49,32,1,1,0,0.53
1,7,1,14,8,8,8,0,6.3
1,1,7,56,64,1,2,0,6.07
1,2,56,1,8,4,14,0,9.59
1,1,98,2,4,16,4,0,5.84
1,7,4,2,2,224,2,0,9.64
1,7,224,1,2,16,1,0,0.48
1,4,196,1,32,2,1,0,2.35
0,16,7,7,4,16,1,0,26.2
1,56,1,2,8,2,28,0,9.72
1,2,14,8,56,1,4,0,11.34
1,7,2,14,2,8,16,0,6.0
1,2,7,112,1,16,2,0,0.38
1,224,1,7,4,1,8,0,0.66
1,1,8,7,224,4,1,0,10.13
1,4,7,2,2,224,2,0,10.09
1,1,112,1,4,2,56,0,10.07
0,1,1,224,28,4,2,0,30.51
0,1,784,2,2,4,4,0,18.73
1,7,4,14,1,16,8,0,6.42
1,1,4,14,8,56,2,0,10.15
1,14,2,14,64,2,1,0,4.18
1,16,1,7,56,4,2,0,9.85
1,1,4,196,2,1,32,0,2.02
1,2,8,14,28,1,8,0,8.8
1,56,1,2,56,8,1,0,9.63
1,1,4,392,2,2,8,0,0.57
1,1,16,7,8,8,7,0,9.7
1,28,1,4,2,224,1,0,9.68
1,112,2,1,4,2,28,0,6.95
1,14,4,1,1,28,32,0,22.16
1,7,7,2,8,2,32,0,6.28
1,1,784,1,1,8,8,0,1.8
1,1,784,2,32,1,1,0,0.46
1,14,7,1,128,2,2,0,6.43
1,7,28,1,2,128,1,0,2.8
1,8,7,7,1,8,16,0,6.01
1,8,1,14,16,7,4,0,9.26
1,2,14,8,28,1,8,0,11.48
1,1,1,56,32,4,7,0,10.08
1,4,1,196,4,2,8,0,2.09
1,28,4,2,14,1,16,0,6.95
1,56,2,7,2,8,4,0,1.73
1,14,1,8,16,4,7,0,9.64
1,4,2,14,4,56,2,0,9.17
1,2,16,49,2,2,8,0,0.41
1,49,1,8,1,16,8,0,5.93
1,4,49,8,2,8,2,0,0.63
1,2,7,28,4,4,8,0,4.74
1,1,196,1,4,16,4,0,6.23
1,1,14,8,64,7,1,0,9.79
1,2,7,14,16,4,4,0,5.63
1,16,14,1,8,2,14,0,8.76
1,14,112,1,1,8,4,0,6.73
1,4,2,49,8,8,2,0,2.4
1,1,8,7,64,7,2,0,9.86
1,4,14,1,16,2,28,0,9.84
1,4,7,4,8,28,2,0,9.42
1,14,7,8,2,16,2,0,2.46
1,1,28,4,4,16,7,0,9.7
1,7,1,16,8,1,56,0,9.7
1,4,14,1,32,28,1,0,9.68
1,2,4,49,2,2,32,0,6.08
1,1,14,112,4,2,4,0,0.69
1,56,4,7,1,1,32,0,0.46
1,1,16,7,2,56,4,0,9.22
1,2,4,14,16,14,2,0,9.64
0,4,8,7,7,8,4,0,30.23
1,196,2,2,2,16,2,0,2.13
1,28,8,7,2,8,2,0,0.77
1,8,1,28,28,1,8,0,6.88
1,1,2,392,8,4,2,0,1.62
1,2,8,14,4,28,2,0,11.56
1,2,7,4,4,28,8,0,9.55
1,4,98,2,8,4,2,0,2.07
1,4,14,1,448,1,2,0,9.47
1,14,56,1,2,1,32,0,1.87
1,1,56,7,2,8,8,0,4.94
1,28,7,8,1,1,32,0,0.38
1,2,28,4,14,8,2,0,10.45
1,14,1,8,4,14,8,0,9.24
1,49,1,16,16,4,1,0,3.54
1,392,1,2,1,16,4,0,2.13
1,16,1,14,32,7,1,0,4.2
1,7,4,8,7,2,16,0,10.54
1,4,4,14,8,7,4,0,10.39
1,1,7,28,8,1,32,0,5.93
1,2,8,14,2,56,2,0,10.25
1,2,7,56,16,2,2,0,1.7
1,1,1,49,32,4,8,0,6.53
1,8,7,2,7,1,64,0,9.63
1,49,8,1,16,2,4,0,6.14
1,1,49,32,4,1,8,0,0.41
1,7,1,112,8,4,2,0,2.62
0,1,49,2,1,256,2,0,31.88
1,28,7,2,4,16,2,0,4.57
1,14,2,4,8,1,56,0,9.82
1,4,28,1,1,224,2,0,11.14
1,8,2,7,64,1,7,0,9.78
1,28,14,2,16,1,4,0,5.31
1,4,2,14,28,16,1,0,9.04
1,7,8,4,1,7,32,0,8.83
1,8,7,4,7,4,8,0,8.7
1,16,98,1,4,2,4,0,0.44
0,16,49,1,2,32,1,0,26.64
1,7,4,28,8,2,4,0,1.89
1,7,8,7,1,64,2,0,6.16
1,14,1,28,32,1,4,0,3.51
1,1,1,112,14,2,16,0,9.91
0,2,1,28,1,128,7,0,29.81
1,1,8,196,1,4,8,0,0.43
0,1,2,28,16,56,1,0,30.43
1,2,7,8,16,1,28,0,9.71
1,1,112,2,4,4,14,0,10.27
1,2,28,2,8,2,28,0,9.75
1,1,49,8,2,32,2,0,6.18
1,7,4,2,1,16,56,0,9.99
0,49,1,16,2,32,1,0,25.81
1,14,8,7,1,64,1,0,2.04
1,7,28,2,16,8,1,0,2.48
1,7,1,8,28,8,4,0,9.95
0,2,4,14,64,1,7,0,29.81
1,2,4,14,2,28,8,0,9.59
1,392,2,1,16,4,1,0,2.18
1,2,14,4,2,8,28,0,9.84
1,7,2,16,7,8,4,0,4.87
1,2,14,14,8,8,2,0,6.17
1,7,2,56,16,2,2,0,2.13
0,4,1,28,4,16,7,0,28.97
1,28,2,7,128,1,1,0,4.83
1,2,1,196,1,128,1,0,3.54
1,392,2,2,4,2,4,0,0.54
1,4,1,98,64,2,1,0,5.99
1,7,28,2,2,4,16,0,3.93
1,1,7,16,16,14,2,0,9.29
1,98,2,8,16,1,2,0,0.58
0,1,14,7,1,32,16,0,31.62
1,32,1,7,2,16,7,0,10.55
1,7,28,8,16,2,1,0,0.46
1,14,14,8,32,1,1,0,0.66
1,7,28,8,4,2,4,0,0.45
1,7,2,112,1,16,2,0,0.61
1,28,1,7,16,1,16,0,2.84
0,14,4,1,56,8,2,0,29.88
1,8,2,7,2,4,56,0,9.68
1,2,49,16,8,2,2,0,0.3
1,392,1,1,128,1,1,0,3.55
1,14,2,7,32,4,2,0,5.74
1,4,56,7,1,32,1,0,0.52
1,1,16,7,224,1,2,0,9.6
1,4,1,28,1,16,28,0,9.68
1,4,1,28,1,112,4,0,9.67
1,4,4,14,16,2,7,0,8.76
1,1,7,224,2,1,16,0,0.63
1,2,7,4,1,16,56,0,9.94
1,1,16,14,8,28,1,0,3.36
1,14,4,7,4,4,8,0,6.21
1,1,1,112,16,4,7,0,9.6
1,98,8,2,8,4,1,0,0.24
1,224,1,1,4,7,8,0,2.82
1,16,1,49,4,16,1,0,2.39
1,1,28,14,4,32,1,0,3.55
1,1,8,28,4,1,56,0,11.47
1,14,8,2,8,4,7,0,11.62
0,98,8,2,8,4,1,0,19.46
1,16,7,1,14,16,2,0,10.95
1,112,1,14,8,4,1,0,0.63
1,1,49,32,1,4,8,0,0.65
1,7,2,28,4,32,1,0,6.28
1,14,14,1,4,8,8,0,6.17
1,112,7,1,4,1,16,0,3.51
1,1,7,32,1,224,1,0,11.58
1,2,2,14,8,14,8,0,9.89
1,7,1,224,8,4,1,0,0.56
1,2,14,2,56,16,1,0,7.54
1,1,1,224,1,16,14,0,8.73
1,112,1,7,4,8,2,0,2.46
1,4,1,28,1,448,1,0,9.79
1,4,2,28,56,2,2,0,10.66
1,2,14,2,896,1,1,0,10.04
1,1,8,196,1,8,4,0,0.42
1,392,1,4,8,2,2,0,0.79
1,16,1,7,4,28,4,0,9.66
1,7,14,2,16,4,4,0,5.98
1,4,98,1,16,4,2,0,5.87
1,2,56,2,8,4,7,0,6.85
1,1,28,8,4,4,14,0,8.81
1,28,2,14,32,1,2,0,1.84
1,2,7,14,16,1,16,0,6.06
1,7,8,1,1,56,16,0,6.77
1,16,14,7,8,2,2,0,0.4
1,1,28,4,7,2,32,0,10.03
1,112,2,1,2,2,56,0,11.33
1,14,2,7,8,16,2,0,6.03
1,4,49,2,16,1,8,0,4.7
0,1,32,49,4,2,4,0,19.2
1,1,392,2,32,1,2,0,2.02
1,7,7,32,16,1,2,0,0.53
1,16,2,7,1,32,7,0,11.41
1,224,1,1,56,2,2,0,11.43
1,28,4,7,2,8,4,0,2.12
1,1,1,56,2,56,8,0,9.91
1,49,1,4,8,1,32,0,6.05
1,16,1,14,8,1,28,0,6.99
1,28,28,1,1,16,4,0,3.62
1,2,98,1,2,4,32,0,6.06
1,196,1,2,16,1,8,0,4.89
1,14,1,14,8,4,8,0,6.05
1,98,2,1,8,4,8,0,5.95
1,4,8,49,16,2,1,0,0.47
1,14,1,4,8,8,14,0,9.91
